cruise,i,lat,lon
PISTON-ONR-NOAA_RVSallyRide_2019,0,17.7231,127.1390
PISTON-ONR-NOAA_RVSallyRide_2019,1,17.7128,127.1379
PISTON-ONR-NOAA_RVSallyRide_2019,2,17.7057,127.1380
PISTON-ONR-NOAA_RVSallyRide_2019,3,17.6942,127.1378
PISTON-ONR-NOAA_RVSallyRide_2019,4,17.6447,127.0741
PISTON-ONR-NOAA_RVSallyRide_2019,5,17.5574,126.9175
PISTON-ONR-NOAA_RVSallyRide_2019,6,17.4755,126.7569
PISTON-ONR-NOAA_RVSallyRide_2019,7,17.3881,126.6006
PISTON-ONR-NOAA_RVSallyRide_2019,8,17.2893,126.4488
PISTON-ONR-NOAA_RVSallyRide_2019,9,17.1888,126.2937
PISTON-ONR-NOAA_RVSallyRide_2019,10,17.1179,126.1872
PISTON-ONR-NOAA_RVSallyRide_2019,11,17.0902,126.2842
PISTON-ONR-NOAA_RVSallyRide_2019,12,17.0466,126.4512
PISTON-ONR-NOAA_RVSallyRide_2019,13,17.0048,126.6112
PISTON-ONR-NOAA_RVSallyRide_2019,14,16.9626,126.7725
PISTON-ONR-NOAA_RVSallyRide_2019,15,16.9182,126.9423
PISTON-ONR-NOAA_RVSallyRide_2019,16,16.8738,127.1120
PISTON-ONR-NOAA_RVSallyRide_2019,17,16.8301,127.2794
PISTON-ONR-NOAA_RVSallyRide_2019,18,16.7965,127.4167
PISTON-ONR-NOAA_RVSallyRide_2019,19,16.7694,127.5399
PISTON-ONR-NOAA_RVSallyRide_2019,20,16.7151,127.5679
PISTON-ONR-NOAA_RVSallyRide_2019,21,16.7774,127.5074
PISTON-ONR-NOAA_RVSallyRide_2019,22,16.8216,127.3581
PISTON-ONR-NOAA_RVSallyRide_2019,23,16.8336,127.2675
PISTON-ONR-NOAA_RVSallyRide_2019,24,16.8310,127.2654
PISTON-ONR-NOAA_RVSallyRide_2019,25,16.8344,127.2349
PISTON-ONR-NOAA_RVSallyRide_2019,26,16.8485,127.1905
PISTON-ONR-NOAA_RVSallyRide_2019,27,16.8638,127.1419
PISTON-ONR-NOAA_RVSallyRide_2019,28,16.8790,127.0964
PISTON-ONR-NOAA_RVSallyRide_2019,29,16.8903,127.0554
PISTON-ONR-NOAA_RVSallyRide_2019,30,16.9024,127.0168
PISTON-ONR-NOAA_RVSallyRide_2019,31,16.9148,126.9792
PISTON-ONR-NOAA_RVSallyRide_2019,32,16.9247,126.9426
PISTON-ONR-NOAA_RVSallyRide_2019,33,16.9373,126.9072
PISTON-ONR-NOAA_RVSallyRide_2019,34,16.9490,126.8702
PISTON-ONR-NOAA_RVSallyRide_2019,35,16.9611,126.8320
PISTON-ONR-NOAA_RVSallyRide_2019,36,16.9736,126.7928
PISTON-ONR-NOAA_RVSallyRide_2019,37,16.9862,126.7519
PISTON-ONR-NOAA_RVSallyRide_2019,38,16.9990,126.7130
PISTON-ONR-NOAA_RVSallyRide_2019,39,17.0104,126.6753
PISTON-ONR-NOAA_RVSallyRide_2019,40,17.0220,126.6377
PISTON-ONR-NOAA_RVSallyRide_2019,41,17.0351,126.5966
PISTON-ONR-NOAA_RVSallyRide_2019,42,17.0477,126.5553
PISTON-ONR-NOAA_RVSallyRide_2019,43,17.0607,126.5120
PISTON-ONR-NOAA_RVSallyRide_2019,44,17.0749,126.4694
PISTON-ONR-NOAA_RVSallyRide_2019,45,17.0881,126.4273
PISTON-ONR-NOAA_RVSallyRide_2019,46,17.1028,126.3832
PISTON-ONR-NOAA_RVSallyRide_2019,47,17.1170,126.3398
PISTON-ONR-NOAA_RVSallyRide_2019,48,17.1295,126.2981
PISTON-ONR-NOAA_RVSallyRide_2019,49,17.1418,126.2590
PISTON-ONR-NOAA_RVSallyRide_2019,50,17.1527,126.2208
PISTON-ONR-NOAA_RVSallyRide_2019,51,17.1604,126.1836
PISTON-ONR-NOAA_RVSallyRide_2019,52,17.1670,126.1507
PISTON-ONR-NOAA_RVSallyRide_2019,53,17.1761,126.1675
PISTON-ONR-NOAA_RVSallyRide_2019,54,17.1776,126.2079
PISTON-ONR-NOAA_RVSallyRide_2019,55,17.1810,126.2440
PISTON-ONR-NOAA_RVSallyRide_2019,56,17.1888,126.2766
PISTON-ONR-NOAA_RVSallyRide_2019,57,17.1876,126.2943
PISTON-ONR-NOAA_RVSallyRide_2019,58,17.1665,126.2661
PISTON-ONR-NOAA_RVSallyRide_2019,59,17.1418,126.2374
PISTON-ONR-NOAA_RVSallyRide_2019,60,17.1169,126.2112
PISTON-ONR-NOAA_RVSallyRide_2019,61,17.0929,126.1836
PISTON-ONR-NOAA_RVSallyRide_2019,62,17.1088,126.1543
PISTON-ONR-NOAA_RVSallyRide_2019,63,17.1390,126.1659
PISTON-ONR-NOAA_RVSallyRide_2019,64,17.1719,126.1846
PISTON-ONR-NOAA_RVSallyRide_2019,65,17.2028,126.2006
PISTON-ONR-NOAA_RVSallyRide_2019,66,17.1895,126.2154
PISTON-ONR-NOAA_RVSallyRide_2019,67,17.1654,126.2303
PISTON-ONR-NOAA_RVSallyRide_2019,68,17.1435,126.2507
PISTON-ONR-NOAA_RVSallyRide_2019,69,17.1220,126.2733
PISTON-ONR-NOAA_RVSallyRide_2019,70,17.1189,126.2720
PISTON-ONR-NOAA_RVSallyRide_2019,71,17.1380,126.2402
PISTON-ONR-NOAA_RVSallyRide_2019,72,17.1466,126.2041
PISTON-ONR-NOAA_RVSallyRide_2019,73,17.1575,126.2158
PISTON-ONR-NOAA_RVSallyRide_2019,74,17.1567,126.2537
PISTON-ONR-NOAA_RVSallyRide_2019,75,17.1541,126.2915
PISTON-ONR-NOAA_RVSallyRide_2019,76,17.1447,126.3115
PISTON-ONR-NOAA_RVSallyRide_2019,77,17.1382,126.2838
PISTON-ONR-NOAA_RVSallyRide_2019,78,17.1322,126.2531
PISTON-ONR-NOAA_RVSallyRide_2019,79,17.1258,126.2194
PISTON-ONR-NOAA_RVSallyRide_2019,80,17.1208,126.1830
PISTON-ONR-NOAA_RVSallyRide_2019,81,17.1247,126.1578
PISTON-ONR-NOAA_RVSallyRide_2019,82,17.1477,126.1828
PISTON-ONR-NOAA_RVSallyRide_2019,83,17.1696,126.2094
PISTON-ONR-NOAA_RVSallyRide_2019,84,17.1899,126.2323
PISTON-ONR-NOAA_RVSallyRide_2019,85,17.2094,126.2536
PISTON-ONR-NOAA_RVSallyRide_2019,86,17.2072,126.2679
PISTON-ONR-NOAA_RVSallyRide_2019,87,17.1701,126.2581
PISTON-ONR-NOAA_RVSallyRide_2019,88,17.1300,126.2453
PISTON-ONR-NOAA_RVSallyRide_2019,89,17.0937,126.2379
PISTON-ONR-NOAA_RVSallyRide_2019,90,17.1053,126.2629
PISTON-ONR-NOAA_RVSallyRide_2019,91,17.1355,126.2970
PISTON-ONR-NOAA_RVSallyRide_2019,92,17.1632,126.3025
PISTON-ONR-NOAA_RVSallyRide_2019,93,17.1631,126.2600
PISTON-ONR-NOAA_RVSallyRide_2019,94,17.1651,126.2163
PISTON-ONR-NOAA_RVSallyRide_2019,95,17.2023,126.2024
PISTON-ONR-NOAA_RVSallyRide_2019,96,17.2446,126.1984
PISTON-ONR-NOAA_RVSallyRide_2019,97,17.2874,126.1933
PISTON-ONR-NOAA_RVSallyRide_2019,98,17.3301,126.1868
PISTON-ONR-NOAA_RVSallyRide_2019,99,17.3760,126.1817
PISTON-ONR-NOAA_RVSallyRide_2019,100,17.4245,126.1771
PISTON-ONR-NOAA_RVSallyRide_2019,101,17.4737,126.1737
PISTON-ONR-NOAA_RVSallyRide_2019,102,17.5180,126.1687
PISTON-ONR-NOAA_RVSallyRide_2019,103,17.5604,126.1603
PISTON-ONR-NOAA_RVSallyRide_2019,104,17.6003,126.1556
PISTON-ONR-NOAA_RVSallyRide_2019,105,17.6356,126.1515
PISTON-ONR-NOAA_RVSallyRide_2019,106,17.6679,126.1474
PISTON-ONR-NOAA_RVSallyRide_2019,107,17.7034,126.1433
PISTON-ONR-NOAA_RVSallyRide_2019,108,17.7394,126.1390
PISTON-ONR-NOAA_RVSallyRide_2019,109,17.7723,126.1352
PISTON-ONR-NOAA_RVSallyRide_2019,110,17.8052,126.1316
PISTON-ONR-NOAA_RVSallyRide_2019,111,17.8409,126.1277
PISTON-ONR-NOAA_RVSallyRide_2019,112,17.8744,126.1228
PISTON-ONR-NOAA_RVSallyRide_2019,113,17.9129,126.1182
PISTON-ONR-NOAA_RVSallyRide_2019,114,17.9547,126.1145
PISTON-ONR-NOAA_RVSallyRide_2019,115,17.9986,126.1094
PISTON-ONR-NOAA_RVSallyRide_2019,116,18.0429,126.1029
PISTON-ONR-NOAA_RVSallyRide_2019,117,18.0861,126.0974
PISTON-ONR-NOAA_RVSallyRide_2019,118,18.1286,126.0928
PISTON-ONR-NOAA_RVSallyRide_2019,119,18.1695,126.0880
PISTON-ONR-NOAA_RVSallyRide_2019,120,18.2075,126.0935
PISTON-ONR-NOAA_RVSallyRide_2019,121,18.2416,126.1155
PISTON-ONR-NOAA_RVSallyRide_2019,122,18.2702,126.1411
PISTON-ONR-NOAA_RVSallyRide_2019,123,18.2730,126.1763
PISTON-ONR-NOAA_RVSallyRide_2019,124,18.2634,126.2191
PISTON-ONR-NOAA_RVSallyRide_2019,125,18.2462,126.2508
PISTON-ONR-NOAA_RVSallyRide_2019,126,18.2205,126.2318
PISTON-ONR-NOAA_RVSallyRide_2019,127,18.1939,126.2057
PISTON-ONR-NOAA_RVSallyRide_2019,128,18.1697,126.1766
PISTON-ONR-NOAA_RVSallyRide_2019,129,18.1468,126.1489
PISTON-ONR-NOAA_RVSallyRide_2019,130,18.1464,126.1311
PISTON-ONR-NOAA_RVSallyRide_2019,131,18.1786,126.1453
PISTON-ONR-NOAA_RVSallyRide_2019,132,18.2088,126.1655
PISTON-ONR-NOAA_RVSallyRide_2019,133,18.2395,126.1851
PISTON-ONR-NOAA_RVSallyRide_2019,134,18.2675,126.2083
PISTON-ONR-NOAA_RVSallyRide_2019,135,18.2580,126.2058
PISTON-ONR-NOAA_RVSallyRide_2019,136,18.2342,126.1832
PISTON-ONR-NOAA_RVSallyRide_2019,137,18.2145,126.1541
PISTON-ONR-NOAA_RVSallyRide_2019,138,18.2256,126.1295
PISTON-ONR-NOAA_RVSallyRide_2019,139,18.2679,126.1510
PISTON-ONR-NOAA_RVSallyRide_2019,140,18.3100,126.1782
PISTON-ONR-NOAA_RVSallyRide_2019,141,18.3514,126.2064
PISTON-ONR-NOAA_RVSallyRide_2019,142,18.3893,126.2349
PISTON-ONR-NOAA_RVSallyRide_2019,143,18.4264,126.2655
PISTON-ONR-NOAA_RVSallyRide_2019,144,18.4617,126.2989
PISTON-ONR-NOAA_RVSallyRide_2019,145,18.4963,126.3346
PISTON-ONR-NOAA_RVSallyRide_2019,146,18.5325,126.3728
PISTON-ONR-NOAA_RVSallyRide_2019,147,18.5607,126.4067
PISTON-ONR-NOAA_RVSallyRide_2019,148,18.5756,126.3496
PISTON-ONR-NOAA_RVSallyRide_2019,149,18.5844,126.1739
PISTON-ONR-NOAA_RVSallyRide_2019,150,18.5821,125.9999
PISTON-ONR-NOAA_RVSallyRide_2019,151,18.4474,125.9662
PISTON-ONR-NOAA_RVSallyRide_2019,152,18.2781,125.9829
PISTON-ONR-NOAA_RVSallyRide_2019,153,18.1114,126.0046
PISTON-ONR-NOAA_RVSallyRide_2019,154,18.0875,126.0625
PISTON-ONR-NOAA_RVSallyRide_2019,155,18.1080,126.0800
PISTON-ONR-NOAA_RVSallyRide_2019,156,18.1080,126.0799
PISTON-ONR-NOAA_RVSallyRide_2019,157,18.1080,126.0799
PISTON-ONR-NOAA_RVSallyRide_2019,158,18.1080,126.0799
PISTON-ONR-NOAA_RVSallyRide_2019,159,18.1091,126.0811
PISTON-ONR-NOAA_RVSallyRide_2019,160,18.1114,126.0836
PISTON-ONR-NOAA_RVSallyRide_2019,161,18.1187,126.0914
PISTON-ONR-NOAA_RVSallyRide_2019,162,18.1305,126.1038
PISTON-ONR-NOAA_RVSallyRide_2019,163,18.1354,126.1091
PISTON-ONR-NOAA_RVSallyRide_2019,164,18.1354,126.1091
PISTON-ONR-NOAA_RVSallyRide_2019,165,18.1354,126.1091
PISTON-ONR-NOAA_RVSallyRide_2019,166,18.1354,126.1091
PISTON-ONR-NOAA_RVSallyRide_2019,167,18.1353,126.1090
PISTON-ONR-NOAA_RVSallyRide_2019,168,18.1353,126.1089
PISTON-ONR-NOAA_RVSallyRide_2019,169,18.1353,126.1088
PISTON-ONR-NOAA_RVSallyRide_2019,170,18.1353,126.1089
PISTON-ONR-NOAA_RVSallyRide_2019,171,18.1311,126.0996
PISTON-ONR-NOAA_RVSallyRide_2019,172,18.1464,126.1035
PISTON-ONR-NOAA_RVSallyRide_2019,173,18.1786,126.1265
PISTON-ONR-NOAA_RVSallyRide_2019,174,18.2153,126.1487
PISTON-ONR-NOAA_RVSallyRide_2019,175,18.2492,126.1720
PISTON-ONR-NOAA_RVSallyRide_2019,176,18.2709,126.1934
PISTON-ONR-NOAA_RVSallyRide_2019,177,18.2537,126.1810
PISTON-ONR-NOAA_RVSallyRide_2019,178,18.2375,126.1589
PISTON-ONR-NOAA_RVSallyRide_2019,179,18.2210,126.1417
PISTON-ONR-NOAA_RVSallyRide_2019,180,18.2013,126.1292
PISTON-ONR-NOAA_RVSallyRide_2019,181,18.1785,126.1175
PISTON-ONR-NOAA_RVSallyRide_2019,182,18.1727,126.1119
PISTON-ONR-NOAA_RVSallyRide_2019,183,18.1931,126.1471
PISTON-ONR-NOAA_RVSallyRide_2019,184,18.2149,126.1877
PISTON-ONR-NOAA_RVSallyRide_2019,185,18.2364,126.2290
PISTON-ONR-NOAA_RVSallyRide_2019,186,18.2402,126.2503
PISTON-ONR-NOAA_RVSallyRide_2019,187,18.2256,126.2266
PISTON-ONR-NOAA_RVSallyRide_2019,188,18.2092,126.2002
PISTON-ONR-NOAA_RVSallyRide_2019,189,18.1924,126.1748
PISTON-ONR-NOAA_RVSallyRide_2019,190,18.1790,126.1519
PISTON-ONR-NOAA_RVSallyRide_2019,191,18.1672,126.1322
PISTON-ONR-NOAA_RVSallyRide_2019,192,18.1569,126.1165
PISTON-ONR-NOAA_RVSallyRide_2019,193,18.1710,126.1258
PISTON-ONR-NOAA_RVSallyRide_2019,194,18.1993,126.1802
PISTON-ONR-NOAA_RVSallyRide_2019,195,18.2229,126.2310
PISTON-ONR-NOAA_RVSallyRide_2019,196,18.2298,126.2708
PISTON-ONR-NOAA_RVSallyRide_2019,197,18.2152,126.2567
PISTON-ONR-NOAA_RVSallyRide_2019,198,18.1968,126.2344
PISTON-ONR-NOAA_RVSallyRide_2019,199,18.1655,126.2134
PISTON-ONR-NOAA_RVSallyRide_2019,200,18.1309,126.1915
PISTON-ONR-NOAA_RVSallyRide_2019,201,18.1430,126.1831
PISTON-ONR-NOAA_RVSallyRide_2019,202,18.1815,126.1883
PISTON-ONR-NOAA_RVSallyRide_2019,203,18.2258,126.1934
PISTON-ONR-NOAA_RVSallyRide_2019,204,18.2730,126.2008
PISTON-ONR-NOAA_RVSallyRide_2019,205,18.2712,126.2104
PISTON-ONR-NOAA_RVSallyRide_2019,206,18.2440,126.2132
PISTON-ONR-NOAA_RVSallyRide_2019,207,18.2170,126.2119
PISTON-ONR-NOAA_RVSallyRide_2019,208,18.1886,126.2035
PISTON-ONR-NOAA_RVSallyRide_2019,209,18.1595,126.1934
PISTON-ONR-NOAA_RVSallyRide_2019,210,18.1292,126.1848
PISTON-ONR-NOAA_RVSallyRide_2019,211,18.1350,126.1726
PISTON-ONR-NOAA_RVSallyRide_2019,212,18.1766,126.1689
PISTON-ONR-NOAA_RVSallyRide_2019,213,18.2242,126.1613
PISTON-ONR-NOAA_RVSallyRide_2019,214,18.2719,126.1560
PISTON-ONR-NOAA_RVSallyRide_2019,215,18.2661,126.1750
PISTON-ONR-NOAA_RVSallyRide_2019,216,18.2457,126.1935
PISTON-ONR-NOAA_RVSallyRide_2019,217,18.2613,126.1936
PISTON-ONR-NOAA_RVSallyRide_2019,218,18.3073,126.1912
PISTON-ONR-NOAA_RVSallyRide_2019,219,18.3511,126.1888
PISTON-ONR-NOAA_RVSallyRide_2019,220,18.3911,126.1877
PISTON-ONR-NOAA_RVSallyRide_2019,221,18.3874,126.2025
PISTON-ONR-NOAA_RVSallyRide_2019,222,18.3585,126.2092
PISTON-ONR-NOAA_RVSallyRide_2019,223,18.3289,126.2144
PISTON-ONR-NOAA_RVSallyRide_2019,224,18.3011,126.2141
PISTON-ONR-NOAA_RVSallyRide_2019,225,18.2733,126.2061
PISTON-ONR-NOAA_RVSallyRide_2019,226,18.2451,126.1944
PISTON-ONR-NOAA_RVSallyRide_2019,227,18.2157,126.1880
PISTON-ONR-NOAA_RVSallyRide_2019,228,18.1886,126.1850
PISTON-ONR-NOAA_RVSallyRide_2019,229,18.1626,126.1847
PISTON-ONR-NOAA_RVSallyRide_2019,230,18.1348,126.1866
PISTON-ONR-NOAA_RVSallyRide_2019,231,18.1329,126.1838
PISTON-ONR-NOAA_RVSallyRide_2019,232,18.1802,126.1803
PISTON-ONR-NOAA_RVSallyRide_2019,233,18.2301,126.1760
PISTON-ONR-NOAA_RVSallyRide_2019,234,18.2794,126.1766
PISTON-ONR-NOAA_RVSallyRide_2019,235,18.2747,126.1857
PISTON-ONR-NOAA_RVSallyRide_2019,236,18.2396,126.1815
PISTON-ONR-NOAA_RVSallyRide_2019,237,18.2051,126.1767
PISTON-ONR-NOAA_RVSallyRide_2019,238,18.1743,126.1741
PISTON-ONR-NOAA_RVSallyRide_2019,239,18.1628,126.1550
PISTON-ONR-NOAA_RVSallyRide_2019,240,18.1653,126.1219
PISTON-ONR-NOAA_RVSallyRide_2019,241,18.1806,126.1128
PISTON-ONR-NOAA_RVSallyRide_2019,242,18.2078,126.1563
PISTON-ONR-NOAA_RVSallyRide_2019,243,18.2308,126.2018
PISTON-ONR-NOAA_RVSallyRide_2019,244,18.2500,126.2453
PISTON-ONR-NOAA_RVSallyRide_2019,245,18.2403,126.2463
PISTON-ONR-NOAA_RVSallyRide_2019,246,18.2260,126.2246
PISTON-ONR-NOAA_RVSallyRide_2019,247,18.2206,126.2106
PISTON-ONR-NOAA_RVSallyRide_2019,248,18.2402,126.2418
PISTON-ONR-NOAA_RVSallyRide_2019,249,18.2444,126.2442
PISTON-ONR-NOAA_RVSallyRide_2019,250,18.2704,126.2149
PISTON-ONR-NOAA_RVSallyRide_2019,251,18.2818,126.2049
PISTON-ONR-NOAA_RVSallyRide_2019,252,18.2615,126.1727
PISTON-ONR-NOAA_RVSallyRide_2019,253,18.2428,126.1417
PISTON-ONR-NOAA_RVSallyRide_2019,254,18.2291,126.1150
PISTON-ONR-NOAA_RVSallyRide_2019,255,18.2340,126.1114
PISTON-ONR-NOAA_RVSallyRide_2019,256,18.2368,126.1488
PISTON-ONR-NOAA_RVSallyRide_2019,257,18.2111,126.1558
PISTON-ONR-NOAA_RVSallyRide_2019,258,18.1828,126.1603
PISTON-ONR-NOAA_RVSallyRide_2019,259,18.1573,126.1690
PISTON-ONR-NOAA_RVSallyRide_2019,260,18.1667,126.1680
PISTON-ONR-NOAA_RVSallyRide_2019,261,18.2144,126.1781
PISTON-ONR-NOAA_RVSallyRide_2019,262,18.2261,126.2110
PISTON-ONR-NOAA_RVSallyRide_2019,263,18.2012,126.2358
PISTON-ONR-NOAA_RVSallyRide_2019,264,18.1666,126.2448
PISTON-ONR-NOAA_RVSallyRide_2019,265,18.1343,126.2484
PISTON-ONR-NOAA_RVSallyRide_2019,266,18.1501,126.2311
PISTON-ONR-NOAA_RVSallyRide_2019,267,18.1797,126.2087
PISTON-ONR-NOAA_RVSallyRide_2019,268,18.1905,126.1808
PISTON-ONR-NOAA_RVSallyRide_2019,269,18.2073,126.1647
PISTON-ONR-NOAA_RVSallyRide_2019,270,18.1749,126.1792
PISTON-ONR-NOAA_RVSallyRide_2019,271,18.0428,126.2531
PISTON-ONR-NOAA_RVSallyRide_2019,272,17.9031,126.3300
PISTON-ONR-NOAA_RVSallyRide_2019,273,17.7636,126.4069
PISTON-ONR-NOAA_RVSallyRide_2019,274,17.6277,126.4817
PISTON-ONR-NOAA_RVSallyRide_2019,275,17.4849,126.5603
PISTON-ONR-NOAA_RVSallyRide_2019,276,17.3340,126.6358
PISTON-ONR-NOAA_RVSallyRide_2019,277,17.1898,126.7221
PISTON-ONR-NOAA_RVSallyRide_2019,278,17.0452,126.8019
PISTON-ONR-NOAA_RVSallyRide_2019,279,16.9037,126.8795
PISTON-ONR-NOAA_RVSallyRide_2019,280,16.7650,126.9556
PISTON-ONR-NOAA_RVSallyRide_2019,281,16.6240,127.0328
PISTON-ONR-NOAA_RVSallyRide_2019,282,16.4801,127.1116
PISTON-ONR-NOAA_RVSallyRide_2019,283,16.3373,127.1897
PISTON-ONR-NOAA_RVSallyRide_2019,284,16.1979,127.2659
PISTON-ONR-NOAA_RVSallyRide_2019,285,16.0563,127.3432
PISTON-ONR-NOAA_RVSallyRide_2019,286,15.9194,127.4179
PISTON-ONR-NOAA_RVSallyRide_2019,287,15.7885,127.4893
PISTON-ONR-NOAA_RVSallyRide_2019,288,15.6606,127.5591
PISTON-ONR-NOAA_RVSallyRide_2019,289,15.5330,127.6285
PISTON-ONR-NOAA_RVSallyRide_2019,290,15.4178,127.6912
PISTON-ONR-NOAA_RVSallyRide_2019,291,15.2927,127.7592
PISTON-ONR-NOAA_RVSallyRide_2019,292,15.1696,127.8261
PISTON-ONR-NOAA_RVSallyRide_2019,293,15.0502,127.8913
PISTON-ONR-NOAA_RVSallyRide_2019,294,15.0011,127.9215
PISTON-ONR-NOAA_RVSallyRide_2019,295,15.0012,127.9217
PISTON-ONR-NOAA_RVSallyRide_2019,296,15.0012,127.9217
PISTON-ONR-NOAA_RVSallyRide_2019,297,15.0012,127.9217
PISTON-ONR-NOAA_RVSallyRide_2019,298,15.0012,127.9217
PISTON-ONR-NOAA_RVSallyRide_2019,299,15.0012,127.9217
PISTON-ONR-NOAA_RVSallyRide_2019,300,15.0012,127.9217
PISTON-ONR-NOAA_RVSallyRide_2019,301,15.0012,127.9217
PISTON-ONR-NOAA_RVSallyRide_2019,302,15.0012,127.9217
PISTON-ONR-NOAA_RVSallyRide_2019,303,15.0012,127.9217
PISTON-ONR-NOAA_RVSallyRide_2019,304,15.0012,127.9217
PISTON-ONR-NOAA_RVSallyRide_2019,305,15.0018,127.9208
PISTON-ONR-NOAA_RVSallyRide_2019,306,15.0023,127.9201
PISTON-ONR-NOAA_RVSallyRide_2019,307,15.0023,127.9201
PISTON-ONR-NOAA_RVSallyRide_2019,308,15.0023,127.9201
PISTON-ONR-NOAA_RVSallyRide_2019,309,15.0022,127.9201
PISTON-ONR-NOAA_RVSallyRide_2019,310,15.0023,127.9201
PISTON-ONR-NOAA_RVSallyRide_2019,311,15.0023,127.9201
PISTON-ONR-NOAA_RVSallyRide_2019,312,15.0023,127.9201
PISTON-ONR-NOAA_RVSallyRide_2019,313,15.0023,127.9201
PISTON-ONR-NOAA_RVSallyRide_2019,314,15.0023,127.9201
PISTON-ONR-NOAA_RVSallyRide_2019,315,15.0023,127.9201
PISTON-ONR-NOAA_RVSallyRide_2019,316,15.0023,127.9201
PISTON-ONR-NOAA_RVSallyRide_2019,317,14.9903,127.9131
PISTON-ONR-NOAA_RVSallyRide_2019,318,14.9870,127.9110
PISTON-ONR-NOAA_RVSallyRide_2019,319,14.9870,127.9110
PISTON-ONR-NOAA_RVSallyRide_2019,320,14.9870,127.9110
PISTON-ONR-NOAA_RVSallyRide_2019,321,14.9870,127.9110
PISTON-ONR-NOAA_RVSallyRide_2019,322,14.9870,127.9110
PISTON-ONR-NOAA_RVSallyRide_2019,323,14.9871,127.9110
PISTON-ONR-NOAA_RVSallyRide_2019,324,14.9871,127.9110
PISTON-ONR-NOAA_RVSallyRide_2019,325,14.9870,127.9110
PISTON-ONR-NOAA_RVSallyRide_2019,326,14.9870,127.9110
PISTON-ONR-NOAA_RVSallyRide_2019,327,14.9871,127.9111
PISTON-ONR-NOAA_RVSallyRide_2019,328,14.9870,127.9110
PISTON-ONR-NOAA_RVSallyRide_2019,329,15.0216,127.9064
PISTON-ONR-NOAA_RVSallyRide_2019,330,15.0920,127.9064
PISTON-ONR-NOAA_RVSallyRide_2019,331,15.1391,127.8983
PISTON-ONR-NOAA_RVSallyRide_2019,332,15.1831,127.8870
PISTON-ONR-NOAA_RVSallyRide_2019,333,15.2271,127.8772
PISTON-ONR-NOAA_RVSallyRide_2019,334,15.2786,127.8617
PISTON-ONR-NOAA_RVSallyRide_2019,335,15.3963,127.7999
PISTON-ONR-NOAA_RVSallyRide_2019,336,15.5359,127.7223
PISTON-ONR-NOAA_RVSallyRide_2019,337,15.6723,127.6401
PISTON-ONR-NOAA_RVSallyRide_2019,338,15.8107,127.5522
PISTON-ONR-NOAA_RVSallyRide_2019,339,15.9495,127.4612
PISTON-ONR-NOAA_RVSallyRide_2019,340,16.0929,127.3697
PISTON-ONR-NOAA_RVSallyRide_2019,341,16.2395,127.2828
PISTON-ONR-NOAA_RVSallyRide_2019,342,16.3861,127.2027
PISTON-ONR-NOAA_RVSallyRide_2019,343,16.5272,127.1126
PISTON-ONR-NOAA_RVSallyRide_2019,344,16.6644,127.0176
PISTON-ONR-NOAA_RVSallyRide_2019,345,16.8054,126.9335
PISTON-ONR-NOAA_RVSallyRide_2019,346,16.9516,126.8533
PISTON-ONR-NOAA_RVSallyRide_2019,347,17.1003,126.7717
PISTON-ONR-NOAA_RVSallyRide_2019,348,17.2512,126.6889
PISTON-ONR-NOAA_RVSallyRide_2019,349,17.3967,126.6089
PISTON-ONR-NOAA_RVSallyRide_2019,350,17.5439,126.5279
PISTON-ONR-NOAA_RVSallyRide_2019,351,17.6919,126.4465
PISTON-ONR-NOAA_RVSallyRide_2019,352,17.8402,126.3648
PISTON-ONR-NOAA_RVSallyRide_2019,353,17.9879,126.2833
PISTON-ONR-NOAA_RVSallyRide_2019,354,18.1311,126.2045
PISTON-ONR-NOAA_RVSallyRide_2019,355,18.2193,126.1893
PISTON-ONR-NOAA_RVSallyRide_2019,356,18.2150,126.1975
PISTON-ONR-NOAA_RVSallyRide_2019,357,18.1898,126.1869
PISTON-ONR-NOAA_RVSallyRide_2019,358,18.1642,126.1769
PISTON-ONR-NOAA_RVSallyRide_2019,359,18.1398,126.1677
PISTON-ONR-NOAA_RVSallyRide_2019,360,18.1170,126.1589
PISTON-ONR-NOAA_RVSallyRide_2019,361,18.0960,126.1518
PISTON-ONR-NOAA_RVSallyRide_2019,362,18.0730,126.1440
PISTON-ONR-NOAA_RVSallyRide_2019,363,18.0487,126.1383
PISTON-ONR-NOAA_RVSallyRide_2019,364,18.0192,126.1331
PISTON-ONR-NOAA_RVSallyRide_2019,365,17.9880,126.1299
PISTON-ONR-NOAA_RVSallyRide_2019,366,17.9714,126.1255
PISTON-ONR-NOAA_RVSallyRide_2019,367,18.0148,126.1394
PISTON-ONR-NOAA_RVSallyRide_2019,368,18.0546,126.1601
PISTON-ONR-NOAA_RVSallyRide_2019,369,18.0959,126.1713
PISTON-ONR-NOAA_RVSallyRide_2019,370,18.1337,126.1840
PISTON-ONR-NOAA_RVSallyRide_2019,371,18.1724,126.1906
PISTON-ONR-NOAA_RVSallyRide_2019,372,18.2159,126.1877
PISTON-ONR-NOAA_RVSallyRide_2019,373,18.2594,126.1745
PISTON-ONR-NOAA_RVSallyRide_2019,374,18.2798,126.1772
PISTON-ONR-NOAA_RVSallyRide_2019,375,18.2576,126.1850
PISTON-ONR-NOAA_RVSallyRide_2019,376,18.2325,126.1890
PISTON-ONR-NOAA_RVSallyRide_2019,377,18.2084,126.1923
PISTON-ONR-NOAA_RVSallyRide_2019,378,18.1832,126.1968
PISTON-ONR-NOAA_RVSallyRide_2019,379,18.1544,126.2031
PISTON-ONR-NOAA_RVSallyRide_2019,380,18.1179,126.2080
PISTON-ONR-NOAA_RVSallyRide_2019,381,18.1048,126.2019
PISTON-ONR-NOAA_RVSallyRide_2019,382,18.1445,126.1941
PISTON-ONR-NOAA_RVSallyRide_2019,383,18.1829,126.1883
PISTON-ONR-NOAA_RVSallyRide_2019,384,18.2242,126.1838
PISTON-ONR-NOAA_RVSallyRide_2019,385,18.2677,126.1823
PISTON-ONR-NOAA_RVSallyRide_2019,386,18.2791,126.1899
PISTON-ONR-NOAA_RVSallyRide_2019,387,18.2555,126.1930
PISTON-ONR-NOAA_RVSallyRide_2019,388,18.2316,126.1953
PISTON-ONR-NOAA_RVSallyRide_2019,389,18.2040,126.1987
PISTON-ONR-NOAA_RVSallyRide_2019,390,18.1737,126.2005
PISTON-ONR-NOAA_RVSallyRide_2019,391,18.1440,126.2017
PISTON-ONR-NOAA_RVSallyRide_2019,392,18.1243,126.1978
PISTON-ONR-NOAA_RVSallyRide_2019,393,18.1609,126.1913
PISTON-ONR-NOAA_RVSallyRide_2019,394,18.2064,126.1872
PISTON-ONR-NOAA_RVSallyRide_2019,395,18.2497,126.1806
PISTON-ONR-NOAA_RVSallyRide_2019,396,18.2784,126.1822
PISTON-ONR-NOAA_RVSallyRide_2019,397,18.2607,126.1908
PISTON-ONR-NOAA_RVSallyRide_2019,398,18.2426,126.1971
PISTON-ONR-NOAA_RVSallyRide_2019,399,18.2233,126.2031
PISTON-ONR-NOAA_RVSallyRide_2019,400,18.2017,126.2072
PISTON-ONR-NOAA_RVSallyRide_2019,401,18.1788,126.2102
PISTON-ONR-NOAA_RVSallyRide_2019,402,18.1515,126.2135
PISTON-ONR-NOAA_RVSallyRide_2019,403,18.1271,126.2128
PISTON-ONR-NOAA_RVSallyRide_2019,404,18.1485,126.2044
PISTON-ONR-NOAA_RVSallyRide_2019,405,18.1803,126.1983
PISTON-ONR-NOAA_RVSallyRide_2019,406,18.2131,126.1904
PISTON-ONR-NOAA_RVSallyRide_2019,407,18.2466,126.1817
PISTON-ONR-NOAA_RVSallyRide_2019,408,18.2795,126.1768
PISTON-ONR-NOAA_RVSallyRide_2019,409,18.2628,126.1841
PISTON-ONR-NOAA_RVSallyRide_2019,410,18.2339,126.1891
PISTON-ONR-NOAA_RVSallyRide_2019,411,18.2055,126.1944
PISTON-ONR-NOAA_RVSallyRide_2019,412,18.1765,126.1985
PISTON-ONR-NOAA_RVSallyRide_2019,413,18.1462,126.2020
PISTON-ONR-NOAA_RVSallyRide_2019,414,18.1198,126.1985
PISTON-ONR-NOAA_RVSallyRide_2019,415,18.1394,126.1848
PISTON-ONR-NOAA_RVSallyRide_2019,416,18.1685,126.1729
PISTON-ONR-NOAA_RVSallyRide_2019,417,18.1976,126.1600
PISTON-ONR-NOAA_RVSallyRide_2019,418,18.2283,126.1459
PISTON-ONR-NOAA_RVSallyRide_2019,419,18.2614,126.1344
PISTON-ONR-NOAA_RVSallyRide_2019,420,18.2547,126.1367
PISTON-ONR-NOAA_RVSallyRide_2019,421,18.2303,126.1419
PISTON-ONR-NOAA_RVSallyRide_2019,422,18.2079,126.1481
PISTON-ONR-NOAA_RVSallyRide_2019,423,18.1859,126.1535
PISTON-ONR-NOAA_RVSallyRide_2019,424,18.1627,126.1592
PISTON-ONR-NOAA_RVSallyRide_2019,425,18.1390,126.1654
PISTON-ONR-NOAA_RVSallyRide_2019,426,18.1197,126.1654
PISTON-ONR-NOAA_RVSallyRide_2019,427,18.1503,126.1641
PISTON-ONR-NOAA_RVSallyRide_2019,428,18.1756,126.1724
PISTON-ONR-NOAA_RVSallyRide_2019,429,18.1449,126.1629
PISTON-ONR-NOAA_RVSallyRide_2019,430,18.1131,126.1464
PISTON-ONR-NOAA_RVSallyRide_2019,431,18.0820,126.1347
PISTON-ONR-NOAA_RVSallyRide_2019,432,18.0486,126.1242
PISTON-ONR-NOAA_RVSallyRide_2019,433,18.0171,126.1120
PISTON-ONR-NOAA_RVSallyRide_2019,434,18.0262,126.0947
PISTON-ONR-NOAA_RVSallyRide_2019,435,18.0659,126.0870
PISTON-ONR-NOAA_RVSallyRide_2019,436,18.1076,126.0823
PISTON-ONR-NOAA_RVSallyRide_2019,437,18.1486,126.0845
PISTON-ONR-NOAA_RVSallyRide_2019,438,18.1815,126.0906
PISTON-ONR-NOAA_RVSallyRide_2019,439,18.2453,126.0848
PISTON-ONR-NOAA_RVSallyRide_2019,440,18.3739,126.0556
PISTON-ONR-NOAA_RVSallyRide_2019,441,18.5024,126.0328
PISTON-ONR-NOAA_RVSallyRide_2019,442,18.6359,126.0127
PISTON-ONR-NOAA_RVSallyRide_2019,443,18.7714,125.9922
PISTON-ONR-NOAA_RVSallyRide_2019,444,18.9008,125.9727
PISTON-ONR-NOAA_RVSallyRide_2019,445,19.0268,125.9537
PISTON-ONR-NOAA_RVSallyRide_2019,446,19.1507,125.9350
PISTON-ONR-NOAA_RVSallyRide_2019,447,19.2794,125.9155
PISTON-ONR-NOAA_RVSallyRide_2019,448,19.4068,125.8962
PISTON-ONR-NOAA_RVSallyRide_2019,449,19.5297,125.9028
PISTON-ONR-NOAA_RVSallyRide_2019,450,19.6408,125.9257
PISTON-ONR-NOAA_RVSallyRide_2019,451,19.7667,125.8719
PISTON-ONR-NOAA_RVSallyRide_2019,452,19.9028,125.8221
PISTON-ONR-NOAA_RVSallyRide_2019,453,20.0433,125.7989
PISTON-ONR-NOAA_RVSallyRide_2019,454,20.1862,125.7776
PISTON-ONR-NOAA_RVSallyRide_2019,455,20.3025,125.7628
PISTON-ONR-NOAA_RVSallyRide_2019,456,20.3890,125.7493
PISTON-ONR-NOAA_RVSallyRide_2019,457,20.5387,125.7241
PISTON-ONR-NOAA_RVSallyRide_2019,458,20.6507,125.7064
PISTON-ONR-NOAA_RVSallyRide_2019,459,20.7884,125.6854
PISTON-ONR-NOAA_RVSallyRide_2019,460,20.9260,125.6646
PISTON-ONR-NOAA_RVSallyRide_2019,461,21.0851,125.6403
PISTON-ONR-NOAA_RVSallyRide_2019,462,21.1410,125.6294
PISTON-ONR-NOAA_RVThompson_2018,0,21.9199,120.4776
PISTON-ONR-NOAA_RVThompson_2018,1,21.7275,120.5962
PISTON-ONR-NOAA_RVThompson_2018,2,21.5733,120.7088
PISTON-ONR-NOAA_RVThompson_2018,3,21.4069,120.8291
PISTON-ONR-NOAA_RVThompson_2018,4,21.2323,120.9550
PISTON-ONR-NOAA_RVThompson_2018,5,21.0867,121.0623
PISTON-ONR-NOAA_RVThompson_2018,6,20.9289,121.1760
PISTON-ONR-NOAA_RVThompson_2018,7,20.7598,121.2895
PISTON-ONR-NOAA_RVThompson_2018,8,20.6287,121.3879
PISTON-ONR-NOAA_RVThompson_2018,9,20.4796,121.4911
PISTON-ONR-NOAA_RVThompson_2018,10,20.3152,121.6012
PISTON-ONR-NOAA_RVThompson_2018,11,20.1743,121.6928
PISTON-ONR-NOAA_RVThompson_2018,12,20.0366,121.8117
PISTON-ONR-NOAA_RVThompson_2018,13,19.8836,121.9444
PISTON-ONR-NOAA_RVThompson_2018,14,19.7660,122.0639
PISTON-ONR-NOAA_RVThompson_2018,15,19.6740,122.2302
PISTON-ONR-NOAA_RVThompson_2018,16,19.5730,122.4229
PISTON-ONR-NOAA_RVThompson_2018,17,19.4850,122.5928
PISTON-ONR-NOAA_RVThompson_2018,18,19.3831,122.7825
PISTON-ONR-NOAA_RVThompson_2018,19,19.2655,122.9968
PISTON-ONR-NOAA_RVThompson_2018,20,19.1673,123.1839
PISTON-ONR-NOAA_RVThompson_2018,21,19.0624,123.3818
PISTON-ONR-NOAA_RVThompson_2018,22,18.9509,123.6003
PISTON-ONR-NOAA_RVThompson_2018,23,18.8549,123.7867
PISTON-ONR-NOAA_RVThompson_2018,24,18.7579,123.9856
PISTON-ONR-NOAA_RVThompson_2018,25,18.6487,124.1974
PISTON-ONR-NOAA_RVThompson_2018,26,18.5530,124.3764
PISTON-ONR-NOAA_RVThompson_2018,27,18.4473,124.5632
PISTON-ONR-NOAA_RVThompson_2018,28,18.3441,124.7644
PISTON-ONR-NOAA_RVThompson_2018,29,18.2541,124.9293
PISTON-ONR-NOAA_RVThompson_2018,30,18.1574,125.1097
PISTON-ONR-NOAA_RVThompson_2018,31,18.0577,125.3070
PISTON-ONR-NOAA_RVThompson_2018,32,17.9691,125.4725
PISTON-ONR-NOAA_RVThompson_2018,33,17.8730,125.6562
PISTON-ONR-NOAA_RVThompson_2018,34,17.7665,125.8506
PISTON-ONR-NOAA_RVThompson_2018,35,17.6791,126.0144
PISTON-ONR-NOAA_RVThompson_2018,36,17.5823,126.1957
PISTON-ONR-NOAA_RVThompson_2018,37,17.4781,126.3949
PISTON-ONR-NOAA_RVThompson_2018,38,17.3921,126.5638
PISTON-ONR-NOAA_RVThompson_2018,39,17.2957,126.7447
PISTON-ONR-NOAA_RVThompson_2018,40,17.1888,126.9370
PISTON-ONR-NOAA_RVThompson_2018,41,17.1037,127.1006
PISTON-ONR-NOAA_RVThompson_2018,42,17.0100,127.2793
PISTON-ONR-NOAA_RVThompson_2018,43,16.9172,127.4510
PISTON-ONR-NOAA_RVThompson_2018,44,16.8965,127.4730
PISTON-ONR-NOAA_RVThompson_2018,45,16.8665,127.4424
PISTON-ONR-NOAA_RVThompson_2018,46,16.7780,127.5747
PISTON-ONR-NOAA_RVThompson_2018,47,16.6944,127.7394
PISTON-ONR-NOAA_RVThompson_2018,48,16.6053,127.9152
PISTON-ONR-NOAA_RVThompson_2018,49,16.5084,128.1040
PISTON-ONR-NOAA_RVThompson_2018,50,16.4297,128.2657
PISTON-ONR-NOAA_RVThompson_2018,51,16.3478,128.4439
PISTON-ONR-NOAA_RVThompson_2018,52,16.2592,128.6430
PISTON-ONR-NOAA_RVThompson_2018,53,16.1836,128.8145
PISTON-ONR-NOAA_RVThompson_2018,54,16.0985,129.0058
PISTON-ONR-NOAA_RVThompson_2018,55,16.0021,129.2121
PISTON-ONR-NOAA_RVThompson_2018,56,15.9107,129.3780
PISTON-ONR-NOAA_RVThompson_2018,57,15.8048,129.5569
PISTON-ONR-NOAA_RVThompson_2018,58,15.6955,129.7522
PISTON-ONR-NOAA_RVThompson_2018,59,15.6045,129.9145
PISTON-ONR-NOAA_RVThompson_2018,60,15.5054,130.0936
PISTON-ONR-NOAA_RVThompson_2018,61,15.3987,130.2938
PISTON-ONR-NOAA_RVThompson_2018,62,15.3091,130.4602
PISTON-ONR-NOAA_RVThompson_2018,63,15.2111,130.6412
PISTON-ONR-NOAA_RVThompson_2018,64,15.1146,130.8239
PISTON-ONR-NOAA_RVThompson_2018,65,15.0381,130.9705
PISTON-ONR-NOAA_RVThompson_2018,66,14.9445,131.1455
PISTON-ONR-NOAA_RVThompson_2018,67,14.8558,131.3103
PISTON-ONR-NOAA_RVThompson_2018,68,14.8342,131.3255
PISTON-ONR-NOAA_RVThompson_2018,69,14.8231,131.3126
PISTON-ONR-NOAA_RVThompson_2018,70,14.8067,131.3187
PISTON-ONR-NOAA_RVThompson_2018,71,14.7496,131.4277
PISTON-ONR-NOAA_RVThompson_2018,72,14.6809,131.5576
PISTON-ONR-NOAA_RVThompson_2018,73,14.5921,131.7391
PISTON-ONR-NOAA_RVThompson_2018,74,14.5321,131.8585
PISTON-ONR-NOAA_RVThompson_2018,75,14.4541,132.0219
PISTON-ONR-NOAA_RVThompson_2018,76,14.4050,132.1302
PISTON-ONR-NOAA_RVThompson_2018,77,14.3274,132.2887
PISTON-ONR-NOAA_RVThompson_2018,78,14.2289,132.4754
PISTON-ONR-NOAA_RVThompson_2018,79,14.1212,132.6727
PISTON-ONR-NOAA_RVThompson_2018,80,14.0310,132.8415
PISTON-ONR-NOAA_RVThompson_2018,81,13.9340,133.0256
PISTON-ONR-NOAA_RVThompson_2018,82,13.8264,133.2235
PISTON-ONR-NOAA_RVThompson_2018,83,13.7352,133.3898
PISTON-ONR-NOAA_RVThompson_2018,84,13.6380,133.5685
PISTON-ONR-NOAA_RVThompson_2018,85,13.5343,133.7574
PISTON-ONR-NOAA_RVThompson_2018,86,13.4505,133.9184
PISTON-ONR-NOAA_RVThompson_2018,87,13.3557,134.0922
PISTON-ONR-NOAA_RVThompson_2018,88,13.2477,134.2839
PISTON-ONR-NOAA_RVThompson_2018,89,13.1638,134.4459
PISTON-ONR-NOAA_RVThompson_2018,90,13.0875,134.5788
PISTON-ONR-NOAA_RVThompson_2018,91,13.0108,134.7292
PISTON-ONR-NOAA_RVThompson_2018,92,12.9914,134.7477
PISTON-ONR-NOAA_RVThompson_2018,93,12.8627,134.7492
PISTON-ONR-NOAA_RVThompson_2018,94,12.6792,134.7491
PISTON-ONR-NOAA_RVThompson_2018,95,12.5235,134.7491
PISTON-ONR-NOAA_RVThompson_2018,96,12.3527,134.7515
PISTON-ONR-NOAA_RVThompson_2018,97,12.1667,134.7528
PISTON-ONR-NOAA_RVThompson_2018,98,12.0145,134.7501
PISTON-ONR-NOAA_RVThompson_2018,99,11.8534,134.7505
PISTON-ONR-NOAA_RVThompson_2018,100,11.6692,134.7504
PISTON-ONR-NOAA_RVThompson_2018,101,11.5129,134.7473
PISTON-ONR-NOAA_RVThompson_2018,102,11.3436,134.7457
PISTON-ONR-NOAA_RVThompson_2018,103,11.1596,134.7493
PISTON-ONR-NOAA_RVThompson_2018,104,11.0229,134.7497
PISTON-ONR-NOAA_RVThompson_2018,105,11.0142,134.7647
PISTON-ONR-NOAA_RVThompson_2018,106,11.1333,134.9055
PISTON-ONR-NOAA_RVThompson_2018,107,11.2517,135.0466
PISTON-ONR-NOAA_RVThompson_2018,108,11.3799,135.2000
PISTON-ONR-NOAA_RVThompson_2018,109,11.5232,135.3660
PISTON-ONR-NOAA_RVThompson_2018,110,11.6422,135.5078
PISTON-ONR-NOAA_RVThompson_2018,111,11.7799,135.6563
PISTON-ONR-NOAA_RVThompson_2018,112,11.9427,135.8044
PISTON-ONR-NOAA_RVThompson_2018,113,12.0819,135.9244
PISTON-ONR-NOAA_RVThompson_2018,114,12.2370,136.0552
PISTON-ONR-NOAA_RVThompson_2018,115,12.3596,136.1674
PISTON-ONR-NOAA_RVThompson_2018,116,12.3676,136.1815
PISTON-ONR-NOAA_RVThompson_2018,117,12.3673,136.1836
PISTON-ONR-NOAA_RVThompson_2018,118,12.4213,136.2358
PISTON-ONR-NOAA_RVThompson_2018,119,12.5559,136.3580
PISTON-ONR-NOAA_RVThompson_2018,120,12.6835,136.4812
PISTON-ONR-NOAA_RVThompson_2018,121,12.7018,136.4989
PISTON-ONR-NOAA_RVThompson_2018,122,12.7032,136.5022
PISTON-ONR-NOAA_RVThompson_2018,123,12.7073,136.5127
PISTON-ONR-NOAA_RVThompson_2018,124,12.7112,136.5238
PISTON-ONR-NOAA_RVThompson_2018,125,12.7142,136.5343
PISTON-ONR-NOAA_RVThompson_2018,126,12.7201,136.5469
PISTON-ONR-NOAA_RVThompson_2018,127,12.7264,136.5585
PISTON-ONR-NOAA_RVThompson_2018,128,12.7313,136.5680
PISTON-ONR-NOAA_RVThompson_2018,129,12.7371,136.5810
PISTON-ONR-NOAA_RVThompson_2018,130,12.7438,136.5961
PISTON-ONR-NOAA_RVThompson_2018,131,12.7491,136.6101
PISTON-ONR-NOAA_RVThompson_2018,132,12.7541,136.6264
PISTON-ONR-NOAA_RVThompson_2018,133,12.7557,136.6441
PISTON-ONR-NOAA_RVThompson_2018,134,12.7581,136.6594
PISTON-ONR-NOAA_RVThompson_2018,135,12.7609,136.6765
PISTON-ONR-NOAA_RVThompson_2018,136,12.7622,136.6929
PISTON-ONR-NOAA_RVThompson_2018,137,12.7661,136.7035
PISTON-ONR-NOAA_RVThompson_2018,138,12.7705,136.7143
PISTON-ONR-NOAA_RVThompson_2018,139,12.7748,136.7227
PISTON-ONR-NOAA_RVThompson_2018,140,12.7776,136.7293
PISTON-ONR-NOAA_RVThompson_2018,141,12.7818,136.7381
PISTON-ONR-NOAA_RVThompson_2018,142,12.7885,136.7501
PISTON-ONR-NOAA_RVThompson_2018,143,12.7920,136.7640
PISTON-ONR-NOAA_RVThompson_2018,144,12.7949,136.7834
PISTON-ONR-NOAA_RVThompson_2018,145,12.7998,136.8037
PISTON-ONR-NOAA_RVThompson_2018,146,12.8034,136.8180
PISTON-ONR-NOAA_RVThompson_2018,147,12.8057,136.8309
PISTON-ONR-NOAA_RVThompson_2018,148,12.8092,136.8426
PISTON-ONR-NOAA_RVThompson_2018,149,12.8148,136.8525
PISTON-ONR-NOAA_RVThompson_2018,150,12.8221,136.8616
PISTON-ONR-NOAA_RVThompson_2018,151,12.8288,136.8688
PISTON-ONR-NOAA_RVThompson_2018,152,12.8366,136.8750
PISTON-ONR-NOAA_RVThompson_2018,153,12.8491,136.8815
PISTON-ONR-NOAA_RVThompson_2018,154,12.8628,136.8926
PISTON-ONR-NOAA_RVThompson_2018,155,12.8755,136.9034
PISTON-ONR-NOAA_RVThompson_2018,156,12.8900,136.9179
PISTON-ONR-NOAA_RVThompson_2018,157,12.9050,136.9385
PISTON-ONR-NOAA_RVThompson_2018,158,12.9163,136.9574
PISTON-ONR-NOAA_RVThompson_2018,159,12.9269,136.9767
PISTON-ONR-NOAA_RVThompson_2018,160,12.9339,136.9927
PISTON-ONR-NOAA_RVThompson_2018,161,12.9226,136.9693
PISTON-ONR-NOAA_RVThompson_2018,162,12.8371,136.7972
PISTON-ONR-NOAA_RVThompson_2018,163,12.7311,136.5813
PISTON-ONR-NOAA_RVThompson_2018,164,12.6509,136.3972
PISTON-ONR-NOAA_RVThompson_2018,165,12.6423,136.2353
PISTON-ONR-NOAA_RVThompson_2018,166,12.6444,136.2276
PISTON-ONR-NOAA_RVThompson_2018,167,12.6433,136.2355
PISTON-ONR-NOAA_RVThompson_2018,168,12.6471,136.2438
PISTON-ONR-NOAA_RVThompson_2018,169,12.6558,136.2517
PISTON-ONR-NOAA_RVThompson_2018,170,12.6629,136.2584
PISTON-ONR-NOAA_RVThompson_2018,171,12.6726,136.2685
PISTON-ONR-NOAA_RVThompson_2018,172,12.6867,136.2830
PISTON-ONR-NOAA_RVThompson_2018,173,12.6978,136.2940
PISTON-ONR-NOAA_RVThompson_2018,174,12.7093,136.3041
PISTON-ONR-NOAA_RVThompson_2018,175,12.7210,136.3160
PISTON-ONR-NOAA_RVThompson_2018,176,12.7309,136.3257
PISTON-ONR-NOAA_RVThompson_2018,177,12.7415,136.3365
PISTON-ONR-NOAA_RVThompson_2018,178,12.7519,136.3504
PISTON-ONR-NOAA_RVThompson_2018,179,12.7583,136.3633
PISTON-ONR-NOAA_RVThompson_2018,180,12.7632,136.3790
PISTON-ONR-NOAA_RVThompson_2018,181,12.7668,136.3964
PISTON-ONR-NOAA_RVThompson_2018,182,12.7692,136.4115
PISTON-ONR-NOAA_RVThompson_2018,183,12.7712,136.4286
PISTON-ONR-NOAA_RVThompson_2018,184,12.7709,136.4462
PISTON-ONR-NOAA_RVThompson_2018,185,12.7717,136.4607
PISTON-ONR-NOAA_RVThompson_2018,186,12.7738,136.4746
PISTON-ONR-NOAA_RVThompson_2018,187,12.7765,136.4895
PISTON-ONR-NOAA_RVThompson_2018,188,12.7783,136.5025
PISTON-ONR-NOAA_RVThompson_2018,189,12.7838,136.5121
PISTON-ONR-NOAA_RVThompson_2018,190,12.7919,136.5175
PISTON-ONR-NOAA_RVThompson_2018,191,12.7977,136.5234
PISTON-ONR-NOAA_RVThompson_2018,192,12.8060,136.5273
PISTON-ONR-NOAA_RVThompson_2018,193,12.8167,136.5260
PISTON-ONR-NOAA_RVThompson_2018,194,12.8275,136.5235
PISTON-ONR-NOAA_RVThompson_2018,195,12.8382,136.5188
PISTON-ONR-NOAA_RVThompson_2018,196,12.8507,136.5127
PISTON-ONR-NOAA_RVThompson_2018,197,12.8615,136.5059
PISTON-ONR-NOAA_RVThompson_2018,198,12.8726,136.5012
PISTON-ONR-NOAA_RVThompson_2018,199,12.8880,136.5107
PISTON-ONR-NOAA_RVThompson_2018,200,12.9024,136.5225
PISTON-ONR-NOAA_RVThompson_2018,201,12.9177,136.5349
PISTON-ONR-NOAA_RVThompson_2018,202,12.9378,136.5481
PISTON-ONR-NOAA_RVThompson_2018,203,12.9583,136.5560
PISTON-ONR-NOAA_RVThompson_2018,204,12.9796,136.5591
PISTON-ONR-NOAA_RVThompson_2018,205,12.9973,136.5612
PISTON-ONR-NOAA_RVThompson_2018,206,13.0114,136.5604
PISTON-ONR-NOAA_RVThompson_2018,207,13.0262,136.5602
PISTON-ONR-NOAA_RVThompson_2018,208,13.0428,136.5582
PISTON-ONR-NOAA_RVThompson_2018,209,13.0598,136.5533
PISTON-ONR-NOAA_RVThompson_2018,210,13.0774,136.5518
PISTON-ONR-NOAA_RVThompson_2018,211,13.0853,136.5562
PISTON-ONR-NOAA_RVThompson_2018,212,13.0887,136.5586
PISTON-ONR-NOAA_RVThompson_2018,213,13.1015,136.5684
PISTON-ONR-NOAA_RVThompson_2018,214,13.1175,136.5808
PISTON-ONR-NOAA_RVThompson_2018,215,13.1309,136.5910
PISTON-ONR-NOAA_RVThompson_2018,216,13.1446,136.6016
PISTON-ONR-NOAA_RVThompson_2018,217,13.1587,136.6124
PISTON-ONR-NOAA_RVThompson_2018,218,13.1659,136.6154
PISTON-ONR-NOAA_RVThompson_2018,219,13.1271,136.5510
PISTON-ONR-NOAA_RVThompson_2018,220,13.0253,136.3864
PISTON-ONR-NOAA_RVThompson_2018,221,12.9145,136.2121
PISTON-ONR-NOAA_RVThompson_2018,222,12.7954,136.0206
PISTON-ONR-NOAA_RVThompson_2018,223,12.6673,135.8130
PISTON-ONR-NOAA_RVThompson_2018,224,12.5583,135.6387
PISTON-ONR-NOAA_RVThompson_2018,225,12.4405,135.4515
PISTON-ONR-NOAA_RVThompson_2018,226,12.3100,135.2481
PISTON-ONR-NOAA_RVThompson_2018,227,12.1999,135.0711
PISTON-ONR-NOAA_RVThompson_2018,228,12.0805,134.8761
PISTON-ONR-NOAA_RVThompson_2018,229,12.0023,134.7450
PISTON-ONR-NOAA_RVThompson_2018,230,12.0394,134.6910
PISTON-ONR-NOAA_RVThompson_2018,231,12.1932,134.6799
PISTON-ONR-NOAA_RVThompson_2018,232,12.3605,134.6798
PISTON-ONR-NOAA_RVThompson_2018,233,12.4307,134.6801
PISTON-ONR-NOAA_RVThompson_2018,234,12.4870,134.6793
PISTON-ONR-NOAA_RVThompson_2018,235,12.6100,134.6800
PISTON-ONR-NOAA_RVThompson_2018,236,12.7623,134.6789
PISTON-ONR-NOAA_RVThompson_2018,237,12.9292,134.6795
PISTON-ONR-NOAA_RVThompson_2018,238,12.9522,134.6161
PISTON-ONR-NOAA_RVThompson_2018,239,12.8082,134.6096
PISTON-ONR-NOAA_RVThompson_2018,240,12.6311,134.6103
PISTON-ONR-NOAA_RVThompson_2018,241,12.4310,134.6098
PISTON-ONR-NOAA_RVThompson_2018,242,12.2623,134.6101
PISTON-ONR-NOAA_RVThompson_2018,243,12.0766,134.6094
PISTON-ONR-NOAA_RVThompson_2018,244,11.8786,134.6104
PISTON-ONR-NOAA_RVThompson_2018,245,11.7655,134.6097
PISTON-ONR-NOAA_RVThompson_2018,246,11.6192,134.6113
PISTON-ONR-NOAA_RVThompson_2018,247,11.4384,134.6116
PISTON-ONR-NOAA_RVThompson_2018,248,11.2860,134.6098
PISTON-ONR-NOAA_RVThompson_2018,249,11.1207,134.6098
PISTON-ONR-NOAA_RVThompson_2018,250,11.0180,134.6545
PISTON-ONR-NOAA_RVThompson_2018,251,11.1321,134.6802
PISTON-ONR-NOAA_RVThompson_2018,252,11.3021,134.6804
PISTON-ONR-NOAA_RVThompson_2018,253,11.4857,134.6803
PISTON-ONR-NOAA_RVThompson_2018,254,11.6395,134.6803
PISTON-ONR-NOAA_RVThompson_2018,255,11.8056,134.6789
PISTON-ONR-NOAA_RVThompson_2018,256,11.9686,134.6797
PISTON-ONR-NOAA_RVThompson_2018,257,12.0012,134.6791
PISTON-ONR-NOAA_RVThompson_2018,258,12.0013,134.6813
PISTON-ONR-NOAA_RVThompson_2018,259,12.0027,134.7000
PISTON-ONR-NOAA_RVThompson_2018,260,12.0041,134.7156
PISTON-ONR-NOAA_RVThompson_2018,261,12.0077,134.7305
PISTON-ONR-NOAA_RVThompson_2018,262,12.0128,134.7459
PISTON-ONR-NOAA_RVThompson_2018,263,12.0189,134.7590
PISTON-ONR-NOAA_RVThompson_2018,264,12.0247,134.7729
PISTON-ONR-NOAA_RVThompson_2018,265,12.0301,134.7840
PISTON-ONR-NOAA_RVThompson_2018,266,12.0343,134.7917
PISTON-ONR-NOAA_RVThompson_2018,267,12.0392,134.7987
PISTON-ONR-NOAA_RVThompson_2018,268,12.0458,134.8070
PISTON-ONR-NOAA_RVThompson_2018,269,12.0529,134.8149
PISTON-ONR-NOAA_RVThompson_2018,270,12.0580,134.8255
PISTON-ONR-NOAA_RVThompson_2018,271,12.0606,134.8404
PISTON-ONR-NOAA_RVThompson_2018,272,12.0623,134.8512
PISTON-ONR-NOAA_RVThompson_2018,273,12.0655,134.8633
PISTON-ONR-NOAA_RVThompson_2018,274,12.0718,134.8745
PISTON-ONR-NOAA_RVThompson_2018,275,12.0765,134.8845
PISTON-ONR-NOAA_RVThompson_2018,276,12.0814,134.8960
PISTON-ONR-NOAA_RVThompson_2018,277,12.0826,134.9072
PISTON-ONR-NOAA_RVThompson_2018,278,12.0792,134.9162
PISTON-ONR-NOAA_RVThompson_2018,279,12.0761,134.9279
PISTON-ONR-NOAA_RVThompson_2018,280,12.0718,134.9431
PISTON-ONR-NOAA_RVThompson_2018,281,12.0682,134.9555
PISTON-ONR-NOAA_RVThompson_2018,282,12.0623,134.9700
PISTON-ONR-NOAA_RVThompson_2018,283,12.0579,134.9919
PISTON-ONR-NOAA_RVThompson_2018,284,12.0589,135.0094
PISTON-ONR-NOAA_RVThompson_2018,285,12.0590,135.0265
PISTON-ONR-NOAA_RVThompson_2018,286,12.0602,135.0450
PISTON-ONR-NOAA_RVThompson_2018,287,12.0594,135.0575
PISTON-ONR-NOAA_RVThompson_2018,288,12.0643,135.0644
PISTON-ONR-NOAA_RVThompson_2018,289,12.0763,135.0701
PISTON-ONR-NOAA_RVThompson_2018,290,12.0854,135.0781
PISTON-ONR-NOAA_RVThompson_2018,291,12.0910,135.0883
PISTON-ONR-NOAA_RVThompson_2018,292,12.0997,135.0996
PISTON-ONR-NOAA_RVThompson_2018,293,12.1073,135.1120
PISTON-ONR-NOAA_RVThompson_2018,294,12.1156,135.1266
PISTON-ONR-NOAA_RVThompson_2018,295,12.1202,135.1446
PISTON-ONR-NOAA_RVThompson_2018,296,12.1086,135.1579
PISTON-ONR-NOAA_RVThompson_2018,297,12.0894,135.1685
PISTON-ONR-NOAA_RVThompson_2018,298,12.0678,135.1763
PISTON-ONR-NOAA_RVThompson_2018,299,12.0485,135.1795
PISTON-ONR-NOAA_RVThompson_2018,300,12.0270,135.1787
PISTON-ONR-NOAA_RVThompson_2018,301,12.0021,135.1755
PISTON-ONR-NOAA_RVThompson_2018,302,11.9805,135.1727
PISTON-ONR-NOAA_RVThompson_2018,303,11.9593,135.1690
PISTON-ONR-NOAA_RVThompson_2018,304,11.9375,135.1658
PISTON-ONR-NOAA_RVThompson_2018,305,11.9207,135.1656
PISTON-ONR-NOAA_RVThompson_2018,306,11.9059,135.1578
PISTON-ONR-NOAA_RVThompson_2018,307,11.8884,135.1435
PISTON-ONR-NOAA_RVThompson_2018,308,11.8724,135.1331
PISTON-ONR-NOAA_RVThompson_2018,309,11.8554,135.1240
PISTON-ONR-NOAA_RVThompson_2018,310,11.8364,135.1157
PISTON-ONR-NOAA_RVThompson_2018,311,11.8193,135.1075
PISTON-ONR-NOAA_RVThompson_2018,312,11.8026,135.0948
PISTON-ONR-NOAA_RVThompson_2018,313,11.7849,135.0822
PISTON-ONR-NOAA_RVThompson_2018,314,11.7700,135.0722
PISTON-ONR-NOAA_RVThompson_2018,315,11.7566,135.0528
PISTON-ONR-NOAA_RVThompson_2018,316,11.7464,135.0281
PISTON-ONR-NOAA_RVThompson_2018,317,11.7388,135.0094
PISTON-ONR-NOAA_RVThompson_2018,318,11.7301,134.9899
PISTON-ONR-NOAA_RVThompson_2018,319,11.7147,134.9669
PISTON-ONR-NOAA_RVThompson_2018,320,11.6984,134.9460
PISTON-ONR-NOAA_RVThompson_2018,321,11.6771,134.9350
PISTON-ONR-NOAA_RVThompson_2018,322,11.6559,134.9225
PISTON-ONR-NOAA_RVThompson_2018,323,11.6379,134.9103
PISTON-ONR-NOAA_RVThompson_2018,324,11.6192,134.8977
PISTON-ONR-NOAA_RVThompson_2018,325,11.6011,134.8814
PISTON-ONR-NOAA_RVThompson_2018,326,11.5899,134.8630
PISTON-ONR-NOAA_RVThompson_2018,327,11.5778,134.8450
PISTON-ONR-NOAA_RVThompson_2018,328,11.5644,134.8291
PISTON-ONR-NOAA_RVThompson_2018,329,11.5528,134.8181
PISTON-ONR-NOAA_RVThompson_2018,330,11.5372,134.7973
PISTON-ONR-NOAA_RVThompson_2018,331,11.5127,134.7774
PISTON-ONR-NOAA_RVThompson_2018,332,11.4865,134.7629
PISTON-ONR-NOAA_RVThompson_2018,333,11.4583,134.7478
PISTON-ONR-NOAA_RVThompson_2018,334,11.4282,134.7230
PISTON-ONR-NOAA_RVThompson_2018,335,11.4038,134.6980
PISTON-ONR-NOAA_RVThompson_2018,336,11.3798,134.6693
PISTON-ONR-NOAA_RVThompson_2018,337,11.3519,134.6401
PISTON-ONR-NOAA_RVThompson_2018,338,11.3267,134.6135
PISTON-ONR-NOAA_RVThompson_2018,339,11.2978,134.5836
PISTON-ONR-NOAA_RVThompson_2018,340,11.2667,134.5508
PISTON-ONR-NOAA_RVThompson_2018,341,11.2409,134.5229
PISTON-ONR-NOAA_RVThompson_2018,342,11.2121,134.4912
PISTON-ONR-NOAA_RVThompson_2018,343,11.1808,134.4585
PISTON-ONR-NOAA_RVThompson_2018,344,11.1527,134.4351
PISTON-ONR-NOAA_RVThompson_2018,345,11.1214,134.4128
PISTON-ONR-NOAA_RVThompson_2018,346,11.0895,134.3864
PISTON-ONR-NOAA_RVThompson_2018,347,11.0641,134.3599
PISTON-ONR-NOAA_RVThompson_2018,348,11.0483,134.3228
PISTON-ONR-NOAA_RVThompson_2018,349,11.0246,134.2866
PISTON-ONR-NOAA_RVThompson_2018,350,10.9924,134.2642
PISTON-ONR-NOAA_RVThompson_2018,351,10.9648,134.2439
PISTON-ONR-NOAA_RVThompson_2018,352,10.9412,134.2272
PISTON-ONR-NOAA_RVThompson_2018,353,10.9249,134.2126
PISTON-ONR-NOAA_RVThompson_2018,354,10.9039,134.1920
PISTON-ONR-NOAA_RVThompson_2018,355,10.8783,134.1580
PISTON-ONR-NOAA_RVThompson_2018,356,10.8573,134.1258
PISTON-ONR-NOAA_RVThompson_2018,357,10.8392,134.0984
PISTON-ONR-NOAA_RVThompson_2018,358,10.8230,134.0677
PISTON-ONR-NOAA_RVThompson_2018,359,10.8067,134.0420
PISTON-ONR-NOAA_RVThompson_2018,360,10.7879,134.0194
PISTON-ONR-NOAA_RVThompson_2018,361,10.7651,133.9963
PISTON-ONR-NOAA_RVThompson_2018,362,10.7467,133.9803
PISTON-ONR-NOAA_RVThompson_2018,363,10.7328,133.9620
PISTON-ONR-NOAA_RVThompson_2018,364,10.7189,133.9410
PISTON-ONR-NOAA_RVThompson_2018,365,10.7061,133.9191
PISTON-ONR-NOAA_RVThompson_2018,366,10.6917,133.8927
PISTON-ONR-NOAA_RVThompson_2018,367,10.6848,133.8513
PISTON-ONR-NOAA_RVThompson_2018,368,10.6781,133.8145
PISTON-ONR-NOAA_RVThompson_2018,369,10.6703,133.7757
PISTON-ONR-NOAA_RVThompson_2018,370,10.6582,133.7359
PISTON-ONR-NOAA_RVThompson_2018,371,10.6442,133.7058
PISTON-ONR-NOAA_RVThompson_2018,372,10.6287,133.6761
PISTON-ONR-NOAA_RVThompson_2018,373,10.6126,133.6439
PISTON-ONR-NOAA_RVThompson_2018,374,10.5964,133.6161
PISTON-ONR-NOAA_RVThompson_2018,375,10.5775,133.5887
PISTON-ONR-NOAA_RVThompson_2018,376,10.5526,133.5559
PISTON-ONR-NOAA_RVThompson_2018,377,10.5237,133.5272
PISTON-ONR-NOAA_RVThompson_2018,378,10.4909,133.4939
PISTON-ONR-NOAA_RVThompson_2018,379,10.4559,133.4565
PISTON-ONR-NOAA_RVThompson_2018,380,10.4332,133.4245
PISTON-ONR-NOAA_RVThompson_2018,381,10.4172,133.3893
PISTON-ONR-NOAA_RVThompson_2018,382,10.4102,133.3562
PISTON-ONR-NOAA_RVThompson_2018,383,10.4025,133.3253
PISTON-ONR-NOAA_RVThompson_2018,384,10.3959,133.2939
PISTON-ONR-NOAA_RVThompson_2018,385,10.3882,133.2647
PISTON-ONR-NOAA_RVThompson_2018,386,10.3835,133.2402
PISTON-ONR-NOAA_RVThompson_2018,387,10.3780,133.2111
PISTON-ONR-NOAA_RVThompson_2018,388,10.3713,133.1789
PISTON-ONR-NOAA_RVThompson_2018,389,10.3662,133.1540
PISTON-ONR-NOAA_RVThompson_2018,390,10.3594,133.1308
PISTON-ONR-NOAA_RVThompson_2018,391,10.3477,133.1005
PISTON-ONR-NOAA_RVThompson_2018,392,10.3365,133.0789
PISTON-ONR-NOAA_RVThompson_2018,393,10.3245,133.0593
PISTON-ONR-NOAA_RVThompson_2018,394,10.3081,133.0338
PISTON-ONR-NOAA_RVThompson_2018,395,10.2923,133.0120
PISTON-ONR-NOAA_RVThompson_2018,396,10.2795,132.9911
PISTON-ONR-NOAA_RVThompson_2018,397,10.2665,132.9712
PISTON-ONR-NOAA_RVThompson_2018,398,10.2515,132.9500
PISTON-ONR-NOAA_RVThompson_2018,399,10.2372,132.9217
PISTON-ONR-NOAA_RVThompson_2018,400,10.2216,132.8933
PISTON-ONR-NOAA_RVThompson_2018,401,10.2089,132.8736
PISTON-ONR-NOAA_RVThompson_2018,402,10.2012,132.8561
PISTON-ONR-NOAA_RVThompson_2018,403,10.1920,132.8395
PISTON-ONR-NOAA_RVThompson_2018,404,10.1847,132.8271
PISTON-ONR-NOAA_RVThompson_2018,405,10.1755,132.8118
PISTON-ONR-NOAA_RVThompson_2018,406,10.1637,132.7905
PISTON-ONR-NOAA_RVThompson_2018,407,10.1535,132.7714
PISTON-ONR-NOAA_RVThompson_2018,408,10.1420,132.7514
PISTON-ONR-NOAA_RVThompson_2018,409,10.1237,132.7303
PISTON-ONR-NOAA_RVThompson_2018,410,10.1063,132.7166
PISTON-ONR-NOAA_RVThompson_2018,411,10.0863,132.7035
PISTON-ONR-NOAA_RVThompson_2018,412,10.0652,132.6902
PISTON-ONR-NOAA_RVThompson_2018,413,10.0511,132.6775
PISTON-ONR-NOAA_RVThompson_2018,414,10.0373,132.6633
PISTON-ONR-NOAA_RVThompson_2018,415,10.0209,132.6498
PISTON-ONR-NOAA_RVThompson_2018,416,10.0055,132.6406
PISTON-ONR-NOAA_RVThompson_2018,417,9.9858,132.6309
PISTON-ONR-NOAA_RVThompson_2018,418,9.9654,132.6205
PISTON-ONR-NOAA_RVThompson_2018,419,9.9468,132.6149
PISTON-ONR-NOAA_RVThompson_2018,420,9.9268,132.6108
PISTON-ONR-NOAA_RVThompson_2018,421,9.9056,132.6079
PISTON-ONR-NOAA_RVThompson_2018,422,9.8890,132.6065
PISTON-ONR-NOAA_RVThompson_2018,423,9.8699,132.6063
PISTON-ONR-NOAA_RVThompson_2018,424,9.8472,132.6075
PISTON-ONR-NOAA_RVThompson_2018,425,9.8270,132.6065
PISTON-ONR-NOAA_RVThompson_2018,426,9.8058,132.6040
PISTON-ONR-NOAA_RVThompson_2018,427,9.7831,132.6001
PISTON-ONR-NOAA_RVThompson_2018,428,9.7623,132.5956
PISTON-ONR-NOAA_RVThompson_2018,429,9.7390,132.5894
PISTON-ONR-NOAA_RVThompson_2018,430,9.7128,132.5809
PISTON-ONR-NOAA_RVThompson_2018,431,9.6910,132.5743
PISTON-ONR-NOAA_RVThompson_2018,432,9.6677,132.5679
PISTON-ONR-NOAA_RVThompson_2018,433,9.6428,132.5594
PISTON-ONR-NOAA_RVThompson_2018,434,9.6218,132.5518
PISTON-ONR-NOAA_RVThompson_2018,435,9.5982,132.5415
PISTON-ONR-NOAA_RVThompson_2018,436,9.5708,132.5273
PISTON-ONR-NOAA_RVThompson_2018,437,9.5473,132.5151
PISTON-ONR-NOAA_RVThompson_2018,438,9.5210,132.5030
PISTON-ONR-NOAA_RVThompson_2018,439,9.4930,132.4902
PISTON-ONR-NOAA_RVThompson_2018,440,9.4710,132.4807
PISTON-ONR-NOAA_RVThompson_2018,441,9.4490,132.4723
PISTON-ONR-NOAA_RVThompson_2018,442,9.4239,132.4605
PISTON-ONR-NOAA_RVThompson_2018,443,9.4029,132.4482
PISTON-ONR-NOAA_RVThompson_2018,444,9.3823,132.4363
PISTON-ONR-NOAA_RVThompson_2018,445,9.3601,132.4279
PISTON-ONR-NOAA_RVThompson_2018,446,9.3419,132.4225
PISTON-ONR-NOAA_RVThompson_2018,447,9.3853,132.4409
PISTON-ONR-NOAA_RVThompson_2018,448,9.5829,132.5296
PISTON-ONR-NOAA_RVThompson_2018,449,9.7575,132.6076
PISTON-ONR-NOAA_RVThompson_2018,450,9.9464,132.6891
PISTON-ONR-NOAA_RVThompson_2018,451,10.1217,132.7825
PISTON-ONR-NOAA_RVThompson_2018,452,10.2438,132.8584
PISTON-ONR-NOAA_RVThompson_2018,453,10.4416,132.9390
PISTON-ONR-NOAA_RVThompson_2018,454,10.6492,133.0247
PISTON-ONR-NOAA_RVThompson_2018,455,10.8240,133.0943
PISTON-ONR-NOAA_RVThompson_2018,456,11.0132,133.1735
PISTON-ONR-NOAA_RVThompson_2018,457,11.2213,133.2614
PISTON-ONR-NOAA_RVThompson_2018,458,11.3958,133.3374
PISTON-ONR-NOAA_RVThompson_2018,459,11.5845,133.4191
PISTON-ONR-NOAA_RVThompson_2018,460,11.7893,133.5095
PISTON-ONR-NOAA_RVThompson_2018,461,11.9660,133.5880
PISTON-ONR-NOAA_RVThompson_2018,462,12.1554,133.6743
PISTON-ONR-NOAA_RVThompson_2018,463,12.3550,133.7621
PISTON-ONR-NOAA_RVThompson_2018,464,12.5181,133.8307
PISTON-ONR-NOAA_RVThompson_2018,465,12.7010,133.9115
PISTON-ONR-NOAA_RVThompson_2018,466,12.9007,134.0066
PISTON-ONR-NOAA_RVThompson_2018,467,13.0687,134.0796
PISTON-ONR-NOAA_RVThompson_2018,468,13.2471,134.1591
PISTON-ONR-NOAA_RVThompson_2018,469,13.4421,134.2481
PISTON-ONR-NOAA_RVThompson_2018,470,13.6119,134.3276
PISTON-ONR-NOAA_RVThompson_2018,471,13.8016,134.4054
PISTON-ONR-NOAA_RVThompson_2018,472,13.9508,134.4857
PISTON-ONR-NOAA_RVThompson_2018,473,13.8510,134.5000
PISTON-ONR-NOAA_RVThompson_2018,474,13.6806,134.5005
PISTON-ONR-NOAA_RVThompson_2018,475,13.4941,134.5008
PISTON-ONR-NOAA_RVThompson_2018,476,13.3386,134.4992
PISTON-ONR-NOAA_RVThompson_2018,477,13.1705,134.4991
PISTON-ONR-NOAA_RVThompson_2018,478,12.9875,134.5005
PISTON-ONR-NOAA_RVThompson_2018,479,12.8328,134.5010
PISTON-ONR-NOAA_RVThompson_2018,480,12.6643,134.5000
PISTON-ONR-NOAA_RVThompson_2018,481,12.4883,134.4995
PISTON-ONR-NOAA_RVThompson_2018,482,12.3386,134.4998
PISTON-ONR-NOAA_RVThompson_2018,483,12.1684,134.4990
PISTON-ONR-NOAA_RVThompson_2018,484,11.9869,134.4988
PISTON-ONR-NOAA_RVThompson_2018,485,11.8342,134.5000
PISTON-ONR-NOAA_RVThompson_2018,486,11.6680,134.4993
PISTON-ONR-NOAA_RVThompson_2018,487,11.4887,134.5014
PISTON-ONR-NOAA_RVThompson_2018,488,11.3391,134.5011
PISTON-ONR-NOAA_RVThompson_2018,489,11.1731,134.5013
PISTON-ONR-NOAA_RVThompson_2018,490,10.9957,134.4996
PISTON-ONR-NOAA_RVThompson_2018,491,10.8509,134.4944
PISTON-ONR-NOAA_RVThompson_2018,492,10.6849,134.4862
PISTON-ONR-NOAA_RVThompson_2018,493,10.5021,134.4777
PISTON-ONR-NOAA_RVThompson_2018,494,10.3450,134.4726
PISTON-ONR-NOAA_RVThompson_2018,495,10.1826,134.4675
PISTON-ONR-NOAA_RVThompson_2018,496,10.0364,134.4543
PISTON-ONR-NOAA_RVThompson_2018,497,9.9124,134.4386
PISTON-ONR-NOAA_RVThompson_2018,498,9.7821,134.4218
PISTON-ONR-NOAA_RVThompson_2018,499,9.6434,134.4073
PISTON-ONR-NOAA_RVThompson_2018,500,9.5272,134.3993
PISTON-ONR-NOAA_RVThompson_2018,501,9.4027,134.3895
PISTON-ONR-NOAA_RVThompson_2018,502,8.0545,134.2625
PISTON-ONR-NOAA_RVThompson_2018,503,8.0545,134.2625
PISTON-ONR-NOAA_RVThompson_2018,504,8.0545,134.2625
PISTON-ONR-NOAA_RVThompson_2018,505,8.0811,134.2654
PISTON-ONR-NOAA_RVThompson_2018,506,8.2871,134.2819
PISTON-ONR-NOAA_RVThompson_2018,507,8.4721,134.2987
PISTON-ONR-NOAA_RVThompson_2018,508,8.6657,134.3168
PISTON-ONR-NOAA_RVThompson_2018,509,8.8970,134.3458
PISTON-ONR-NOAA_RVThompson_2018,510,9.0935,134.3664
PISTON-ONR-NOAA_RVThompson_2018,511,9.3051,134.3818
PISTON-ONR-NOAA_RVThompson_2018,512,9.5342,134.4024
PISTON-ONR-NOAA_RVThompson_2018,513,9.7232,134.4223
PISTON-ONR-NOAA_RVThompson_2018,514,9.9281,134.4423
PISTON-ONR-NOAA_RVThompson_2018,515,10.1483,134.4633
PISTON-ONR-NOAA_RVThompson_2018,516,10.3342,134.4806
PISTON-ONR-NOAA_RVThompson_2018,517,10.5382,134.5002
PISTON-ONR-NOAA_RVThompson_2018,518,10.7604,134.5231
PISTON-ONR-NOAA_RVThompson_2018,519,10.9413,134.5387
PISTON-ONR-NOAA_RVThompson_2018,520,11.0008,134.5440
PISTON-ONR-NOAA_RVThompson_2018,521,11.0351,134.5443
PISTON-ONR-NOAA_RVThompson_2018,522,11.1750,134.5450
PISTON-ONR-NOAA_RVThompson_2018,523,11.3402,134.5450
PISTON-ONR-NOAA_RVThompson_2018,524,11.5141,134.5450
PISTON-ONR-NOAA_RVThompson_2018,525,11.6589,134.5450
PISTON-ONR-NOAA_RVThompson_2018,526,11.8201,134.5452
PISTON-ONR-NOAA_RVThompson_2018,527,11.9953,134.5453
PISTON-ONR-NOAA_RVThompson_2018,528,12.1430,134.5475
PISTON-ONR-NOAA_RVThompson_2018,529,12.3039,134.5498
PISTON-ONR-NOAA_RVThompson_2018,530,12.4839,134.5522
PISTON-ONR-NOAA_RVThompson_2018,531,12.6356,134.5615
PISTON-ONR-NOAA_RVThompson_2018,532,12.7989,134.5681
PISTON-ONR-NOAA_RVThompson_2018,533,12.9839,134.5743
PISTON-ONR-NOAA_RVThompson_2018,534,13.1436,134.5803
PISTON-ONR-NOAA_RVThompson_2018,535,13.3196,134.5851
PISTON-ONR-NOAA_RVThompson_2018,536,13.5134,134.5916
PISTON-ONR-NOAA_RVThompson_2018,537,13.6689,134.5968
PISTON-ONR-NOAA_RVThompson_2018,538,13.8094,134.6021
PISTON-ONR-NOAA_RVThompson_2018,539,13.9147,134.6054
PISTON-ONR-NOAA_RVThompson_2018,540,14.0505,134.6082
PISTON-ONR-NOAA_RVThompson_2018,541,14.2038,134.6110
PISTON-ONR-NOAA_RVThompson_2018,542,14.3851,134.6169
PISTON-ONR-NOAA_RVThompson_2018,543,14.5395,134.6228
PISTON-ONR-NOAA_RVThompson_2018,544,14.7074,134.6350
PISTON-ONR-NOAA_RVThompson_2018,545,14.8936,134.6374
PISTON-ONR-NOAA_RVThompson_2018,546,15.0487,134.6373
PISTON-ONR-NOAA_RVThompson_2018,547,15.2166,134.6369
PISTON-ONR-NOAA_RVThompson_2018,548,15.4005,134.6293
PISTON-ONR-NOAA_RVThompson_2018,549,15.5532,134.6117
PISTON-ONR-NOAA_RVThompson_2018,550,15.7018,134.6467
PISTON-ONR-NOAA_RVThompson_2018,551,15.8552,134.6852
PISTON-ONR-NOAA_RVThompson_2018,552,15.9871,134.7048
PISTON-ONR-NOAA_RVThompson_2018,553,16.1348,134.7138
PISTON-ONR-NOAA_RVThompson_2018,554,16.2984,134.7236
PISTON-ONR-NOAA_RVThompson_2018,555,16.4363,134.7385
PISTON-ONR-NOAA_RVThompson_2018,556,16.4896,134.7657
PISTON-ONR-NOAA_RVThompson_2018,557,16.3482,134.7737
PISTON-ONR-NOAA_RVThompson_2018,558,16.1747,134.7825
PISTON-ONR-NOAA_RVThompson_2018,559,15.9832,134.7875
PISTON-ONR-NOAA_RVThompson_2018,560,15.7727,134.7463
PISTON-ONR-NOAA_RVThompson_2018,561,15.7364,134.7036
PISTON-ONR-NOAA_RVThompson_2018,562,15.7700,134.6926
PISTON-ONR-NOAA_RVThompson_2018,563,15.7700,134.6926
PISTON-ONR-NOAA_RVThompson_2018,564,15.7700,134.6926
PISTON-ONR-NOAA_RVThompson_2018,565,15.7701,134.6926
PISTON-ONR-NOAA_RVThompson_2018,566,15.7701,134.6926
PISTON-ONR-NOAA_RVThompson_2018,567,15.7701,134.6926
PISTON-ONR-NOAA_RVThompson_2018,568,15.7701,134.6926
PISTON-ONR-NOAA_RVThompson_2018,569,15.7701,134.6927
PISTON-ONR-NOAA_RVThompson_2018,570,15.7701,134.6927
PISTON-ONR-NOAA_RVThompson_2018,571,15.7701,134.6927
PISTON-ONR-NOAA_RVThompson_2018,572,15.7701,134.6926
PISTON-ONR-NOAA_RVThompson_2018,573,15.7700,134.6926
PISTON-ONR-NOAA_RVThompson_2018,574,15.7649,134.6916
PISTON-ONR-NOAA_RVThompson_2018,575,15.7628,134.6911
PISTON-ONR-NOAA_RVThompson_2018,576,15.7628,134.6911
PISTON-ONR-NOAA_RVThompson_2018,577,15.7628,134.6910
PISTON-ONR-NOAA_RVThompson_2018,578,15.7229,134.6367
PISTON-ONR-NOAA_RVThompson_2018,579,15.7178,134.6294
PISTON-ONR-NOAA_RVThompson_2018,580,15.7257,134.6404
PISTON-ONR-NOAA_RVThompson_2018,581,15.7328,134.6502
PISTON-ONR-NOAA_RVThompson_2018,582,15.7380,134.6573
PISTON-ONR-NOAA_RVThompson_2018,583,15.7431,134.6642
PISTON-ONR-NOAA_RVThompson_2018,584,15.7489,134.6722
PISTON-ONR-NOAA_RVThompson_2018,585,15.7537,134.6788
PISTON-ONR-NOAA_RVThompson_2018,586,15.7596,134.6868
PISTON-ONR-NOAA_RVThompson_2018,587,15.7635,134.6963
PISTON-ONR-NOAA_RVThompson_2018,588,15.7631,134.6904
PISTON-ONR-NOAA_RVThompson_2018,589,15.7724,134.6989
PISTON-ONR-NOAA_RVThompson_2018,590,15.7637,134.6869
PISTON-ONR-NOAA_RVThompson_2018,591,15.7757,134.6892
PISTON-ONR-NOAA_RVThompson_2018,592,15.7655,134.7000
PISTON-ONR-NOAA_RVThompson_2018,593,15.7625,134.6843
PISTON-ONR-NOAA_RVThompson_2018,594,15.7600,134.6913
PISTON-ONR-NOAA_RVThompson_2018,595,15.7666,134.6908
PISTON-ONR-NOAA_RVThompson_2018,596,15.7539,134.6840
PISTON-ONR-NOAA_RVThompson_2018,597,15.7527,134.6810
PISTON-ONR-NOAA_RVThompson_2018,598,15.7527,134.6810
PISTON-ONR-NOAA_RVThompson_2018,599,15.7575,134.6874
PISTON-ONR-NOAA_RVThompson_2018,600,15.7602,134.6914
PISTON-ONR-NOAA_RVThompson_2018,601,15.6142,134.6932
PISTON-ONR-NOAA_RVThompson_2018,602,15.4068,134.7005
PISTON-ONR-NOAA_RVThompson_2018,603,15.2317,134.7046
PISTON-ONR-NOAA_RVThompson_2018,604,15.0341,134.7081
PISTON-ONR-NOAA_RVThompson_2018,605,14.8162,134.7101
PISTON-ONR-NOAA_RVThompson_2018,606,14.6357,134.7158
PISTON-ONR-NOAA_RVThompson_2018,607,14.4642,134.7194
PISTON-ONR-NOAA_RVThompson_2018,608,14.2437,134.7217
PISTON-ONR-NOAA_RVThompson_2018,609,14.0579,134.7264
PISTON-ONR-NOAA_RVThompson_2018,610,13.8533,134.7301
PISTON-ONR-NOAA_RVThompson_2018,611,13.6226,134.7348
PISTON-ONR-NOAA_RVThompson_2018,612,13.4269,134.7382
PISTON-ONR-NOAA_RVThompson_2018,613,13.2170,134.7410
PISTON-ONR-NOAA_RVThompson_2018,614,12.9894,134.7420
PISTON-ONR-NOAA_RVThompson_2018,615,12.7982,134.7471
PISTON-ONR-NOAA_RVThompson_2018,616,12.5921,134.7520
PISTON-ONR-NOAA_RVThompson_2018,617,12.3822,134.7570
PISTON-ONR-NOAA_RVThompson_2018,618,12.3409,134.7154
PISTON-ONR-NOAA_RVThompson_2018,619,12.3487,134.6855
PISTON-ONR-NOAA_RVThompson_2018,620,12.3448,134.6993
PISTON-ONR-NOAA_RVThompson_2018,621,12.3419,134.7098
PISTON-ONR-NOAA_RVThompson_2018,622,12.3390,134.7201
PISTON-ONR-NOAA_RVThompson_2018,623,12.3357,134.7317
PISTON-ONR-NOAA_RVThompson_2018,624,12.3331,134.7408
PISTON-ONR-NOAA_RVThompson_2018,625,12.3270,134.7581
PISTON-ONR-NOAA_RVThompson_2018,626,12.3132,134.7588
PISTON-ONR-NOAA_RVThompson_2018,627,12.3057,134.7500
PISTON-ONR-NOAA_RVThompson_2018,628,12.3057,134.7500
PISTON-ONR-NOAA_RVThompson_2018,629,12.3096,134.7586
PISTON-ONR-NOAA_RVThompson_2018,630,12.3245,134.7642
PISTON-ONR-NOAA_RVThompson_2018,631,12.3317,134.7511
PISTON-ONR-NOAA_RVThompson_2018,632,12.5003,134.7482
PISTON-ONR-NOAA_RVThompson_2018,633,12.6853,134.7490
PISTON-ONR-NOAA_RVThompson_2018,634,12.8885,134.7495
PISTON-ONR-NOAA_RVThompson_2018,635,13.1087,134.7480
PISTON-ONR-NOAA_RVThompson_2018,636,13.2954,134.7447
PISTON-ONR-NOAA_RVThompson_2018,637,13.5006,134.7365
PISTON-ONR-NOAA_RVThompson_2018,638,13.7218,134.7304
PISTON-ONR-NOAA_RVThompson_2018,639,13.9039,134.7304
PISTON-ONR-NOAA_RVThompson_2018,640,14.1058,134.7268
PISTON-ONR-NOAA_RVThompson_2018,641,14.3260,134.7238
PISTON-ONR-NOAA_RVThompson_2018,642,14.5144,134.7227
PISTON-ONR-NOAA_RVThompson_2018,643,14.7241,134.7144
PISTON-ONR-NOAA_RVThompson_2018,644,14.9480,134.7121
PISTON-ONR-NOAA_RVThompson_2018,645,15.1391,134.7081
PISTON-ONR-NOAA_RVThompson_2018,646,15.3514,134.6978
PISTON-ONR-NOAA_RVThompson_2018,647,15.5680,134.6068
PISTON-ONR-NOAA_RVThompson_2018,648,15.7400,134.5286
PISTON-ONR-NOAA_RVThompson_2018,649,15.7746,134.5726
PISTON-ONR-NOAA_RVThompson_2018,650,15.7782,134.5495
PISTON-ONR-NOAA_RVThompson_2018,651,15.7818,134.5236
PISTON-ONR-NOAA_RVThompson_2018,652,15.7888,134.4925
PISTON-ONR-NOAA_RVThompson_2018,653,15.8083,134.5374
PISTON-ONR-NOAA_RVThompson_2018,654,15.8068,134.5368
PISTON-ONR-NOAA_RVThompson_2018,655,15.8096,134.5326
PISTON-ONR-NOAA_RVThompson_2018,656,15.8177,134.5263
PISTON-ONR-NOAA_RVThompson_2018,657,15.8235,134.5137
PISTON-ONR-NOAA_RVThompson_2018,658,15.8213,134.4961
PISTON-ONR-NOAA_RVThompson_2018,659,15.8129,134.4771
PISTON-ONR-NOAA_RVThompson_2018,660,15.7995,134.4955
PISTON-ONR-NOAA_RVThompson_2018,661,15.6647,134.5793
PISTON-ONR-NOAA_RVThompson_2018,662,15.4303,134.5920
PISTON-ONR-NOAA_RVThompson_2018,663,15.2322,134.6049
PISTON-ONR-NOAA_RVThompson_2018,664,15.0164,134.6152
PISTON-ONR-NOAA_RVThompson_2018,665,14.7830,134.6282
PISTON-ONR-NOAA_RVThompson_2018,666,14.5872,134.6399
PISTON-ONR-NOAA_RVThompson_2018,667,14.3725,134.6514
PISTON-ONR-NOAA_RVThompson_2018,668,14.1360,134.6654
PISTON-ONR-NOAA_RVThompson_2018,669,13.9349,134.6758
PISTON-ONR-NOAA_RVThompson_2018,670,13.7153,134.6880
PISTON-ONR-NOAA_RVThompson_2018,671,13.4789,134.7013
PISTON-ONR-NOAA_RVThompson_2018,672,13.2821,134.7121
PISTON-ONR-NOAA_RVThompson_2018,673,13.0695,134.7251
PISTON-ONR-NOAA_RVThompson_2018,674,12.8471,134.7386
PISTON-ONR-NOAA_RVThompson_2018,675,12.6580,134.7456
PISTON-ONR-NOAA_RVThompson_2018,676,12.4500,134.7579
PISTON-ONR-NOAA_RVThompson_2018,677,12.3236,134.7656
PISTON-ONR-NOAA_RVThompson_2018,678,12.3230,134.7658
PISTON-ONR-NOAA_RVThompson_2018,679,12.3280,134.7696
PISTON-ONR-NOAA_RVThompson_2018,680,12.3465,134.7839
PISTON-ONR-NOAA_RVThompson_2018,681,12.3613,134.7965
PISTON-ONR-NOAA_RVThompson_2018,682,12.3748,134.8115
PISTON-ONR-NOAA_RVThompson_2018,683,12.3790,134.8284
PISTON-ONR-NOAA_RVThompson_2018,684,12.3627,134.8294
PISTON-ONR-NOAA_RVThompson_2018,685,12.3464,134.8147
PISTON-ONR-NOAA_RVThompson_2018,686,12.3252,134.7946
PISTON-ONR-NOAA_RVThompson_2018,687,12.3063,134.7775
PISTON-ONR-NOAA_RVThompson_2018,688,12.2851,134.7578
PISTON-ONR-NOAA_RVThompson_2018,689,12.2623,134.7328
PISTON-ONR-NOAA_RVThompson_2018,690,12.2553,134.7121
PISTON-ONR-NOAA_RVThompson_2018,691,12.2729,134.7028
PISTON-ONR-NOAA_RVThompson_2018,692,12.2941,134.7129
PISTON-ONR-NOAA_RVThompson_2018,693,12.3079,134.7242
PISTON-ONR-NOAA_RVThompson_2018,694,12.3229,134.7366
PISTON-ONR-NOAA_RVThompson_2018,695,12.3396,134.7501
PISTON-ONR-NOAA_RVThompson_2018,696,12.3534,134.7609
PISTON-ONR-NOAA_RVThompson_2018,697,12.3648,134.7709
PISTON-ONR-NOAA_RVThompson_2018,698,12.3736,134.7786
PISTON-ONR-NOAA_RVThompson_2018,699,12.3809,134.7845
PISTON-ONR-NOAA_RVThompson_2018,700,12.3925,134.7937
PISTON-ONR-NOAA_RVThompson_2018,701,12.3869,134.8077
PISTON-ONR-NOAA_RVThompson_2018,702,12.3609,134.8062
PISTON-ONR-NOAA_RVThompson_2018,703,12.3371,134.8023
PISTON-ONR-NOAA_RVThompson_2018,704,12.3144,134.7985
PISTON-ONR-NOAA_RVThompson_2018,705,12.2964,134.7913
PISTON-ONR-NOAA_RVThompson_2018,706,12.2759,134.7816
PISTON-ONR-NOAA_RVThompson_2018,707,12.2547,134.7734
PISTON-ONR-NOAA_RVThompson_2018,708,12.2545,134.7602
PISTON-ONR-NOAA_RVThompson_2018,709,12.2790,134.7502
PISTON-ONR-NOAA_RVThompson_2018,710,12.3078,134.7397
PISTON-ONR-NOAA_RVThompson_2018,711,12.3307,134.7351
PISTON-ONR-NOAA_RVThompson_2018,712,12.3501,134.7426
PISTON-ONR-NOAA_RVThompson_2018,713,12.3705,134.7643
PISTON-ONR-NOAA_RVThompson_2018,714,12.3874,134.7891
PISTON-ONR-NOAA_RVThompson_2018,715,12.3804,134.8121
PISTON-ONR-NOAA_RVThompson_2018,716,12.3589,134.8092
PISTON-ONR-NOAA_RVThompson_2018,717,12.3419,134.8032
PISTON-ONR-NOAA_RVThompson_2018,718,12.3240,134.7997
PISTON-ONR-NOAA_RVThompson_2018,719,12.3021,134.7950
PISTON-ONR-NOAA_RVThompson_2018,720,12.2831,134.7895
PISTON-ONR-NOAA_RVThompson_2018,721,12.2652,134.7730
PISTON-ONR-NOAA_RVThompson_2018,722,12.2506,134.7507
PISTON-ONR-NOAA_RVThompson_2018,723,12.2502,134.7318
PISTON-ONR-NOAA_RVThompson_2018,724,12.2599,134.7129
PISTON-ONR-NOAA_RVThompson_2018,725,12.2895,134.7078
PISTON-ONR-NOAA_RVThompson_2018,726,12.3158,134.7238
PISTON-ONR-NOAA_RVThompson_2018,727,12.3399,134.7501
PISTON-ONR-NOAA_RVThompson_2018,728,12.3492,134.7912
PISTON-ONR-NOAA_RVThompson_2018,729,12.3419,134.8192
PISTON-ONR-NOAA_RVThompson_2018,730,12.3195,134.8207
PISTON-ONR-NOAA_RVThompson_2018,731,12.2897,134.8109
PISTON-ONR-NOAA_RVThompson_2018,732,12.2685,134.7973
PISTON-ONR-NOAA_RVThompson_2018,733,12.2548,134.7769
PISTON-ONR-NOAA_RVThompson_2018,734,12.2434,134.7524
PISTON-ONR-NOAA_RVThompson_2018,735,12.2481,134.7368
PISTON-ONR-NOAA_RVThompson_2018,736,12.2605,134.7204
PISTON-ONR-NOAA_RVThompson_2018,737,12.2766,134.7008
PISTON-ONR-NOAA_RVThompson_2018,738,12.2952,134.6980
PISTON-ONR-NOAA_RVThompson_2018,739,12.2988,134.7188
PISTON-ONR-NOAA_RVThompson_2018,740,12.2923,134.7409
PISTON-ONR-NOAA_RVThompson_2018,741,12.2896,134.7547
PISTON-ONR-NOAA_RVThompson_2018,742,12.2898,134.7677
PISTON-ONR-NOAA_RVThompson_2018,743,12.2916,134.7806
PISTON-ONR-NOAA_RVThompson_2018,744,12.2929,134.7938
PISTON-ONR-NOAA_RVThompson_2018,745,12.2905,134.8110
PISTON-ONR-NOAA_RVThompson_2018,746,12.2702,134.8214
PISTON-ONR-NOAA_RVThompson_2018,747,12.2534,134.8041
PISTON-ONR-NOAA_RVThompson_2018,748,12.2435,134.7841
PISTON-ONR-NOAA_RVThompson_2018,749,12.2394,134.7639
PISTON-ONR-NOAA_RVThompson_2018,750,12.2613,134.7509
PISTON-ONR-NOAA_RVThompson_2018,751,12.2886,134.7633
PISTON-ONR-NOAA_RVThompson_2018,752,12.3145,134.7839
PISTON-ONR-NOAA_RVThompson_2018,753,12.3346,134.8004
PISTON-ONR-NOAA_RVThompson_2018,754,12.3551,134.8171
PISTON-ONR-NOAA_RVThompson_2018,755,12.3601,134.8346
PISTON-ONR-NOAA_RVThompson_2018,756,12.3438,134.8380
PISTON-ONR-NOAA_RVThompson_2018,757,12.3247,134.8372
PISTON-ONR-NOAA_RVThompson_2018,758,12.3043,134.8373
PISTON-ONR-NOAA_RVThompson_2018,759,12.2870,134.8370
PISTON-ONR-NOAA_RVThompson_2018,760,12.2729,134.8301
PISTON-ONR-NOAA_RVThompson_2018,761,12.2596,134.8174
PISTON-ONR-NOAA_RVThompson_2018,762,12.2484,134.8023
PISTON-ONR-NOAA_RVThompson_2018,763,12.2424,134.7812
PISTON-ONR-NOAA_RVThompson_2018,764,12.2689,134.7929
PISTON-ONR-NOAA_RVThompson_2018,765,12.2905,134.8144
PISTON-ONR-NOAA_RVThompson_2018,766,12.3078,134.8387
PISTON-ONR-NOAA_RVThompson_2018,767,12.2974,134.8538
PISTON-ONR-NOAA_RVThompson_2018,768,12.3012,134.8310
PISTON-ONR-NOAA_RVThompson_2018,769,12.3327,134.8091
PISTON-ONR-NOAA_RVThompson_2018,770,12.3681,134.8142
PISTON-ONR-NOAA_RVThompson_2018,771,12.3709,134.8352
PISTON-ONR-NOAA_RVThompson_2018,772,12.3461,134.8420
PISTON-ONR-NOAA_RVThompson_2018,773,12.3260,134.8338
PISTON-ONR-NOAA_RVThompson_2018,774,12.3132,134.8260
PISTON-ONR-NOAA_RVThompson_2018,775,12.2934,134.8152
PISTON-ONR-NOAA_RVThompson_2018,776,12.2728,134.8027
PISTON-ONR-NOAA_RVThompson_2018,777,12.2561,134.7918
PISTON-ONR-NOAA_RVThompson_2018,778,12.2526,134.7818
PISTON-ONR-NOAA_RVThompson_2018,779,12.2793,134.8033
PISTON-ONR-NOAA_RVThompson_2018,780,12.3005,134.8259
PISTON-ONR-NOAA_RVThompson_2018,781,12.2953,134.8461
PISTON-ONR-NOAA_RVThompson_2018,782,12.2723,134.8332
PISTON-ONR-NOAA_RVThompson_2018,783,12.2548,134.8199
PISTON-ONR-NOAA_RVThompson_2018,784,12.2448,134.7965
PISTON-ONR-NOAA_RVThompson_2018,785,12.2676,134.7879
PISTON-ONR-NOAA_RVThompson_2018,786,12.2928,134.7913
PISTON-ONR-NOAA_RVThompson_2018,787,12.3201,134.7986
PISTON-ONR-NOAA_RVThompson_2018,788,12.3489,134.8144
PISTON-ONR-NOAA_RVThompson_2018,789,12.3615,134.8314
PISTON-ONR-NOAA_RVThompson_2018,790,12.3353,134.8344
PISTON-ONR-NOAA_RVThompson_2018,791,12.3016,134.8266
PISTON-ONR-NOAA_RVThompson_2018,792,12.2790,134.8188
PISTON-ONR-NOAA_RVThompson_2018,793,12.2594,134.8083
PISTON-ONR-NOAA_RVThompson_2018,794,12.2487,134.7974
PISTON-ONR-NOAA_RVThompson_2018,795,12.2432,134.7847
PISTON-ONR-NOAA_RVThompson_2018,796,12.2638,134.7797
PISTON-ONR-NOAA_RVThompson_2018,797,12.2923,134.7907
PISTON-ONR-NOAA_RVThompson_2018,798,12.3162,134.8011
PISTON-ONR-NOAA_RVThompson_2018,799,12.3447,134.8144
PISTON-ONR-NOAA_RVThompson_2018,800,12.3618,134.8318
PISTON-ONR-NOAA_RVThompson_2018,801,12.3415,134.8351
PISTON-ONR-NOAA_RVThompson_2018,802,12.3161,134.8288
PISTON-ONR-NOAA_RVThompson_2018,803,12.2915,134.8191
PISTON-ONR-NOAA_RVThompson_2018,804,12.2700,134.8099
PISTON-ONR-NOAA_RVThompson_2018,805,12.2516,134.8007
PISTON-ONR-NOAA_RVThompson_2018,806,12.2427,134.7898
PISTON-ONR-NOAA_RVThompson_2018,807,12.2666,134.7861
PISTON-ONR-NOAA_RVThompson_2018,808,12.2968,134.7924
PISTON-ONR-NOAA_RVThompson_2018,809,12.3303,134.8030
PISTON-ONR-NOAA_RVThompson_2018,810,12.3576,134.8153
PISTON-ONR-NOAA_RVThompson_2018,811,12.3673,134.8318
PISTON-ONR-NOAA_RVThompson_2018,812,12.3531,134.8293
PISTON-ONR-NOAA_RVThompson_2018,813,12.3358,134.8206
PISTON-ONR-NOAA_RVThompson_2018,814,12.3153,134.8114
PISTON-ONR-NOAA_RVThompson_2018,815,12.2915,134.8007
PISTON-ONR-NOAA_RVThompson_2018,816,12.2718,134.7897
PISTON-ONR-NOAA_RVThompson_2018,817,12.2520,134.7780
PISTON-ONR-NOAA_RVThompson_2018,818,12.2366,134.7616
PISTON-ONR-NOAA_RVThompson_2018,819,12.2495,134.7527
PISTON-ONR-NOAA_RVThompson_2018,820,12.2794,134.7667
PISTON-ONR-NOAA_RVThompson_2018,821,12.3103,134.7854
PISTON-ONR-NOAA_RVThompson_2018,822,12.3363,134.8042
PISTON-ONR-NOAA_RVThompson_2018,823,12.3640,134.8276
PISTON-ONR-NOAA_RVThompson_2018,824,12.3572,134.8401
PISTON-ONR-NOAA_RVThompson_2018,825,12.3354,134.8384
PISTON-ONR-NOAA_RVThompson_2018,826,12.3143,134.8328
PISTON-ONR-NOAA_RVThompson_2018,827,12.2918,134.8235
PISTON-ONR-NOAA_RVThompson_2018,828,12.2728,134.8145
PISTON-ONR-NOAA_RVThompson_2018,829,12.2525,134.8069
PISTON-ONR-NOAA_RVThompson_2018,830,12.2390,134.7924
PISTON-ONR-NOAA_RVThompson_2018,831,12.2470,134.7795
PISTON-ONR-NOAA_RVThompson_2018,832,12.2734,134.7936
PISTON-ONR-NOAA_RVThompson_2018,833,12.2988,134.8103
PISTON-ONR-NOAA_RVThompson_2018,834,12.3204,134.8229
PISTON-ONR-NOAA_RVThompson_2018,835,12.3392,134.8411
PISTON-ONR-NOAA_RVThompson_2018,836,12.3213,134.8436
PISTON-ONR-NOAA_RVThompson_2018,837,12.2971,134.8213
PISTON-ONR-NOAA_RVThompson_2018,838,12.2713,134.7965
PISTON-ONR-NOAA_RVThompson_2018,839,12.2450,134.7683
PISTON-ONR-NOAA_RVThompson_2018,840,12.2429,134.7503
PISTON-ONR-NOAA_RVThompson_2018,841,12.2611,134.7387
PISTON-ONR-NOAA_RVThompson_2018,842,12.2834,134.7188
PISTON-ONR-NOAA_RVThompson_2018,843,12.3064,134.7006
PISTON-ONR-NOAA_RVThompson_2018,844,12.3376,134.6939
PISTON-ONR-NOAA_RVThompson_2018,845,12.3617,134.7086
PISTON-ONR-NOAA_RVThompson_2018,846,12.3683,134.7269
PISTON-ONR-NOAA_RVThompson_2018,847,12.3749,134.7438
PISTON-ONR-NOAA_RVThompson_2018,848,12.3812,134.7582
PISTON-ONR-NOAA_RVThompson_2018,849,12.3810,134.7751
PISTON-ONR-NOAA_RVThompson_2018,850,12.3749,134.7956
PISTON-ONR-NOAA_RVThompson_2018,851,12.3660,134.8219
PISTON-ONR-NOAA_RVThompson_2018,852,12.3511,134.8390
PISTON-ONR-NOAA_RVThompson_2018,853,12.3264,134.8456
PISTON-ONR-NOAA_RVThompson_2018,854,12.3013,134.8475
PISTON-ONR-NOAA_RVThompson_2018,855,12.2827,134.8424
PISTON-ONR-NOAA_RVThompson_2018,856,12.2658,134.8323
PISTON-ONR-NOAA_RVThompson_2018,857,12.2578,134.8120
PISTON-ONR-NOAA_RVThompson_2018,858,12.2591,134.7882
PISTON-ONR-NOAA_RVThompson_2018,859,12.2686,134.7518
PISTON-ONR-NOAA_RVThompson_2018,860,12.2864,134.7147
PISTON-ONR-NOAA_RVThompson_2018,861,12.3090,134.6962
PISTON-ONR-NOAA_RVThompson_2018,862,12.3402,134.6961
PISTON-ONR-NOAA_RVThompson_2018,863,12.3648,134.7101
PISTON-ONR-NOAA_RVThompson_2018,864,12.3766,134.7347
PISTON-ONR-NOAA_RVThompson_2018,865,12.3855,134.7581
PISTON-ONR-NOAA_RVThompson_2018,866,12.3850,134.7796
PISTON-ONR-NOAA_RVThompson_2018,867,12.3796,134.7974
PISTON-ONR-NOAA_RVThompson_2018,868,12.3701,134.8136
PISTON-ONR-NOAA_RVThompson_2018,869,12.3549,134.8284
PISTON-ONR-NOAA_RVThompson_2018,870,12.3365,134.8390
PISTON-ONR-NOAA_RVThompson_2018,871,12.3117,134.8430
PISTON-ONR-NOAA_RVThompson_2018,872,12.2847,134.8351
PISTON-ONR-NOAA_RVThompson_2018,873,12.2658,134.8197
PISTON-ONR-NOAA_RVThompson_2018,874,12.2533,134.7967
PISTON-ONR-NOAA_RVThompson_2018,875,12.2588,134.7624
PISTON-ONR-NOAA_RVThompson_2018,876,12.2661,134.7345
PISTON-ONR-NOAA_RVThompson_2018,877,12.2777,134.7085
PISTON-ONR-NOAA_RVThompson_2018,878,12.2921,134.6957
PISTON-ONR-NOAA_RVThompson_2018,879,12.2976,134.7120
PISTON-ONR-NOAA_RVThompson_2018,880,12.2855,134.7386
PISTON-ONR-NOAA_RVThompson_2018,881,12.2706,134.7680
PISTON-ONR-NOAA_RVThompson_2018,882,12.2549,134.7912
PISTON-ONR-NOAA_RVThompson_2018,883,12.2414,134.7911
PISTON-ONR-NOAA_RVThompson_2018,884,12.2528,134.7644
PISTON-ONR-NOAA_RVThompson_2018,885,12.2665,134.7436
PISTON-ONR-NOAA_RVThompson_2018,886,12.2814,134.7203
PISTON-ONR-NOAA_RVThompson_2018,887,12.2967,134.6975
PISTON-ONR-NOAA_RVThompson_2018,888,12.3107,134.6774
PISTON-ONR-NOAA_RVThompson_2018,889,12.3259,134.6584
PISTON-ONR-NOAA_RVThompson_2018,890,12.3210,134.6682
PISTON-ONR-NOAA_RVThompson_2018,891,12.2988,134.6901
PISTON-ONR-NOAA_RVThompson_2018,892,12.2722,134.7121
PISTON-ONR-NOAA_RVThompson_2018,893,12.2450,134.7390
PISTON-ONR-NOAA_RVThompson_2018,894,12.2435,134.7491
PISTON-ONR-NOAA_RVThompson_2018,895,12.2620,134.7410
PISTON-ONR-NOAA_RVThompson_2018,896,12.2838,134.7307
PISTON-ONR-NOAA_RVThompson_2018,897,12.3075,134.7235
PISTON-ONR-NOAA_RVThompson_2018,898,12.3342,134.7151
PISTON-ONR-NOAA_RVThompson_2018,899,12.3611,134.7050
PISTON-ONR-NOAA_RVThompson_2018,900,12.3556,134.7048
PISTON-ONR-NOAA_RVThompson_2018,901,12.3307,134.7166
PISTON-ONR-NOAA_RVThompson_2018,902,12.3164,134.7081
PISTON-ONR-NOAA_RVThompson_2018,903,12.3216,134.6859
PISTON-ONR-NOAA_RVThompson_2018,904,12.3091,134.6857
PISTON-ONR-NOAA_RVThompson_2018,905,12.2888,134.7269
PISTON-ONR-NOAA_RVThompson_2018,906,12.2755,134.7628
PISTON-ONR-NOAA_RVThompson_2018,907,12.2644,134.7994
PISTON-ONR-NOAA_RVThompson_2018,908,12.2676,134.7868
PISTON-ONR-NOAA_RVThompson_2018,909,12.2758,134.7617
PISTON-ONR-NOAA_RVThompson_2018,910,12.2852,134.7330
PISTON-ONR-NOAA_RVThompson_2018,911,12.2918,134.7017
PISTON-ONR-NOAA_RVThompson_2018,912,12.2768,134.7041
PISTON-ONR-NOAA_RVThompson_2018,913,12.2672,134.7294
PISTON-ONR-NOAA_RVThompson_2018,914,12.2736,134.7689
PISTON-ONR-NOAA_RVThompson_2018,915,12.2765,134.8040
PISTON-ONR-NOAA_RVThompson_2018,916,12.2796,134.8234
PISTON-ONR-NOAA_RVThompson_2018,917,12.2769,134.7960
PISTON-ONR-NOAA_RVThompson_2018,918,12.2737,134.7691
PISTON-ONR-NOAA_RVThompson_2018,919,12.2708,134.7367
PISTON-ONR-NOAA_RVThompson_2018,920,12.2785,134.7188
PISTON-ONR-NOAA_RVThompson_2018,921,12.2911,134.7436
PISTON-ONR-NOAA_RVThompson_2018,922,12.3058,134.7742
PISTON-ONR-NOAA_RVThompson_2018,923,12.3257,134.8055
PISTON-ONR-NOAA_RVThompson_2018,924,12.3302,134.8238
PISTON-ONR-NOAA_RVThompson_2018,925,12.3096,134.8166
PISTON-ONR-NOAA_RVThompson_2018,926,12.2903,134.8041
PISTON-ONR-NOAA_RVThompson_2018,927,12.2781,134.7961
PISTON-ONR-NOAA_RVThompson_2018,928,12.2641,134.7820
PISTON-ONR-NOAA_RVThompson_2018,929,12.2546,134.7651
PISTON-ONR-NOAA_RVThompson_2018,930,12.2455,134.7483
PISTON-ONR-NOAA_RVThompson_2018,931,12.2681,134.7598
PISTON-ONR-NOAA_RVThompson_2018,932,12.3039,134.7926
PISTON-ONR-NOAA_RVThompson_2018,933,12.3302,134.8188
PISTON-ONR-NOAA_RVThompson_2018,934,12.3394,134.8390
PISTON-ONR-NOAA_RVThompson_2018,935,12.3130,134.8312
PISTON-ONR-NOAA_RVThompson_2018,936,12.2919,134.8201
PISTON-ONR-NOAA_RVThompson_2018,937,12.2736,134.8053
PISTON-ONR-NOAA_RVThompson_2018,938,12.2614,134.7893
PISTON-ONR-NOAA_RVThompson_2018,939,12.2480,134.7764
PISTON-ONR-NOAA_RVThompson_2018,940,12.2490,134.7709
PISTON-ONR-NOAA_RVThompson_2018,941,12.2781,134.7889
PISTON-ONR-NOAA_RVThompson_2018,942,12.2996,134.8029
PISTON-ONR-NOAA_RVThompson_2018,943,12.3235,134.8147
PISTON-ONR-NOAA_RVThompson_2018,944,12.3373,134.8163
PISTON-ONR-NOAA_RVThompson_2018,945,12.3140,134.8067
PISTON-ONR-NOAA_RVThompson_2018,946,12.2861,134.8006
PISTON-ONR-NOAA_RVThompson_2018,947,12.2591,134.7934
PISTON-ONR-NOAA_RVThompson_2018,948,12.2541,134.7852
PISTON-ONR-NOAA_RVThompson_2018,949,12.2779,134.7864
PISTON-ONR-NOAA_RVThompson_2018,950,12.2993,134.7860
PISTON-ONR-NOAA_RVThompson_2018,951,12.3177,134.7851
PISTON-ONR-NOAA_RVThompson_2018,952,12.3363,134.7861
PISTON-ONR-NOAA_RVThompson_2018,953,12.3570,134.7842
PISTON-ONR-NOAA_RVThompson_2018,954,12.3770,134.7822
PISTON-ONR-NOAA_RVThompson_2018,955,12.3875,134.7832
PISTON-ONR-NOAA_RVThompson_2018,956,12.3659,134.7874
PISTON-ONR-NOAA_RVThompson_2018,957,12.3477,134.7879
PISTON-ONR-NOAA_RVThompson_2018,958,12.3267,134.7906
PISTON-ONR-NOAA_RVThompson_2018,959,12.3095,134.7884
PISTON-ONR-NOAA_RVThompson_2018,960,12.3397,134.7838
PISTON-ONR-NOAA_RVThompson_2018,961,12.3926,134.7854
PISTON-ONR-NOAA_RVThompson_2018,962,12.4460,134.7880
PISTON-ONR-NOAA_RVThompson_2018,963,12.4894,134.7884
PISTON-ONR-NOAA_RVThompson_2018,964,12.5374,134.7852
PISTON-ONR-NOAA_RVThompson_2018,965,12.5893,134.7816
PISTON-ONR-NOAA_RVThompson_2018,966,12.6295,134.7751
PISTON-ONR-NOAA_RVThompson_2018,967,12.6776,134.7725
PISTON-ONR-NOAA_RVThompson_2018,968,12.7301,134.7743
PISTON-ONR-NOAA_RVThompson_2018,969,12.7766,134.7772
PISTON-ONR-NOAA_RVThompson_2018,970,12.8310,134.7776
PISTON-ONR-NOAA_RVThompson_2018,971,12.8888,134.7764
PISTON-ONR-NOAA_RVThompson_2018,972,12.9369,134.7757
PISTON-ONR-NOAA_RVThompson_2018,973,12.9850,134.7749
PISTON-ONR-NOAA_RVThompson_2018,974,13.0345,134.7721
PISTON-ONR-NOAA_RVThompson_2018,975,13.0785,134.7702
PISTON-ONR-NOAA_RVThompson_2018,976,13.1300,134.7685
PISTON-ONR-NOAA_RVThompson_2018,977,13.1855,134.7671
PISTON-ONR-NOAA_RVThompson_2018,978,13.2317,134.7677
PISTON-ONR-NOAA_RVThompson_2018,979,13.2828,134.7664
PISTON-ONR-NOAA_RVThompson_2018,980,13.3413,134.7677
PISTON-ONR-NOAA_RVThompson_2018,981,13.3894,134.7673
PISTON-ONR-NOAA_RVThompson_2018,982,13.4398,134.7640
PISTON-ONR-NOAA_RVThompson_2018,983,13.4970,134.7607
PISTON-ONR-NOAA_RVThompson_2018,984,13.5442,134.7581
PISTON-ONR-NOAA_RVThompson_2018,985,13.5909,134.7557
PISTON-ONR-NOAA_RVThompson_2018,986,13.6438,134.7544
PISTON-ONR-NOAA_RVThompson_2018,987,13.6894,134.7527
PISTON-ONR-NOAA_RVThompson_2018,988,13.7393,134.7521
PISTON-ONR-NOAA_RVThompson_2018,989,13.7942,134.7527
PISTON-ONR-NOAA_RVThompson_2018,990,13.8418,134.7519
PISTON-ONR-NOAA_RVThompson_2018,991,13.8932,134.7506
PISTON-ONR-NOAA_RVThompson_2018,992,13.9464,134.7483
PISTON-ONR-NOAA_RVThompson_2018,993,13.9919,134.7458
PISTON-ONR-NOAA_RVThompson_2018,994,14.0420,134.7435
PISTON-ONR-NOAA_RVThompson_2018,995,14.0987,134.7419
PISTON-ONR-NOAA_RVThompson_2018,996,14.1463,134.7409
PISTON-ONR-NOAA_RVThompson_2018,997,14.1956,134.7393
PISTON-ONR-NOAA_RVThompson_2018,998,14.2466,134.7390
PISTON-ONR-NOAA_RVThompson_2018,999,14.2900,134.7389
PISTON-ONR-NOAA_RVThompson_2018,1000,14.3412,134.7364
PISTON-ONR-NOAA_RVThompson_2018,1001,14.3953,134.7333
PISTON-ONR-NOAA_RVThompson_2018,1002,14.4405,134.7316
PISTON-ONR-NOAA_RVThompson_2018,1003,14.4878,134.7310
PISTON-ONR-NOAA_RVThompson_2018,1004,14.5367,134.7306
PISTON-ONR-NOAA_RVThompson_2018,1005,14.5800,134.7294
PISTON-ONR-NOAA_RVThompson_2018,1006,14.6289,134.7276
PISTON-ONR-NOAA_RVThompson_2018,1007,14.6827,134.7269
PISTON-ONR-NOAA_RVThompson_2018,1008,14.7299,134.7253
PISTON-ONR-NOAA_RVThompson_2018,1009,14.7809,134.7247
PISTON-ONR-NOAA_RVThompson_2018,1010,14.8339,134.7232
PISTON-ONR-NOAA_RVThompson_2018,1011,14.8774,134.7235
PISTON-ONR-NOAA_RVThompson_2018,1012,14.9259,134.7240
PISTON-ONR-NOAA_RVThompson_2018,1013,14.9775,134.7190
PISTON-ONR-NOAA_RVThompson_2018,1014,15.0186,134.7180
PISTON-ONR-NOAA_RVThompson_2018,1015,15.0640,134.7172
PISTON-ONR-NOAA_RVThompson_2018,1016,15.1114,134.7162
PISTON-ONR-NOAA_RVThompson_2018,1017,15.1504,134.7142
PISTON-ONR-NOAA_RVThompson_2018,1018,15.1924,134.7130
PISTON-ONR-NOAA_RVThompson_2018,1019,15.2394,134.7112
PISTON-ONR-NOAA_RVThompson_2018,1020,15.2812,134.7103
PISTON-ONR-NOAA_RVThompson_2018,1021,15.3227,134.7097
PISTON-ONR-NOAA_RVThompson_2018,1022,15.3664,134.7084
PISTON-ONR-NOAA_RVThompson_2018,1023,15.4029,134.7073
PISTON-ONR-NOAA_RVThompson_2018,1024,15.4426,134.7056
PISTON-ONR-NOAA_RVThompson_2018,1025,15.4918,134.6997
PISTON-ONR-NOAA_RVThompson_2018,1026,15.5312,134.6999
PISTON-ONR-NOAA_RVThompson_2018,1027,15.5750,134.7023
PISTON-ONR-NOAA_RVThompson_2018,1028,15.6198,134.7005
PISTON-ONR-NOAA_RVThompson_2018,1029,15.6567,134.6996
PISTON-ONR-NOAA_RVThompson_2018,1030,15.6988,134.6986
PISTON-ONR-NOAA_RVThompson_2018,1031,15.7438,134.6974
PISTON-ONR-NOAA_RVThompson_2018,1032,15.7788,134.6965
PISTON-ONR-NOAA_RVThompson_2018,1033,15.8149,134.6958
PISTON-ONR-NOAA_RVThompson_2018,1034,15.8576,134.6957
PISTON-ONR-NOAA_RVThompson_2018,1035,15.8968,134.6941
PISTON-ONR-NOAA_RVThompson_2018,1036,15.9384,134.6939
PISTON-ONR-NOAA_RVThompson_2018,1037,15.9869,134.6949
PISTON-ONR-NOAA_RVThompson_2018,1038,16.0310,134.6932
PISTON-ONR-NOAA_RVThompson_2018,1039,16.0810,134.6931
PISTON-ONR-NOAA_RVThompson_2018,1040,16.1348,134.6905
PISTON-ONR-NOAA_RVThompson_2018,1041,16.1773,134.6896
PISTON-ONR-NOAA_RVThompson_2018,1042,16.2218,134.6887
PISTON-ONR-NOAA_RVThompson_2018,1043,16.2706,134.6878
PISTON-ONR-NOAA_RVThompson_2018,1044,16.3126,134.6872
PISTON-ONR-NOAA_RVThompson_2018,1045,16.3591,134.6867
PISTON-ONR-NOAA_RVThompson_2018,1046,16.4095,134.6863
PISTON-ONR-NOAA_RVThompson_2018,1047,16.4543,134.6857
PISTON-ONR-NOAA_RVThompson_2018,1048,16.5048,134.6847
PISTON-ONR-NOAA_RVThompson_2018,1049,16.5595,134.6821
PISTON-ONR-NOAA_RVThompson_2018,1050,16.6058,134.6827
PISTON-ONR-NOAA_RVThompson_2018,1051,16.6591,134.6827
PISTON-ONR-NOAA_RVThompson_2018,1052,16.7130,134.6816
PISTON-ONR-NOAA_RVThompson_2018,1053,16.7581,134.6806
PISTON-ONR-NOAA_RVThompson_2018,1054,16.8077,134.6789
PISTON-ONR-NOAA_RVThompson_2018,1055,16.8618,134.6778
PISTON-ONR-NOAA_RVThompson_2018,1056,16.9050,134.6772
PISTON-ONR-NOAA_RVThompson_2018,1057,16.9519,134.6757
PISTON-ONR-NOAA_RVThompson_2018,1058,17.0064,134.6735
PISTON-ONR-NOAA_RVThompson_2018,1059,17.0542,134.6736
PISTON-ONR-NOAA_RVThompson_2018,1060,17.1047,134.6726
PISTON-ONR-NOAA_RVThompson_2018,1061,17.1549,134.6732
PISTON-ONR-NOAA_RVThompson_2018,1062,17.1956,134.6737
PISTON-ONR-NOAA_RVThompson_2018,1063,17.2437,134.6718
PISTON-ONR-NOAA_RVThompson_2018,1064,17.2973,134.6702
PISTON-ONR-NOAA_RVThompson_2018,1065,17.3413,134.6693
PISTON-ONR-NOAA_RVThompson_2018,1066,17.3865,134.6677
PISTON-ONR-NOAA_RVThompson_2018,1067,17.4350,134.6662
PISTON-ONR-NOAA_RVThompson_2018,1068,17.4757,134.6652
PISTON-ONR-NOAA_RVThompson_2018,1069,17.5173,134.6650
PISTON-ONR-NOAA_RVThompson_2018,1070,17.5609,134.6633
PISTON-ONR-NOAA_RVThompson_2018,1071,17.5992,134.6616
PISTON-ONR-NOAA_RVThompson_2018,1072,17.6419,134.6615
PISTON-ONR-NOAA_RVThompson_2018,1073,17.6900,134.6600
PISTON-ONR-NOAA_RVThompson_2018,1074,17.7309,134.6585
PISTON-ONR-NOAA_RVThompson_2018,1075,17.7740,134.6591
PISTON-ONR-NOAA_RVThompson_2018,1076,17.8257,134.6592
PISTON-ONR-NOAA_RVThompson_2018,1077,17.8736,134.6583
PISTON-ONR-NOAA_RVThompson_2018,1078,17.9272,134.6572
PISTON-ONR-NOAA_RVThompson_2018,1079,17.9841,134.6560
PISTON-ONR-NOAA_RVThompson_2018,1080,18.0301,134.6552
PISTON-ONR-NOAA_RVThompson_2018,1081,18.0794,134.6553
PISTON-ONR-NOAA_RVThompson_2018,1082,18.1105,134.6604
PISTON-ONR-NOAA_RVThompson_2018,1083,18.1093,134.6645
PISTON-ONR-NOAA_RVThompson_2018,1084,18.1614,134.6623
PISTON-ONR-NOAA_RVThompson_2018,1085,18.3534,134.6534
PISTON-ONR-NOAA_RVThompson_2018,1086,18.4301,134.6399
PISTON-ONR-NOAA_RVThompson_2018,1087,18.2453,134.6385
PISTON-ONR-NOAA_RVThompson_2018,1088,18.0272,134.6448
PISTON-ONR-NOAA_RVThompson_2018,1089,17.8442,134.6477
PISTON-ONR-NOAA_RVThompson_2018,1090,17.6453,134.6507
PISTON-ONR-NOAA_RVThompson_2018,1091,17.4285,134.6565
PISTON-ONR-NOAA_RVThompson_2018,1092,17.2443,134.6603
PISTON-ONR-NOAA_RVThompson_2018,1093,17.0409,134.6653
PISTON-ONR-NOAA_RVThompson_2018,1094,16.8160,134.6690
PISTON-ONR-NOAA_RVThompson_2018,1095,16.6265,134.6720
PISTON-ONR-NOAA_RVThompson_2018,1096,16.4188,134.6704
PISTON-ONR-NOAA_RVThompson_2018,1097,16.1922,134.6785
PISTON-ONR-NOAA_RVThompson_2018,1098,15.9991,134.6644
PISTON-ONR-NOAA_RVThompson_2018,1099,15.8125,134.5801
PISTON-ONR-NOAA_RVThompson_2018,1100,15.7708,134.5689
PISTON-ONR-NOAA_RVThompson_2018,1101,15.7682,134.5778
PISTON-ONR-NOAA_RVThompson_2018,1102,15.7677,134.5873
PISTON-ONR-NOAA_RVThompson_2018,1103,15.7672,134.5969
PISTON-ONR-NOAA_RVThompson_2018,1104,15.7668,134.6064
PISTON-ONR-NOAA_RVThompson_2018,1105,15.7662,134.6170
PISTON-ONR-NOAA_RVThompson_2018,1106,15.7656,134.6281
PISTON-ONR-NOAA_RVThompson_2018,1107,15.7650,134.6399
PISTON-ONR-NOAA_RVThompson_2018,1108,15.7642,134.6554
PISTON-ONR-NOAA_RVThompson_2018,1109,15.7633,134.6723
PISTON-ONR-NOAA_RVThompson_2018,1110,15.7626,134.6865
PISTON-ONR-NOAA_RVThompson_2018,1111,15.7635,134.7061
PISTON-ONR-NOAA_RVThompson_2018,1112,15.7660,134.7129
PISTON-ONR-NOAA_RVThompson_2018,1113,15.7683,134.7238
PISTON-ONR-NOAA_RVThompson_2018,1114,15.7687,134.7375
PISTON-ONR-NOAA_RVThompson_2018,1115,15.7683,134.7518
PISTON-ONR-NOAA_RVThompson_2018,1116,15.7619,134.7546
PISTON-ONR-NOAA_RVThompson_2018,1117,15.7439,134.7166
PISTON-ONR-NOAA_RVThompson_2018,1118,15.7273,134.6726
PISTON-ONR-NOAA_RVThompson_2018,1119,15.7147,134.6405
PISTON-ONR-NOAA_RVThompson_2018,1120,15.7170,134.6477
PISTON-ONR-NOAA_RVThompson_2018,1121,15.7233,134.6667
PISTON-ONR-NOAA_RVThompson_2018,1122,15.7275,134.6808
PISTON-ONR-NOAA_RVThompson_2018,1123,15.7315,134.6928
PISTON-ONR-NOAA_RVThompson_2018,1124,15.7370,134.7082
PISTON-ONR-NOAA_RVThompson_2018,1125,15.7420,134.7220
PISTON-ONR-NOAA_RVThompson_2018,1126,15.7473,134.7299
PISTON-ONR-NOAA_RVThompson_2018,1127,15.7561,134.7376
PISTON-ONR-NOAA_RVThompson_2018,1128,15.7648,134.7500
PISTON-ONR-NOAA_RVThompson_2018,1129,15.7710,134.7664
PISTON-ONR-NOAA_RVThompson_2018,1130,15.7704,134.7677
PISTON-ONR-NOAA_RVThompson_2018,1131,15.7596,134.7625
PISTON-ONR-NOAA_RVThompson_2018,1132,15.7473,134.7672
PISTON-ONR-NOAA_RVThompson_2018,1133,15.7329,134.7665
PISTON-ONR-NOAA_RVThompson_2018,1134,15.7246,134.7334
PISTON-ONR-NOAA_RVThompson_2018,1135,15.7196,134.6827
PISTON-ONR-NOAA_RVThompson_2018,1136,15.7154,134.6336
PISTON-ONR-NOAA_RVThompson_2018,1137,15.7190,134.6310
PISTON-ONR-NOAA_RVThompson_2018,1138,15.7221,134.6415
PISTON-ONR-NOAA_RVThompson_2018,1139,15.7264,134.6520
PISTON-ONR-NOAA_RVThompson_2018,1140,15.7294,134.6629
PISTON-ONR-NOAA_RVThompson_2018,1141,15.7319,134.6743
PISTON-ONR-NOAA_RVThompson_2018,1142,15.7336,134.6851
PISTON-ONR-NOAA_RVThompson_2018,1143,15.7330,134.6955
PISTON-ONR-NOAA_RVThompson_2018,1144,15.7339,134.7124
PISTON-ONR-NOAA_RVThompson_2018,1145,15.7368,134.7265
PISTON-ONR-NOAA_RVThompson_2018,1146,15.7403,134.7368
PISTON-ONR-NOAA_RVThompson_2018,1147,15.7437,134.7464
PISTON-ONR-NOAA_RVThompson_2018,1148,15.7479,134.7547
PISTON-ONR-NOAA_RVThompson_2018,1149,15.7499,134.7605
PISTON-ONR-NOAA_RVThompson_2018,1150,15.7304,134.7324
PISTON-ONR-NOAA_RVThompson_2018,1151,15.7054,134.6750
PISTON-ONR-NOAA_RVThompson_2018,1152,15.7001,134.6538
PISTON-ONR-NOAA_RVThompson_2018,1153,15.7039,134.6611
PISTON-ONR-NOAA_RVThompson_2018,1154,15.7097,134.6733
PISTON-ONR-NOAA_RVThompson_2018,1155,15.7165,134.6875
PISTON-ONR-NOAA_RVThompson_2018,1156,15.7258,134.7047
PISTON-ONR-NOAA_RVThompson_2018,1157,15.7312,134.7174
PISTON-ONR-NOAA_RVThompson_2018,1158,15.7351,134.7246
PISTON-ONR-NOAA_RVThompson_2018,1159,15.7458,134.7191
PISTON-ONR-NOAA_RVThompson_2018,1160,15.7900,134.6201
PISTON-ONR-NOAA_RVThompson_2018,1161,15.8471,134.4391
PISTON-ONR-NOAA_RVThompson_2018,1162,15.9166,134.2249
PISTON-ONR-NOAA_RVThompson_2018,1163,15.9883,133.9995
PISTON-ONR-NOAA_RVThompson_2018,1164,16.0486,133.8097
PISTON-ONR-NOAA_RVThompson_2018,1165,16.1148,133.6021
PISTON-ONR-NOAA_RVThompson_2018,1166,16.1872,133.3781
PISTON-ONR-NOAA_RVThompson_2018,1167,16.2466,133.1896
PISTON-ONR-NOAA_RVThompson_2018,1168,16.3109,132.9862
PISTON-ONR-NOAA_RVThompson_2018,1169,16.3796,132.7683
PISTON-ONR-NOAA_RVThompson_2018,1170,16.4419,132.5823
PISTON-ONR-NOAA_RVThompson_2018,1171,16.5045,132.3819
PISTON-ONR-NOAA_RVThompson_2018,1172,16.5640,132.1795
PISTON-ONR-NOAA_RVThompson_2018,1173,16.6187,132.0093
PISTON-ONR-NOAA_RVThompson_2018,1174,16.6823,131.8072
PISTON-ONR-NOAA_RVThompson_2018,1175,16.7554,131.5780
PISTON-ONR-NOAA_RVThompson_2018,1176,16.8154,131.3881
PISTON-ONR-NOAA_RVThompson_2018,1177,16.8772,131.1888
PISTON-ONR-NOAA_RVThompson_2018,1178,16.9433,130.9850
PISTON-ONR-NOAA_RVThompson_2018,1179,17.0019,130.7966
PISTON-ONR-NOAA_RVThompson_2018,1180,17.0683,130.5874
PISTON-ONR-NOAA_RVThompson_2018,1181,17.1358,130.3773
PISTON-ONR-NOAA_RVThompson_2018,1182,17.1944,130.1958
PISTON-ONR-NOAA_RVThompson_2018,1183,17.2579,129.9945
PISTON-ONR-NOAA_RVThompson_2018,1184,17.3243,129.7834
PISTON-ONR-NOAA_RVThompson_2018,1185,17.3797,129.5994
PISTON-ONR-NOAA_RVThompson_2018,1186,17.4442,129.3957
PISTON-ONR-NOAA_RVThompson_2018,1187,17.5107,129.1840
PISTON-ONR-NOAA_RVThompson_2018,1188,17.5674,129.0038
PISTON-ONR-NOAA_RVThompson_2018,1189,17.6254,128.8037
PISTON-ONR-NOAA_RVThompson_2018,1190,17.6903,128.5915
PISTON-ONR-NOAA_RVThompson_2018,1191,17.7483,128.4165
PISTON-ONR-NOAA_RVThompson_2018,1192,17.8099,128.2242
PISTON-ONR-NOAA_RVThompson_2018,1193,17.8785,128.0136
PISTON-ONR-NOAA_RVThompson_2018,1194,17.9350,127.8371
PISTON-ONR-NOAA_RVThompson_2018,1195,17.9962,127.6436
PISTON-ONR-NOAA_RVThompson_2018,1196,18.0660,127.4320
PISTON-ONR-NOAA_RVThompson_2018,1197,18.1157,127.2629
