station,group,onset_utc,season,rain_24h_mm,s1_substitute,n_ctrl,dS05_obs,dS1_obs,dS5_obs,dS_rim_05,dS_rim_1,dS_rim_5,dS_s20,dS_rim_1_gauge,dS_s20_gauge,dpCO2_Tnorm,model_reason_cmorph,wind_floor_hours,dS_rim_05_k27_explor,dS_rim_1_k27_explor,model_depth_s1_layer_m
TAO165E,A_tropical_8,2014-11-07T13:00Z,SON,31.827,0,5,-0.36,-0.2943,,-0.7171,-0.6116,,-0.2699,,,-8.436,,0,-0.8209,-0.6827,1.0
TAO165E,A_tropical_8,2014-11-26T03:00Z,SON,19.65,0,5,-0.005,-0.0368,,0.0102,0.01,,0.0,,,-5.715,,0,0.0102,0.01,1.0
TAO165E,A_tropical_8,2014-12-05T04:00Z,DJF,121.765,0,5,-0.4945,-0.3705,,-0.5465,-0.499,,-0.5376,,,-14.963,,0,-0.6827,-0.6124,1.0
TAO165E,A_tropical_8,2014-12-14T10:00Z,DJF,48.565,0,5,-0.043,-0.0358,,-0.8608,-0.7234,,-0.5731,,,-1.61,,0,-1.0219,-0.8459,1.0
TAO165E,A_tropical_8,2014-12-21T11:00Z,DJF,32.715,0,5,-0.333,-0.3218,,-1.0929,-0.6606,,-0.471,,,-6.316,,0,-1.2865,-0.7214,1.0
TAO165E,A_tropical_8,2014-12-25T01:00Z,DJF,31.087,0,5,-0.003,0.0,,-0.0343,-0.0309,,-0.0477,,,-1.165,,0,-0.0514,-0.0453,1.0
TAO165E,A_tropical_8,2014-12-27T18:00Z,DJF,15.963,0,5,0.005,-0.0072,,-0.4355,-0.3905,,-0.2542,,,-0.99,,0,-0.5142,-0.4569,1.0
TAO165E,A_tropical_8,2015-01-01T02:00Z,DJF,28.857,0,5,-0.0145,-0.0245,,-0.0542,-0.0488,,-0.0261,,,-2.685,,0,-0.0639,-0.0566,1.0
TAO165E,A_tropical_8,2015-01-06T06:00Z,DJF,62.52,0,5,-0.03,-0.045,,-0.0944,-0.0946,,-0.0393,,,-3.758,,0,-0.1075,-0.1118,1.0
TAO165E,A_tropical_8,2015-01-23T19:00Z,DJF,41.47,0,5,0.0115,0.028,,-0.4233,-0.4085,,-0.1864,,,-0.537,,0,-0.4633,-0.4457,1.0
TAO165E,A_tropical_8,2015-01-25T11:00Z,DJF,40.787,0,5,-0.0785,-0.089,,-0.2323,-0.2296,,-0.1581,,,-0.072,,0,-0.233,-0.2331,1.0
TAO165E,A_tropical_8,2015-01-30T16:00Z,DJF,26.218,0,5,-0.057,-0.076,,0.0,0.0,,0.0,,,-6.974,,0,0.0,0.0,1.0
TAO165E,A_tropical_8,2015-02-10T14:00Z,DJF,16.592,0,5,-0.0585,-0.1307,,-0.2144,-0.1986,,-0.2066,,,-4.633,,0,-0.2716,-0.2492,1.0
TAO165E,A_tropical_8,2015-02-16T05:00Z,DJF,10.208,0,5,-0.133,-0.1187,,-0.142,-0.0988,,-0.0549,,,-16.098,,0,-0.1571,-0.1119,1.0
TAO165E,A_tropical_8,2015-03-02T11:00Z,MAM,18.592,0,5,-0.0375,-0.0445,,-0.1335,-0.0999,,-0.0646,,,-2.912,,0,-0.1604,-0.1159,1.0
TAO165E,A_tropical_8,2015-03-04T00:00Z,MAM,41.122,0,5,0.0055,-0.0667,,-0.2625,-0.148,,-0.1999,,,-0.187,,0,-0.3284,-0.1846,1.0
TAO165E,A_tropical_8,2015-03-05T18:00Z,MAM,19.647,0,5,-0.0275,0.0333,0.0075,-0.087,-0.0817,-0.0194,-0.0739,,,0.034,,0,-0.1101,-0.1024,1.0
TAO165E,A_tropical_8,2015-03-09T05:00Z,MAM,14.005,0,5,0.0035,0.011,0.0145,-0.0472,-0.0464,-0.03,-0.0397,,,-1.435,,0,-0.0564,-0.0552,1.0
TAO165E,A_tropical_8,2015-03-25T19:00Z,MAM,12.335,0,5,-0.031,-0.014,,-0.0265,-0.0249,,-0.0354,,,0.064,,0,-0.0372,-0.0345,1.0
TAO165E,A_tropical_8,2015-04-10T11:00Z,MAM,12.078,0,5,-0.059,-0.0458,,0.0272,0.0277,,-0.0217,,,-0.629,,0,0.019,0.0204,1.0
TAO165E,A_tropical_8,2015-04-17T04:00Z,MAM,12.708,0,5,-0.027,-0.004,,-0.1646,-0.1652,,-0.1114,,,-0.04,,0,-0.1716,-0.1729,1.0
TAO165E,A_tropical_8,2015-04-30T18:00Z,MAM,10.608,0,5,-0.019,-0.0218,,-0.4846,-0.442,,-0.3443,,,-0.493,,0,-0.5872,-0.526,1.0
TAO165E,A_tropical_8,2015-05-03T19:00Z,MAM,28.03,0,5,-0.012,-0.0268,,0.0,0.0,,0.0,,,0.614,,0,0.0,0.0,1.0
TAO165E,A_tropical_8,2015-05-06T19:00Z,MAM,108.743,0,5,-0.043,-0.0463,-0.0062,-0.3125,-0.3047,-0.1557,-0.5105,,,-3.25,,0,-0.3795,-0.3684,1.0
TAO165E,A_tropical_8,2015-05-16T07:00Z,MAM,24.257,0,5,-0.0965,-0.079,-0.0048,-0.2505,-0.1969,-0.0152,-0.2047,,,-10.745,,0,-0.3216,-0.2458,1.0
TAO165E,A_tropical_8,2015-05-21T04:00Z,MAM,18.37,0,5,-0.7235,-0.4025,0.0157,-0.4425,-0.3927,-0.0766,-0.0302,,,-26.978,,0,-0.4564,-0.3986,1.0
TAO165E,A_tropical_8,2015-05-29T02:00Z,MAM,14.008,0,5,-0.186,-0.1702,,0.0,0.0,,0.0,,,-2.754,,0,0.0,0.0,1.0
TAO165E,A_tropical_8,2015-06-15T07:00Z,JJA,81.062,0,5,-0.154,-0.0988,,-0.5885,-0.5445,,-0.2883,,,-2.884,,0,-0.668,-0.6101,1.0
TAO165E,A_tropical_8,2015-06-24T09:00Z,JJA,22.1,0,5,0.0115,-0.003,,-0.4956,-0.4442,,-0.2194,,,2.229,,0,-0.5652,-0.4983,1.0
TAO165E,A_tropical_8,2015-07-27T12:00Z,JJA,19.425,0,5,-0.0185,-0.028,-0.0248,-0.1681,-0.1656,-0.0812,-0.254,,,5.47,,0,-0.2191,-0.2126,1.0
TAO165E,A_tropical_8,2015-08-05T22:00Z,JJA,46.248,0,5,0.0195,0.0205,,-0.2425,-0.2361,,-0.1749,,,-2.028,,0,-0.2795,-0.271,1.0
TAO165E,A_tropical_8,2015-08-27T02:00Z,JJA,52.418,0,5,-0.0025,-0.0032,0.0025,-0.0165,-0.0145,-0.002,-0.0616,,,-0.121,,0,-0.0374,-0.0302,1.0
TAO165E,A_tropical_8,2015-08-31T09:00Z,JJA,34.905,0,5,0.0635,0.051,,-0.445,-0.4337,,-0.1389,,,1.75,,0,-0.4719,-0.4619,1.0
TAO165E,A_tropical_8,2015-09-07T07:00Z,SON,30.42,0,5,-0.011,-0.0107,,-0.107,-0.1031,,0.0,,,-3.518,,0,-0.0693,-0.0787,1.0
TAO165E,A_tropical_8,2015-09-16T11:00Z,SON,73.745,0,5,-0.592,-0.5418,,-0.955,-0.8456,,-0.5268,,,-11.851,,0,-1.1123,-0.9595,1.0
TAO165E,A_tropical_8,2015-09-23T03:00Z,SON,15.788,0,5,-0.0585,-0.0723,,-0.2653,0.0153,0.0364,-0.3758,,,5.505,,0,-0.2998,0.0135,1.0
TAO165E,A_tropical_8,2015-09-26T18:00Z,SON,10.133,0,5,0.0055,-0.006,,-0.0865,-0.0819,,-0.0385,,,-0.635,,0,-0.0994,-0.0933,1.0
TAO165E,A_tropical_8,2016-09-05T10:00Z,SON,19.072,0,5,-0.0165,-0.0243,0.0062,0.0,0.0,0.0,0.0,,,-13.833,,0,0.0,0.0,1.0
TAO165E,A_tropical_8,2016-09-12T22:00Z,SON,13.97,0,5,0.0105,0.0078,0.0082,0.0,0.0,0.0,0.0,,,-0.713,,0,0.0,0.0,1.0
TAO165E,A_tropical_8,2016-12-10T15:00Z,DJF,22.362,0,5,-0.0275,-0.0368,-0.014,0.0,0.0,0.0,0.0,,,-1.392,,0,0.0,0.0,1.0
TAO165E,A_tropical_8,2017-01-18T19:00Z,DJF,55.13,0,5,-0.4575,-0.4532,-0.0638,-1.8841,-1.6229,-0.1276,-1.3965,,,-9.94,,0,-2.2571,-1.905,1.0
TAO165E,A_tropical_8,2017-01-26T08:00Z,DJF,40.408,0,5,-0.013,-0.0315,-0.013,-0.2906,-0.2733,-0.0764,-0.1153,,,-2.222,,0,-0.3322,-0.3098,1.0
TAO165E,A_tropical_8,2017-01-28T14:00Z,DJF,18.377,0,5,-0.081,-0.0343,-0.0138,0.0,0.0,0.0,-0.0112,,,0.099,,0,-0.004,-0.0036,1.0
TAO165E,A_tropical_8,2017-02-07T02:00Z,DJF,13.465,0,5,-0.026,-0.006,-0.0418,-0.7823,-0.6327,-0.0962,-0.3599,,,-4.036,,0,-0.9029,-0.7062,1.0
TAO165E,A_tropical_8,2019-10-19T20:00Z,SON,10.207,0,5,-0.0065,-0.0197,0.0048,0.0332,0.031,-0.0123,0.0147,,,1.084,,0,0.0409,0.0343,1.0
TAO165E,A_tropical_8,2019-10-31T01:00Z,SON,47.411,0,5,0.003,-0.0002,0.0018,-0.1244,-0.1181,-0.0405,-0.059,,,-1.207,,0,-0.1457,-0.1369,1.0
TAO165E,A_tropical_8,2019-11-07T08:00Z,SON,101.145,0,5,-0.326,-0.3542,-0.051,-0.6995,-0.5826,-0.0844,-0.454,,,-17.499,,0,-0.8666,-0.6913,1.0
TAO165E,A_tropical_8,2019-11-12T08:00Z,SON,13.138,0,5,-0.016,-0.0213,-0.0383,-0.0143,-0.0126,-0.0015,-0.0045,,,-7.217,,0,-0.0161,-0.0138,1.0
TAO165E,A_tropical_8,2019-11-13T18:00Z,SON,34.88,0,5,0.006,0.0092,0.0092,0.0346,0.0213,-0.0648,0.0278,,,-1.182,,0,0.0271,0.0137,1.0
TAO165E,A_tropical_8,2019-11-20T14:00Z,SON,13.598,0,5,0.173,0.1115,0.1155,-0.163,-0.1213,-0.017,-0.0673,,,-1.766,,0,-0.1895,-0.1354,1.0
TAO165E,A_tropical_8,2019-11-28T09:00Z,SON,31.35,0,5,-0.1065,-0.1298,-0.0342,-0.1645,-0.1621,-0.0405,-0.0676,,,-3.414,,0,-0.1858,-0.1917,1.0
TAO165E,A_tropical_8,2019-12-06T07:00Z,DJF,66.688,0,5,0.0255,0.0213,0.0252,-0.0552,-0.0495,-0.0064,-0.1024,,,0.623,,0,-0.0854,-0.0764,1.0
TAO165E,A_tropical_8,2019-12-13T13:00Z,DJF,36.153,0,5,-0.0485,-0.0453,-0.0262,0.0854,0.0821,0.0282,-0.0051,,,-0.736,,0,0.0832,0.0809,1.0
TAO165E,A_tropical_8,2019-12-21T08:00Z,DJF,25.552,0,5,0.0715,0.0407,0.0087,0.0516,0.0498,0.0164,0.0,,,-18.682,,0,0.0516,0.0498,1.0
TAO165E,A_tropical_8,2020-01-07T05:00Z,DJF,21.107,0,5,-0.0365,-0.0258,-0.0233,-0.4232,-0.398,-0.1076,-0.1645,,,-0.849,,0,-0.4492,-0.421,1.0
TAO165E,A_tropical_8,2020-01-09T22:00Z,DJF,22.233,0,5,-0.051,-0.031,0.007,-0.4047,-0.3804,-0.0762,-0.091,,,-1.261,,0,-0.4337,-0.4097,1.0
TAO165E,A_tropical_8,2020-02-03T19:00Z,DJF,19.322,0,5,-0.1105,-0.1012,-0.0468,-0.2205,-0.2054,-0.0588,-0.1528,,,-0.739,,0,-0.2625,-0.2424,1.0
TAO165E,A_tropical_8,2020-02-06T09:00Z,DJF,59.38,0,5,-0.079,-0.0742,-0.0352,-0.0016,-0.0013,0.0011,-0.0069,,,-1.411,,0,-0.0041,-0.0036,1.0
TAO165E,A_tropical_8,2020-02-09T09:00Z,DJF,31.438,0,5,0.0055,0.0023,0.01,-0.3664,-0.3325,-0.0826,-0.2172,,,-1.037,,0,-0.4421,-0.394,1.0
TAO165E,A_tropical_8,2020-02-11T14:00Z,DJF,23.262,0,5,0.01,0.0003,0.0072,-0.1593,-0.1548,-0.076,-0.2833,,,1.028,,0,-0.2085,-0.201,1.0
TAO165E,A_tropical_8,2020-03-01T22:00Z,MAM,20.307,0,5,-0.05,-0.0302,-0.0262,-1.3727,-0.9388,-0.1462,-0.7064,,,-1.887,,0,-1.5891,-1.0296,1.0
TAO165E,A_tropical_8,2020-03-10T16:00Z,MAM,18.68,0,5,0.01,0.001,0.023,-0.1035,-0.0897,-0.0164,-0.0227,,,0.315,,0,-0.1114,-0.0947,1.0
TAO165E,A_tropical_8,2020-03-17T15:00Z,MAM,42.142,0,5,0.0075,0.0098,0.0107,0.0206,0.0156,-0.0145,0.0044,,,-0.256,,0,0.0276,0.021,1.0
TAO165E,A_tropical_8,2020-03-24T19:00Z,MAM,14.528,0,5,-0.0045,0.003,0.0048,-0.1581,-0.1554,-0.1019,-0.1516,,,3.367,,0,-0.1885,-0.1845,1.0
TAO165E,A_tropical_8,2020-04-05T11:00Z,MAM,29.039,0,5,0.007,-0.0095,0.0267,0.0,0.0,0.0,0.0,,,1.102,,0,0.0,0.0,1.0
TAO165E,A_tropical_8,2020-04-16T12:00Z,MAM,62.288,0,5,-0.0135,-0.0082,-0.0078,-0.0664,-0.0583,-0.0072,-0.0268,,,0.694,,0,-0.0773,-0.0663,1.0
TAO165E,A_tropical_8,2020-04-27T05:00Z,MAM,17.802,0,5,0.0,0.0042,0.0055,0.0,0.0,0.0,0.0,,,0.822,,0,0.0,0.0,1.0
TAO8S165E,A_tropical_8,2010-10-27T22:00Z,SON,29.882,0,5,-0.081,-0.073,,0.0,0.0,,0.0,,,3.888,,0,0.0,0.0,1.0
TAO8S165E,A_tropical_8,2010-11-08T08:00Z,SON,16.961,0,5,0.0,-0.0378,,0.0064,0.0062,,0.0,,,-3.269,,0,0.0064,0.0062,1.0
TAO8S165E,A_tropical_8,2010-12-08T17:00Z,DJF,16.22,0,5,0.0,0.0192,,0.0,0.0,,0.0,,,4.498,,0,0.0,0.0,1.0
TAO8S165E,A_tropical_8,2010-12-13T01:00Z,DJF,25.007,0,5,0.0065,-0.009,,0.0248,0.0244,,0.0,,,-3.734,,0,0.0248,0.0244,1.0
TAO8S165E,A_tropical_8,2010-12-21T05:00Z,DJF,51.477,0,5,0.0,0.0068,,0.0449,0.0441,,-0.0012,,,-0.518,,0,0.0445,0.0438,1.0
TAO8S165E,A_tropical_8,2010-12-27T10:00Z,DJF,11.465,0,5,0.0,-0.0148,,0.0,0.0,,0.0,,,0.596,,0,0.0,0.0,1.0
TAO8S165E,A_tropical_8,2011-01-24T22:00Z,DJF,41.295,0,5,0.033,-0.1095,,-0.1823,-0.1468,,-0.0988,,,-3.47,,0,-0.223,-0.1744,1.0
TAO8S165E,A_tropical_8,2011-01-30T17:00Z,DJF,20.535,0,5,0.0,-0.0222,,0.0062,0.0063,,-0.004,,,-0.779,,0,0.0052,0.0053,1.0
TAO8S165E,A_tropical_8,2011-02-04T15:00Z,DJF,20.56,0,5,0.0,0.0077,,-0.0249,-0.0228,,-0.0104,,,0.974,,0,-0.0289,-0.026,1.0
TAO8S165E,A_tropical_8,2011-02-10T08:00Z,DJF,18.502,0,5,0.0,-0.062,,0.1073,0.0941,,0.0,,,-6.47,,0,0.1607,0.0941,1.0
TAO8S165E,A_tropical_8,2011-02-19T10:00Z,DJF,16.12,0,5,0.0,0.0008,,-0.1093,-0.1066,,-0.1672,,,0.695,,0,-0.14,-0.1358,1.0
TAO8S165E,A_tropical_8,2011-03-09T19:00Z,MAM,12.427,0,5,-0.08,-0.0622,,-0.1346,-0.1071,,-0.0744,,,-0.619,,0,-0.1637,-0.1274,1.0
TAO8S165E,A_tropical_8,2011-03-26T00:00Z,MAM,15.585,0,5,-0.126,-0.1187,,0.0743,0.0692,,0.0,,,-0.527,,0,0.0743,0.0692,1.0
TAO8S165E,A_tropical_8,2011-04-11T13:00Z,MAM,26.415,0,5,0.0,-0.0497,,-1.143,-0.7859,,-0.6107,,,-1.4,,0,-1.3742,-0.8963,1.0
TAO8S165E,A_tropical_8,2011-04-15T17:00Z,MAM,11.018,0,5,0.0,0.0133,,-0.0661,-0.0618,,-0.0243,,,1.837,,0,-0.0743,-0.0688,1.0
TAO8S165E,A_tropical_8,2011-05-01T03:00Z,MAM,14.255,0,5,-0.0815,-0.068,,-0.3307,-0.3008,,-0.1336,,,-2.961,,0,-0.372,-0.3338,1.0
TAO8S165E,A_tropical_8,2011-05-13T07:00Z,MAM,26.617,0,5,0.0,0.0097,,0.0,0.0,,0.0,,,-4.872,,0,0.0,0.0,1.0
TAO8S165E,A_tropical_8,2011-05-17T11:00Z,MAM,23.392,0,5,0.0,-0.02,,0.0097,0.0096,,0.0,,,-1.625,,0,0.0097,0.0096,1.0
TAO8S165E,A_tropical_8,2011-05-22T06:00Z,MAM,10.278,0,5,0.0,0.0433,,-0.0939,-0.0784,,-0.0247,,,-0.259,,0,-0.1042,-0.0849,1.0
TAO8S165E,A_tropical_8,2011-05-27T06:00Z,MAM,18.987,0,5,0.0,-0.0122,,-0.016,-0.0143,,-0.0186,,,-1.741,,0,-0.0232,-0.0202,1.0
TAO8S165E,A_tropical_8,2011-06-03T15:00Z,JJA,12.741,0,5,0.0,-0.0247,,-0.5922,-0.5708,,-0.1672,,,-1.26,,0,-0.6258,-0.6002,1.0
TAO8S165E,A_tropical_8,2011-06-05T00:00Z,JJA,24.537,0,5,-0.092,-0.0048,,0.0083,0.0082,,0.0,,,-0.111,,0,0.0083,0.0082,1.0
TAO8S165E,A_tropical_8,2011-06-21T00:00Z,JJA,15.292,0,5,-0.019,-0.0303,,-0.1176,-0.1136,,-0.0745,,,-2.052,,0,-0.1396,-0.1341,1.0
TAO8S165E,A_tropical_8,2011-06-23T09:00Z,JJA,13.073,0,5,0.0,0.0095,,0.0,0.0,,0.0,,,1.118,,0,0.0,0.0,1.0
TAO8S165E,A_tropical_8,2011-07-13T23:00Z,JJA,13.532,0,5,-0.019,-0.0275,,0.0241,0.0216,,0.1122,,,0.068,,0,0.0529,0.0491,1.0
TAO8S165E,A_tropical_8,2011-07-17T11:00Z,JJA,15.203,0,5,0.0,-0.003,,-0.1087,-0.1063,,-0.0727,,,-1.08,,0,-0.1233,-0.1201,1.0
TAO8S165E,A_tropical_8,2011-08-06T13:00Z,JJA,32.433,0,5,0.0,-0.0657,,-0.3335,-0.3177,,-0.1919,,,-2.168,,0,-0.3867,-0.3648,1.0
TAO8S165E,A_tropical_8,2011-09-24T06:00Z,SON,11.327,0,5,0.0,-0.0963,,-0.0829,-0.0862,,-0.0182,,,-2.403,,0,-0.0595,-0.0692,1.0
TAO8S165E,A_tropical_8,2011-10-03T07:00Z,SON,13.612,0,5,0.0,-0.132,,-0.4626,-0.378,,-0.0847,,,-2.567,,0,-0.5057,-0.4046,1.0
TAO8S165E,A_tropical_8,2011-10-07T14:00Z,SON,47.208,0,5,0.0,-0.5553,,-0.9534,-0.795,,-0.752,,,-17.602,,0,-1.2216,-0.9729,1.0
TAO8S165E,A_tropical_8,2011-10-24T07:00Z,SON,49.363,0,5,0.0,-0.0963,,0.0045,0.0045,,0.0,,,-3.668,,0,0.0045,0.0045,1.0
TAO8S165E,A_tropical_8,2011-10-28T20:00Z,SON,33.573,0,5,-0.1,-0.3148,,-1.9853,-1.6085,,0.4788,,,-7.585,,0,-1.8534,-1.563,1.0
TAO8S165E,A_tropical_8,2011-10-30T11:00Z,SON,13.33,0,5,0.0,-0.2338,,-1.3261,-1.1127,,-0.4071,,,-7.157,,0,-1.5203,-1.2397,1.0
BOBOA,A_tropical_8,2013-12-08T11:00Z,DJF,116.593,0,5,0.1675,0.162,0.1655,-0.2558,-0.2485,-0.1244,-0.2789,,,-0.72,,0,-0.2985,-0.2884,1.0
BOBOA,A_tropical_8,2014-05-13T13:00Z,MAM,10.29,0,5,-0.0035,-0.0078,-0.0042,0.013,0.0143,0.0058,-0.024,,,-0.814,,0,0.0126,0.0094,1.0
BOBOA,A_tropical_8,2014-05-18T05:00Z,MAM,10.962,0,5,-0.033,-0.0257,-0.0225,0.0,0.0,0.0,0.0,,,-3.924,,0,0.0,0.0,1.0
BOBOA,A_tropical_8,2014-06-07T08:00Z,JJA,48.682,0,5,-0.0415,-0.0478,-0.0328,-0.2415,-0.2331,-0.112,-0.181,,,-4.944,,0,-0.281,-0.2701,1.0
BOBOA,A_tropical_8,2014-06-09T21:00Z,JJA,20.968,0,5,-0.0715,-0.033,-0.022,-0.096,-0.0877,-0.0166,-0.049,,,0.173,,0,-0.1133,-0.1021,1.0
BOBOA,A_tropical_8,2014-06-13T10:00Z,JJA,87.622,0,5,-0.12,-0.023,-0.0055,-0.3372,-0.3296,-0.1945,-0.3876,,,-0.241,,0,-0.3945,-0.3841,1.0
BOBOA,A_tropical_8,2014-06-15T12:00Z,JJA,17.837,0,5,-0.06,-0.0627,-0.0578,-0.5714,-0.5047,-0.1621,-0.6886,,,-2.791,,0,-0.7217,-0.6168,1.0
BOBOA,A_tropical_8,2014-06-17T13:00Z,JJA,15.28,0,5,-0.122,-0.1363,-0.1307,-0.7675,-0.6835,-0.1682,-0.4834,,,-3.611,,0,-0.8894,-0.7755,1.0
BOBOA,A_tropical_8,2014-07-09T02:00Z,JJA,34.57,0,5,-0.0785,-0.0403,-0.0213,-0.0281,-0.0277,-0.0217,0.0188,,,-0.732,,0,-0.0198,-0.0202,1.0
BOBOA,A_tropical_8,2014-07-18T07:00Z,JJA,34.798,0,5,0.002,-0.0045,0.0012,-0.1294,-0.1271,-0.0801,-0.1285,,,-2.408,,0,-0.1535,-0.1504,1.0
BOBOA,A_tropical_8,2014-07-24T02:00Z,JJA,20.208,0,5,0.0985,0.0763,0.082,-0.179,-0.1764,-0.1195,-0.2105,,,-1.327,,0,-0.2119,-0.2083,1.0
BOBOA,A_tropical_8,2014-07-31T04:00Z,JJA,14.875,0,5,-0.0405,-0.027,-0.022,-0.0379,-0.0374,-0.0255,0.006,,,-2.376,,0,-0.037,-0.0365,1.0
BOBOA,A_tropical_8,2014-08-21T23:00Z,JJA,15.238,0,5,0.0545,0.0245,-0.0262,-0.3974,-0.3316,-0.0559,-0.32,,,-3.472,,0,-0.4972,-0.4035,1.0
BOBOA,A_tropical_8,2014-08-24T20:00Z,JJA,10.52,0,5,-0.009,-0.0007,-0.0008,0.005,0.0049,0.0025,0.0,,,0.696,,0,0.005,0.0049,1.0
BOBOA,A_tropical_8,2014-09-02T01:00Z,SON,67.955,0,5,-0.171,-0.1442,-0.1207,-0.275,-0.2669,-0.1314,-0.2407,,,-4.729,,0,-0.319,-0.3085,1.0
BOBOA,A_tropical_8,2014-09-04T08:00Z,SON,42.873,0,5,0.0255,0.0063,0.0153,-0.0987,-0.0939,-0.0343,-0.0535,,,-4.531,,0,-0.1136,-0.1073,1.0
BOBOA,A_tropical_8,2014-09-13T00:00Z,SON,53.587,0,5,0.212,0.1408,0.1415,-0.17,-0.1672,-0.1115,-0.0024,,,4.114,,0,-0.1687,-0.166,1.0
BOBOA,A_tropical_8,2014-09-17T05:00Z,SON,20.377,0,5,0.0075,0.0107,0.0115,0.0062,0.0062,0.0058,0.0,,,-1.635,,0,0.0062,0.0062,1.0
BOBOA,A_tropical_8,2014-10-04T15:00Z,SON,25.732,0,5,-0.0675,-0.095,-0.0022,-0.0201,-0.0092,-0.0206,-0.0561,,,-3.076,,0,-0.041,-0.024,1.0
BOBOA,A_tropical_8,2014-11-03T21:00Z,SON,12.627,0,5,-0.026,-0.0345,-0.0302,-0.2619,-0.2513,-0.092,-0.4879,,,1.959,,0,-0.3335,-0.3184,1.0
BOBOA,A_tropical_8,2014-12-23T10:00Z,DJF,13.555,0,5,-0.041,0.0255,0.0383,-0.0121,-0.0117,-0.0056,-0.0063,,,-1.774,,0,-0.0139,-0.0134,1.0
BOBOA,A_tropical_8,2014-12-29T03:00Z,DJF,26.95,0,5,0.0515,0.041,0.0447,-0.6832,-0.6455,-0.204,-0.518,,,1.887,,0,-0.7918,-0.741,1.0
BOBOA,A_tropical_8,2016-05-22T05:00Z,MAM,25.193,0,5,-0.073,-0.0827,-0.0652,-0.0706,-0.0687,-0.0406,-0.005,,,-4.599,,0,-0.0735,-0.0712,1.0
BOBOA,A_tropical_8,2016-06-01T06:00Z,JJA,12.698,0,5,0.0235,0.0183,0.0343,-0.0616,-0.0513,0.0051,-0.0777,,,-3.791,,0,-0.0851,-0.0709,1.0
BOBOA,A_tropical_8,2016-06-04T09:00Z,JJA,18.595,0,5,-0.0395,-0.108,-0.0278,-0.0123,-0.0104,0.0131,-0.0158,,,-3.755,,0,-0.0181,-0.0155,1.0
BOBOA,A_tropical_8,2016-06-13T07:00Z,JJA,29.817,0,5,-0.012,-0.0312,-0.0287,-0.0978,-0.0959,-0.0571,-0.0638,,,-1.727,,0,-0.1118,-0.1092,1.0
BOBOA,A_tropical_8,2016-07-01T14:00Z,JJA,27.628,0,5,-0.032,-0.0052,-0.003,-0.0209,-0.0206,-0.0132,-0.0084,,,-0.18,,0,-0.0223,-0.022,1.0
BOBOA,A_tropical_8,2016-07-07T14:00Z,JJA,25.185,0,5,0.024,0.0015,0.0085,-0.2736,-0.2697,-0.1778,-0.3786,,,-0.97,,0,-0.3222,-0.3168,1.0
BOBOA,A_tropical_8,2016-07-15T19:00Z,JJA,15.683,0,5,-0.0275,-0.0303,-0.017,0.0,0.0,0.0,0.0,,,-1.386,,0,0.0,0.0,1.0
BOBOA,A_tropical_8,2016-07-18T01:00Z,JJA,14.45,0,5,-0.048,-0.0558,-0.019,-0.1258,-0.1005,-0.0101,-0.0714,,,5.021,,0,-0.1502,-0.117,1.0
BOBOA,A_tropical_8,2016-07-27T08:00Z,JJA,18.37,0,5,-0.119,-0.1183,0.0328,-0.8412,-0.6324,-0.0748,-0.247,,,-2.493,,0,-0.9392,-0.6756,1.0
BOBOA,A_tropical_8,2016-08-04T09:00Z,JJA,13.447,0,5,-0.0625,-0.07,-0.0695,-0.1149,-0.1134,-0.0801,-0.1374,,,-3.767,,0,-0.1312,-0.1293,1.0
BOBOA,A_tropical_8,2017-04-14T01:00Z,MAM,80.022,0,5,-0.0265,-0.0412,-0.0402,-0.2737,-0.2536,-0.0927,-0.1984,,,-0.478,,0,-0.3363,-0.3013,1.0
BOBOA,A_tropical_8,2017-05-25T13:00Z,MAM,12.965,0,5,-0.088,-0.0965,-0.062,0.0,0.0,0.0,0.0,,,-0.422,,0,0.0,0.0,1.0
BOBOA,A_tropical_8,2017-05-28T00:00Z,MAM,38.753,0,5,-0.124,-0.1148,-0.1082,-0.097,-0.0934,-0.0344,-0.2346,,,-0.926,,0,-0.1338,-0.1283,1.0
BOBOA,A_tropical_8,2017-06-17T00:00Z,JJA,29.862,0,5,-0.127,-0.1498,-0.1045,-0.2341,-0.226,-0.1003,-0.2159,,,-4.026,,0,-0.2822,-0.2707,1.0
BOBOA,A_tropical_8,2017-06-23T11:00Z,JJA,63.605,0,5,-0.012,-0.0138,-0.0127,-0.034,-0.0333,-0.0208,-0.0606,,,-1.556,,0,-0.0453,-0.0439,1.0
BOBOA,A_tropical_8,2017-06-26T01:00Z,JJA,11.42,0,5,-0.02,-0.0225,-0.0225,0.0198,0.0198,0.0184,0.0,,,-1.368,,0,0.0198,0.0198,1.0
BOBOA,A_tropical_8,2017-06-29T13:00Z,JJA,25.527,0,5,0.029,0.0397,0.0467,-0.1822,-0.1738,-0.0685,-0.1128,,,0.837,,0,-0.2131,-0.2017,1.0
BOBOA,A_tropical_8,2017-07-06T10:00Z,JJA,41.722,0,5,-0.0145,-0.0192,-0.012,-0.1415,-0.1382,-0.0763,-0.2254,,,-1.822,,0,-0.1771,-0.1723,1.0
BOBOA,A_tropical_8,2017-07-12T06:00Z,JJA,17.753,0,5,-0.0305,-0.0523,-0.0518,-0.0439,-0.0427,-0.0223,-0.0405,,,-0.893,,0,-0.0541,-0.0523,1.0
BOBOA,A_tropical_8,2017-07-21T01:00Z,JJA,87.523,0,5,-0.0975,-0.077,-0.069,-0.0716,-0.0696,-0.0346,-0.0626,,,-0.782,,0,-0.0854,-0.0826,1.0
BOBOA,A_tropical_8,2017-08-16T17:00Z,JJA,10.973,0,5,0.031,-0.0053,-0.0047,-0.0215,-0.0211,-0.015,0.0018,,,-0.359,,0,-0.018,-0.0176,1.0
BOBOA,A_tropical_8,2017-08-18T20:00Z,JJA,21.513,0,5,-0.022,-0.1022,-0.0412,-0.434,-0.3941,-0.1186,-0.1752,,,-2.25,,0,-0.4889,-0.4365,1.0
BOBOA,A_tropical_8,2017-08-24T11:00Z,JJA,47.277,0,5,-0.244,-0.2442,-0.2262,-0.2472,-0.2387,-0.1053,-0.3032,,,-14.19,,0,-0.3016,-0.2901,1.0
BOBOA,A_tropical_8,2017-08-31T03:00Z,JJA,82.958,0,5,-0.3865,-0.4265,-0.1563,-0.5281,-0.5015,-0.1558,-0.2139,,,-6.134,,0,-0.5752,-0.5453,1.0
BOBOA,A_tropical_8,2017-09-16T04:00Z,SON,108.908,0,5,-0.541,-0.8038,-0.7402,-0.1826,-0.1759,-0.0483,-0.3633,,,-14.312,,0,-0.2381,-0.2256,1.0
BOBOA,A_tropical_8,2017-09-30T17:00Z,SON,25.473,0,5,-0.329,-0.0893,0.0288,0.024,0.0217,0.0012,0.0,,,-5.888,,0,0.024,0.0225,1.0
BOBOA,A_tropical_8,2017-10-12T07:00Z,SON,15.36,0,5,-0.039,-0.0965,-0.0205,0.0,0.0,0.0,0.0,,,-2.493,,0,0.0,0.0,1.0
BOBOA,A_tropical_8,2017-11-07T19:00Z,SON,26.165,0,5,-0.171,-0.1377,-0.1132,-0.1416,-0.1359,-0.0572,-0.082,,,-0.21,,0,-0.1642,-0.1567,1.0
BOBOA,A_tropical_8,2017-11-09T14:00Z,SON,35.857,0,5,-0.0825,-0.0595,-0.0483,0.026,0.0231,-0.0377,0.1064,,,-2.119,,0,0.0409,0.0377,1.0
BOBOA,A_tropical_8,2017-11-23T15:00Z,SON,20.262,0,5,-0.092,-0.0395,-0.0405,0.0,0.0,0.0,0.0,,,0.512,,0,0.0,0.0,1.0
BOBOA,A_tropical_8,2017-12-05T22:00Z,DJF,72.155,0,5,-0.033,-0.0283,-0.0255,-0.1749,-0.1697,-0.0856,-0.2366,,,-0.759,,0,-0.2154,-0.2082,1.0
BOBOA,A_tropical_8,2017-12-29T03:00Z,DJF,13.297,0,5,-0.0225,-0.0382,-0.037,0.0,0.0,0.0,0.0,,,-1.599,,0,0.0,0.0,1.0
TAO170W,A_tropical_8,2008-06-23T16:00Z,JJA,10.372,0,5,0.0,-0.0613,-0.0312,-0.2323,-0.2106,-0.0362,-0.0829,,,1.154,,0,-0.2618,-0.2342,1.0
TAO170W,A_tropical_8,2008-07-08T12:00Z,JJA,12.207,0,5,0.0,-0.002,-0.001,-0.0062,-0.0057,-0.0009,-0.0037,,,0.564,,0,-0.0076,-0.007,1.0
TAO170W,A_tropical_8,2015-12-04T10:00Z,DJF,25.413,0,5,0.05,-0.076,-0.0592,-0.0644,-0.0774,-0.0899,0.1568,,,-3.516,,0,-0.0285,-0.0587,1.0
TAO170W,A_tropical_8,2015-12-11T06:00Z,DJF,10.57,0,3,0.0145,-0.078,-0.0053,-0.1322,-0.0873,-0.0072,-0.0706,,,-2.032,,0,-0.155,-0.0956,1.0
TAO170W,A_tropical_8,2015-12-13T23:00Z,DJF,11.47,0,4,0.0185,-0.0475,-0.0235,-0.0207,-0.0144,-0.0001,-0.0209,,,0.566,,0,-0.0296,-0.0196,1.0
TAO170W,A_tropical_8,2015-12-19T00:00Z,DJF,38.457,0,5,-0.0085,0.0033,0.0053,-0.1964,-0.1862,-0.0621,-0.0861,,,-6.223,,0,-0.2279,-0.214,1.0
TAO170W,A_tropical_8,2016-01-03T22:00Z,DJF,25.809,0,4,0.0895,-0.0322,-0.0008,-0.5624,-0.4701,-0.0675,-0.3977,,,-6.442,,0,-0.7054,-0.563,1.0
TAO170W,A_tropical_8,2016-01-09T04:00Z,DJF,43.295,0,5,0.012,-0.0292,-0.0255,-0.1364,-0.1349,-0.0929,-0.1103,,,-5.364,,0,-0.1571,-0.1543,1.0
TAO170W,A_tropical_8,2016-01-16T19:00Z,DJF,68.769,0,3,-0.0025,-0.1062,-0.026,-0.6075,-0.5137,-0.1168,-0.4108,,,-15.582,,0,-0.7342,-0.6037,1.0
TAO170W,A_tropical_8,2016-01-18T23:00Z,DJF,93.695,0,4,0.041,-0.8247,-0.0232,-2.9466,-2.4733,-0.2096,-1.4003,,,-23.266,,0,-3.3828,-2.764,1.0
TAO170W,A_tropical_8,2016-01-23T20:00Z,DJF,24.72,0,5,0.272,-0.136,-0.0337,-0.3815,-0.3493,-0.052,-0.1304,,,-5.422,,0,-0.4249,-0.3843,1.0
TAO170W,A_tropical_8,2016-01-27T11:00Z,DJF,19.31,0,5,0.145,0.0055,0.0058,-0.1006,-0.0983,-0.0398,-0.0905,,,-2.666,,0,-0.1244,-0.1216,1.0
TAO170W,A_tropical_8,2016-02-02T02:00Z,DJF,16.825,0,5,0.1915,-0.1407,0.0262,-1.2051,-1.1876,-0.1728,0.2091,,,-23.294,,0,-1.0234,-1.1065,1.0
TAO170W,A_tropical_8,2016-02-06T02:00Z,DJF,61.25,0,5,-0.371,-0.2363,-0.0948,-0.1105,-0.0709,-0.1898,0.0359,,,-17.393,,0,-0.0875,-0.0218,1.0
TAO170W,A_tropical_8,2016-02-12T11:00Z,DJF,62.983,0,5,0.0915,-0.3418,-0.1102,-1.2504,-0.9399,-0.1649,-0.8656,,,-9.308,,0,-1.4556,-1.1028,1.0
TAO170W,A_tropical_8,2016-02-23T11:00Z,DJF,34.594,0,5,0.016,-0.2403,-0.1285,-0.4474,-0.4312,-0.166,-0.5089,,,-8.213,,0,-0.5293,-0.5073,1.0
TAO170W,A_tropical_8,2016-03-03T05:00Z,MAM,59.937,0,5,-0.0925,0.0127,0.0148,-0.0155,-0.0148,-0.0046,-0.0077,,,0.184,,0,-0.0182,-0.0173,1.0
TAO170W,A_tropical_8,2016-03-05T16:00Z,MAM,12.36,0,5,0.0045,-0.0235,-0.0022,-0.7665,-0.576,-0.0027,-0.2818,,,-1.875,,0,-0.8705,-0.6255,1.0
TAO170W,A_tropical_8,2016-03-17T21:00Z,MAM,55.321,0,5,-0.426,-0.0015,-0.0022,0.0,0.0,0.0,0.0,,,6.339,,0,0.0,0.0,1.0
TAO170W,A_tropical_8,2016-03-25T12:00Z,MAM,15.128,0,5,0.001,-0.188,-0.0255,-0.5875,-0.5147,-0.1087,-0.2368,,,12.565,,0,-0.6791,-0.5783,1.0
TAO170W,A_tropical_8,2016-03-27T19:00Z,MAM,14.286,0,5,-0.0385,0.0215,0.0148,0.0,0.0,0.0,0.0,,,8.406,,0,0.0,0.0,1.0
TAO170W,A_tropical_8,2016-03-29T20:00Z,MAM,17.68,0,5,0.0255,-0.1115,-0.0933,-0.1258,-0.1195,-0.0194,-0.0991,,,20.245,,0,-0.1478,-0.1413,1.0
TAO170W,A_tropical_8,2016-04-20T09:00Z,MAM,18.015,0,5,-0.0225,-0.0103,-0.0157,-0.0727,-0.0666,-0.0123,0.0,,,-7.125,,0,-0.0727,-0.0666,1.0
TAO170W,A_tropical_8,2017-07-06T01:00Z,JJA,19.09,0,5,-0.0745,-0.0592,,-0.0089,-0.0084,,-0.004,,,-5.84,,0,-0.0104,-0.0097,1.0
TAO170W,A_tropical_8,2017-07-22T14:00Z,JJA,10.565,0,5,-0.012,-0.0088,,-0.2066,-0.1978,,-0.1638,,,-2.338,,0,-0.2497,-0.2375,1.0
TAO170W,A_tropical_8,2017-07-26T03:00Z,JJA,12.112,0,5,-0.015,-0.0172,,-0.097,-0.0883,,-0.0218,,,1.27,,0,-0.1031,-0.0928,1.0
TAO155W,A_tropical_8,2010-01-26T07:00Z,DJF,23.185,0,5,0.0,-0.0408,,-0.0161,-0.0153,,-0.0212,,,-4.05,,0,-0.0225,-0.0212,1.0
TAO155W,A_tropical_8,2010-02-01T12:00Z,DJF,61.763,0,5,0.0,-0.078,,-0.0265,-0.0189,,-0.0236,,,-8.25,,0,-0.0365,-0.0254,1.0
TAO155W,A_tropical_8,2010-02-11T02:00Z,DJF,16.492,0,5,-0.102,-0.3208,,-0.3605,-0.2886,,-0.0318,,,-19.575,,0,-0.3742,-0.2926,1.0
TAO155W,A_tropical_8,2010-02-14T12:00Z,DJF,26.397,0,5,0.0,-0.1082,,-0.3801,-0.3558,,-0.2267,,,-1.8,,0,-0.4403,-0.408,1.0
TAO155W,A_tropical_8,2010-02-18T02:00Z,DJF,34.923,0,5,-0.006,-0.0815,,-0.7252,-0.6949,,-0.0327,,,-4.574,,0,-0.7564,-0.7262,1.0
TAO155W,A_tropical_8,2010-02-21T02:00Z,DJF,13.838,0,5,-0.0385,-0.0627,,-0.4181,-0.3627,,-0.1105,,,-3.8,,0,-0.4566,-0.3865,1.0
TAO155W,A_tropical_8,2010-02-25T08:00Z,DJF,20.872,0,5,0.0,-0.055,,-0.1179,-0.1151,,-0.0347,,,-2.7,,0,-0.1248,-0.122,1.0
TAO155W,A_tropical_8,2010-03-11T20:00Z,MAM,45.26,0,5,-0.0625,-0.0285,,0.0,0.0,,0.0,,,4.37,,0,0.0,0.0,1.0
TAO155W,A_tropical_8,2010-03-16T12:00Z,MAM,21.977,0,5,0.0,-0.1065,,-1.2063,-0.8479,,-0.1408,,,-3.85,,0,-1.2567,-0.8862,1.0
TAO155W,A_tropical_8,2010-04-03T10:00Z,MAM,26.438,0,5,0.0,-0.0075,,-0.0625,-0.0556,,-0.0653,,,-0.3,,0,-0.0878,-0.0761,1.0
TAO140W,A_tropical_8,2004-06-10T10:00Z,JJA,22.967,0,5,-0.037,-0.0384,,-0.0814,-0.0781,,-0.0829,,,-1.311,,0,-0.1011,-0.0966,1.0
TAO140W,A_tropical_8,2005-03-27T17:00Z,MAM,12.16,0,5,-0.0655,-0.0575,,0.0023,0.0028,,-0.0027,,,-3.061,,0,0.0012,0.0019,1.0
TAO140W,A_tropical_8,2005-06-03T02:00Z,JJA,17.58,0,5,-0.0295,-0.0287,,-1.0857,-0.6332,,-0.5652,,,-7.023,,0,-1.2584,-0.7008,1.0
TAO140W,A_tropical_8,2008-06-11T14:00Z,JJA,11.675,0,5,0.0,0.005,,-0.0249,-0.0237,,-0.0102,,,2.597,,0,-0.0287,-0.0271,1.0
TAO140W,A_tropical_8,2008-08-06T02:00Z,JJA,11.563,0,5,0.012,-0.002,0.0018,-0.0099,-0.0095,-0.0033,-0.029,,,-3.466,,0,-0.0188,-0.017,1.0
TAO140W,A_tropical_8,2009-07-10T13:00Z,JJA,13.897,0,5,0.0,-0.0125,-0.0123,-0.028,-0.0271,-0.011,-0.0214,,,1.926,,0,-0.0341,-0.0328,1.0
TAO140W,A_tropical_8,2015-04-12T14:00Z,MAM,34.242,0,5,-0.6275,-0.6088,-0.0203,-1.0791,-0.7637,-0.2952,-0.3588,,,-29.924,,0,-1.2165,-0.7819,1.0
TAO140W,A_tropical_8,2015-06-30T06:00Z,JJA,24.223,0,5,-0.019,-0.0212,-0.0188,-0.0899,-0.0861,-0.0336,-0.0176,,,-1.232,,0,-0.0967,-0.092,1.0
TAO140W,A_tropical_8,2016-03-03T02:00Z,MAM,14.94,0,5,-0.1025,-0.0882,-0.0012,-0.1777,-0.2008,-0.0395,0.1512,,,-17.5,,0,-0.0979,-0.1628,1.0
TAO140W,A_tropical_8,2016-03-09T07:00Z,MAM,23.328,0,5,0.0085,0.012,0.0108,-0.0022,-0.0019,-0.0,-0.01,,,-0.942,,0,-0.0061,-0.0051,1.0
TAO125W,A_tropical_8,2010-04-24T12:00Z,MAM,12.728,0,5,0.0,-0.0372,,-0.1057,-0.1017,,-0.0737,,,5.004,,0,-0.1261,-0.1206,1.0
TAO110W,A_tropical_8,2015-05-05T08:00Z,MAM,10.985,0,5,-0.0415,-0.0473,,-0.2239,-0.1984,-0.0355,-0.1875,,,0.291,,0,-0.2966,-0.2522,1.0
TAO110W,A_tropical_8,2015-05-06T15:00Z,MAM,18.972,0,5,-0.0285,-0.0252,-0.0237,0.0907,0.093,0.0743,-0.0139,,,-0.983,,0,0.0852,0.089,1.0
TAO110W,A_tropical_8,2018-02-28T15:00Z,DJF,16.54,0,5,-0.0195,-0.0037,,-0.0061,-0.0093,,0.0499,,,-0.799,,0,0.015,0.0091,1.0
KEO,B_subtropical_midlatitude_5,2007-10-19T21:00Z,SON,105.439,0,5,-0.4405,-0.3968,,-0.6106,-0.5759,,-0.7318,,,-1.98,,0,-0.7539,-0.702,1.0
KEO,B_subtropical_midlatitude_5,2007-11-06T00:00Z,SON,46.352,0,5,-0.2015,-0.1382,,-0.0812,-0.0799,,-0.0384,,,-1.007,,0,-0.0895,-0.0879,1.0
KEO,B_subtropical_midlatitude_5,2007-11-28T09:00Z,SON,95.243,0,5,0.004,-0.0065,,-0.1145,-0.0717,,0.0662,,,-0.215,,0,-0.0855,-0.0549,1.0
KEO,B_subtropical_midlatitude_5,2007-12-13T00:00Z,DJF,20.267,0,5,-0.016,-0.0305,,-0.1152,-0.1127,,-0.0873,,,5.651,,0,-0.135,-0.1314,1.0
KEO,B_subtropical_midlatitude_5,2007-12-22T12:00Z,DJF,28.087,0,5,-0.0075,-0.0088,,-0.0533,-0.0538,,-0.0063,,,0.076,,0,-0.0519,-0.0536,1.0
KEO,B_subtropical_midlatitude_5,2008-01-20T23:00Z,DJF,27.93,0,5,-0.091,-0.0503,,-0.0938,-0.0931,,-0.0373,,,-1.022,,0,-0.1008,-0.0999,1.0
KEO,B_subtropical_midlatitude_5,2008-01-28T14:00Z,DJF,11.45,0,5,-0.086,-0.0518,,-0.0696,-0.0684,,-0.0655,,,20.419,,0,-0.0835,-0.0819,1.0
KEO,B_subtropical_midlatitude_5,2008-02-02T04:00Z,DJF,14.48,0,5,-0.0595,-0.042,,0.0012,0.0012,,0.0,,,1.841,,0,0.0012,0.0012,1.0
KEO,B_subtropical_midlatitude_5,2008-02-26T16:00Z,DJF,11.42,0,5,0.0165,0.0077,,-0.0271,-0.0269,,-0.0211,,,-12.798,,0,-0.0311,-0.0308,1.0
KEO,B_subtropical_midlatitude_5,2008-03-19T18:00Z,MAM,12.777,0,5,0.016,0.011,,-0.0637,-0.063,,-0.0911,,,-0.799,,0,-0.0782,-0.0772,1.0
KEO,B_subtropical_midlatitude_5,2008-03-24T21:00Z,MAM,19.978,0,5,-0.122,-0.0582,,-0.1294,-0.1042,,-0.1664,,,-1.232,,0,-0.1956,-0.148,1.0
KEO,B_subtropical_midlatitude_5,2008-03-30T08:00Z,MAM,12.088,0,5,-0.0075,-0.007,,-0.1947,-0.1888,,-0.1075,,,4.101,,0,-0.2244,-0.2166,1.0
KEO,B_subtropical_midlatitude_5,2008-04-03T01:00Z,MAM,10.263,0,5,0.0035,-0.0067,,-0.0846,-0.0838,,-0.0521,,,-0.12,,0,-0.0953,-0.0942,1.0
KEO,B_subtropical_midlatitude_5,2008-04-10T14:00Z,MAM,22.863,0,5,-0.0115,0.0018,,-0.144,-0.142,,-0.0393,,,0.926,,0,-0.1496,-0.1474,1.0
KEO,B_subtropical_midlatitude_5,2008-05-01T23:00Z,MAM,29.695,0,5,-0.0065,-0.0013,,-0.1377,-0.1361,,-0.0497,,,-2.396,,0,-0.1478,-0.146,1.0
KEO,B_subtropical_midlatitude_5,2008-05-15T18:00Z,MAM,12.988,0,5,-0.057,-0.0678,,-0.0986,-0.072,,-0.0374,,,-6.654,,0,-0.1107,-0.0773,1.0
KEO,B_subtropical_midlatitude_5,2008-05-23T17:00Z,MAM,17.077,0,5,-0.026,-0.0293,,-1.1306,-0.7733,,-0.2943,,,-0.217,,0,-1.251,-0.8202,1.0
KEO,B_subtropical_midlatitude_5,2008-05-29T16:00Z,MAM,23.25,0,5,0.0295,-0.0513,,-0.2025,-0.1978,,-0.2025,,,-2.434,,0,-0.2346,-0.228,1.0
KEO,B_subtropical_midlatitude_5,2008-06-02T19:00Z,JJA,35.782,0,5,-0.091,0.01,,-0.2027,-0.2009,,-0.3467,,,14.736,,0,-0.2422,-0.2397,1.0
KEO,B_subtropical_midlatitude_5,2008-06-05T05:00Z,JJA,10.86,0,5,-0.0435,-0.0452,,-0.187,-0.1846,,-0.0965,,,2.066,,0,-0.2044,-0.2015,1.0
KEO,B_subtropical_midlatitude_5,2008-06-09T06:00Z,JJA,13.437,0,5,0.0195,-0.0023,,-0.0588,-0.0573,,-0.0482,,,-0.425,,0,-0.0703,-0.0683,1.0
KEO,B_subtropical_midlatitude_5,2008-06-15T23:00Z,JJA,26.662,0,5,-0.0285,0.015,,-0.9043,-0.7115,,-0.1584,,,-1.41,,0,-0.9681,-0.7538,1.0
KEO,B_subtropical_midlatitude_5,2008-09-15T15:00Z,SON,13.267,0,5,0.001,0.0032,,-0.2195,-0.2142,,-0.1237,,,0.067,,0,-0.2433,-0.2357,1.0
KEO,B_subtropical_midlatitude_5,2008-09-17T01:00Z,SON,120.667,0,5,0.0025,-0.0082,,-0.2938,-0.2825,,-0.0696,,,-0.87,,0,-0.3061,-0.2938,1.0
KEO,B_subtropical_midlatitude_5,2008-09-28T20:00Z,SON,20.733,0,5,0.029,0.0093,,0.0215,0.0215,,0.0042,,,1.359,,0,0.0211,0.0211,1.0
KEO,B_subtropical_midlatitude_5,2008-10-01T03:00Z,SON,34.89,0,5,-0.095,-0.0704,,-0.1627,-0.1583,,-0.1086,,,-0.987,,0,-0.1903,-0.1843,1.0
KEO,B_subtropical_midlatitude_5,2008-10-07T19:00Z,SON,61.842,0,5,-0.036,-0.0957,,-0.1986,-0.1923,,-0.1618,,,-1.591,,0,-0.2349,-0.2261,1.0
KEO,B_subtropical_midlatitude_5,2008-10-11T04:00Z,SON,93.398,0,5,-0.09,0.0152,,-0.0444,-0.0431,,-0.0662,,,-1.426,,0,-0.0591,-0.0571,1.0
KEO,B_subtropical_midlatitude_5,2008-10-26T18:00Z,SON,12.425,0,5,0.011,-0.0122,,-0.0904,-0.0878,,-0.0473,,,1.326,,0,-0.1036,-0.1001,1.0
KEO,B_subtropical_midlatitude_5,2008-10-31T21:00Z,SON,21.483,0,5,-0.0575,-0.039,,-0.5732,-0.4821,,-0.2315,,,-1.124,,0,-0.6518,-0.5301,1.0
KEO,B_subtropical_midlatitude_5,2008-11-03T02:00Z,SON,20.3,0,5,-0.0105,0.0082,,-0.0243,-0.0238,,-0.0354,,,-0.109,,0,-0.0322,-0.0314,1.0
KEO,B_subtropical_midlatitude_5,2008-11-07T04:00Z,SON,14.3,0,5,0.0075,-0.0343,,-0.1837,-0.1818,,-0.1307,,,1.372,,0,-0.2053,-0.2027,1.0
KEO,B_subtropical_midlatitude_5,2008-11-27T16:00Z,SON,14.3,0,5,-0.025,-0.0362,,-0.3255,-0.3022,,-0.0441,,,3.559,,0,-0.3406,-0.3122,1.0
KEO,B_subtropical_midlatitude_5,2008-12-09T17:00Z,DJF,12.917,0,5,0.007,0.0853,,-0.0784,-0.0766,,-0.0974,,,-10.07,,0,-0.1022,-0.0991,1.0
KEO,B_subtropical_midlatitude_5,2008-12-13T20:00Z,DJF,16.267,0,5,-0.0275,-0.02,,-0.2426,-0.2294,,-0.1325,,,-7.979,,0,-0.2837,-0.2652,1.0
KEO,B_subtropical_midlatitude_5,2008-12-17T12:00Z,DJF,14.683,0,5,0.0265,0.0213,,-0.1263,-0.1232,,-0.0986,,,7.608,,0,-0.151,-0.1464,1.0
KEO,B_subtropical_midlatitude_5,2009-01-22T20:00Z,DJF,10.163,0,5,0.0145,0.0095,,-0.0988,-0.0976,,-0.0744,,,2.235,,0,-0.1147,-0.1131,1.0
KEO,B_subtropical_midlatitude_5,2009-02-27T08:00Z,DJF,12.488,0,5,-0.0185,-0.0102,,-0.0747,-0.0744,,-0.063,,,-1.994,,0,-0.0881,-0.0852,1.0
KEO,B_subtropical_midlatitude_5,2009-03-01T00:00Z,MAM,12.768,0,5,-0.0055,-0.0042,,-0.0862,-0.0851,,-0.0303,,,1.245,,0,-0.0909,-0.0897,1.0
KEO,B_subtropical_midlatitude_5,2009-03-03T22:00Z,MAM,17.733,0,5,-0.0155,-0.0085,,-0.0751,-0.0748,,-0.0755,,,-0.327,,0,-0.0876,-0.087,1.0
KEO,B_subtropical_midlatitude_5,2009-03-07T23:00Z,MAM,10.25,0,5,-0.0205,-0.0102,,-1.0714,-0.7839,,-0.3667,,,-1.472,,0,-1.1498,-0.7748,1.0
KEO,B_subtropical_midlatitude_5,2009-03-09T15:00Z,MAM,33.95,0,5,-0.014,-0.0137,,-0.2266,-0.223,,-0.14,,,-1.234,,0,-0.242,-0.2402,1.0
KEO,B_subtropical_midlatitude_5,2009-03-20T09:00Z,MAM,10.5,0,5,-0.015,-0.0187,,-0.1743,-0.172,,-0.186,,,0.975,,0,-0.2042,-0.2011,1.0
KEO,B_subtropical_midlatitude_5,2009-03-22T16:00Z,MAM,10.133,0,5,-0.013,-0.006,,-0.1341,-0.1331,,-0.1776,,,0.84,,0,-0.1615,-0.1601,1.0
KEO,B_subtropical_midlatitude_5,2009-03-24T07:00Z,MAM,51.917,0,5,0.02,-0.0387,,-0.0195,-0.0189,,-0.0162,,,-2.388,,0,-0.0238,-0.023,1.0
KEO,B_subtropical_midlatitude_5,2009-04-05T07:00Z,MAM,18.65,0,5,0.0185,-0.0042,,-0.078,-0.0763,,-0.0248,,,0.321,,0,-0.0859,-0.0835,1.0
KEO,B_subtropical_midlatitude_5,2009-04-12T02:00Z,MAM,20.383,0,5,-0.0205,-0.0122,,-0.0938,-0.0924,,-0.1324,,,3.013,,0,-0.1171,-0.1151,1.0
KEO,B_subtropical_midlatitude_5,2009-04-14T20:00Z,MAM,26.233,0,5,-0.0175,-0.0165,,-0.097,-0.0967,,-0.0777,,,0.927,,0,-0.1049,-0.1043,1.0
KEO,B_subtropical_midlatitude_5,2009-04-25T07:00Z,MAM,11.883,0,5,-0.005,-0.0018,,-0.0817,-0.081,,-0.0391,,,19.442,,0,-0.0896,-0.0887,1.0
KEO,B_subtropical_midlatitude_5,2009-05-18T13:00Z,MAM,39.233,0,5,0.0345,0.046,,-0.0003,-0.0003,,0.0,,,-8.149,,0,0.0007,0.0007,1.0
KEO,B_subtropical_midlatitude_5,2009-05-27T16:00Z,MAM,37.408,0,5,-0.0255,0.011,,-0.1482,-0.1472,,-0.1077,,,2.697,,0,-0.1633,-0.1621,1.0
KEO,B_subtropical_midlatitude_5,2009-06-03T18:00Z,JJA,14.683,0,5,-0.0415,-0.0303,,-0.1155,-0.1122,,-0.0915,,,4.011,,0,-0.1385,-0.134,1.0
KEO,B_subtropical_midlatitude_5,2009-06-12T03:00Z,JJA,10.9,0,5,-0.0055,-0.0043,,-0.2382,-0.2297,,-0.1115,,,-0.789,,0,-0.2677,-0.2569,1.0
KEO,B_subtropical_midlatitude_5,2009-06-18T19:00Z,JJA,15.1,0,5,-0.0315,-0.0387,,-1.1051,-0.9434,,-0.204,,,0.08,,0,-1.0916,-0.9485,1.0
KEO,B_subtropical_midlatitude_5,2009-07-27T16:00Z,JJA,17.84,0,5,-0.2165,-0.1683,,-0.8619,-0.8122,,-0.5521,,,-5.352,,0,-0.9697,-0.9044,1.0
KEO,B_subtropical_midlatitude_5,2009-08-02T23:00Z,JJA,41.067,0,5,-0.218,-0.1578,,-0.2016,-0.1966,,-0.0284,,,-7.314,,0,-0.2099,-0.2041,1.0
KEO,B_subtropical_midlatitude_5,2009-09-07T16:00Z,SON,26.423,0,5,-0.064,-0.052,,-0.0951,-0.0859,,-0.0404,,,0.484,,0,-0.1082,-0.0961,1.0
KEO,B_subtropical_midlatitude_5,2009-10-05T02:00Z,SON,54.993,0,5,-0.0705,-0.093,,-0.0357,-0.0324,,-0.0187,,,-3.834,,0,-0.0438,-0.0362,1.0
KEO,B_subtropical_midlatitude_5,2010-04-15T15:00Z,MAM,26.202,0,5,-0.0115,-0.0062,,-0.0324,-0.0311,,0.0178,,,1.23,,0,-0.0335,-0.0299,1.0
KEO,B_subtropical_midlatitude_5,2010-04-20T11:00Z,MAM,11.375,0,5,-0.002,-0.0015,,-0.15,-0.1473,,-0.1631,,,-0.71,,0,-0.1775,-0.1738,1.0
KEO,B_subtropical_midlatitude_5,2010-04-23T08:00Z,MAM,22.93,0,5,-0.012,-0.0143,,-0.0788,-0.0763,,-0.1378,,,-0.889,,0,-0.1058,-0.1014,1.0
KEO,B_subtropical_midlatitude_5,2010-04-28T04:00Z,MAM,29.558,0,5,-0.0015,-0.0028,,-0.0216,-0.0216,,-0.0085,,,0.859,,0,-0.0237,-0.0234,1.0
KEO,B_subtropical_midlatitude_5,2010-05-11T00:00Z,MAM,11.877,0,5,-0.0155,-0.0202,,-0.1988,-0.1978,,-0.1372,,,-0.521,,0,-0.2132,-0.212,1.0
KEO,B_subtropical_midlatitude_5,2010-06-08T02:00Z,JJA,32.638,0,5,-0.0065,-0.007,,-0.3905,-0.3776,,-0.1797,,,-1.819,,0,-0.4343,-0.4178,1.0
KEO,B_subtropical_midlatitude_5,2010-06-14T20:00Z,JJA,14.668,0,5,-0.01,-0.0155,,-0.3747,-0.3616,,-0.3551,,,-7.083,,0,-0.4424,-0.4245,1.0
KEO,B_subtropical_midlatitude_5,2010-07-31T22:00Z,JJA,18.12,0,5,-0.1475,-0.1072,,-0.1175,-0.1175,,-0.0425,,,-2.005,,0,-0.1276,-0.1275,1.0
KEO,B_subtropical_midlatitude_5,2010-09-22T19:00Z,SON,11.45,0,5,-0.0015,0.0017,,-0.0157,-0.0153,,-0.0111,,,0.947,,0,-0.0177,-0.0173,1.0
KEO,B_subtropical_midlatitude_5,2010-10-10T17:00Z,SON,20.673,0,5,-0.014,-0.0345,,-0.2973,-0.2818,,-0.4302,,,-1.571,,0,-0.3891,-0.3629,1.0
KEO,B_subtropical_midlatitude_5,2010-10-18T15:00Z,SON,70.458,0,5,0.017,-0.0155,,-0.0228,-0.0225,,-0.0239,,,1.757,,0,-0.0277,-0.0273,1.0
KEO,B_subtropical_midlatitude_5,2010-11-25T22:00Z,SON,21.695,0,5,-0.0275,-0.0175,,-0.0652,-0.0634,,-0.0474,,,10.234,,0,-0.0769,-0.0744,1.0
KEO,B_subtropical_midlatitude_5,2010-12-01T05:00Z,DJF,11.558,0,5,-0.005,-0.0105,,-0.1637,-0.1578,,-0.1922,,,-2.757,,0,-0.2047,-0.1964,1.0
KEO,B_subtropical_midlatitude_5,2010-12-16T05:00Z,DJF,24.488,0,5,-0.0135,-0.0127,,-0.1683,-0.1551,,-0.1205,,,-9.816,,0,-0.2133,-0.1927,1.0
KEO,B_subtropical_midlatitude_5,2011-11-22T19:00Z,SON,38.688,0,5,-0.197,-0.0403,,-0.1982,-0.1898,,-0.0992,,,-1.38,,0,-0.2304,-0.2185,1.0
KEO,B_subtropical_midlatitude_5,2011-11-28T21:00Z,SON,49.337,0,5,-0.0045,-0.0235,,-0.17,-0.1678,,-0.216,,,0.37,,0,-0.2004,-0.1974,1.0
KEO,B_subtropical_midlatitude_5,2011-12-01T20:00Z,DJF,19.387,0,5,0.0355,0.0335,,-0.0614,-0.0609,,-0.0721,,,0.745,,0,-0.0726,-0.0718,1.0
KEO,B_subtropical_midlatitude_5,2011-12-08T07:00Z,DJF,14.303,0,5,0.004,0.0017,,-0.219,-0.1864,,-0.0832,,,-2.582,,0,-0.2522,-0.2093,1.0
KEO,B_subtropical_midlatitude_5,2012-01-01T17:00Z,DJF,15.313,0,5,0.0145,0.0005,,-0.1197,-0.1177,,-0.0855,,,-1.19,,0,-0.1366,-0.1338,1.0
KEO,B_subtropical_midlatitude_5,2012-01-16T01:00Z,DJF,14.013,0,5,-0.0275,-0.0222,,-0.36,-0.3189,,-0.2107,,,1.559,,0,-0.4172,-0.3651,1.0
KEO,B_subtropical_midlatitude_5,2012-01-22T07:00Z,DJF,13.248,0,5,-0.0065,-0.0093,,-0.0772,-0.0759,,-0.1071,,,0.14,,0,-0.0955,-0.0936,1.0
KEO,B_subtropical_midlatitude_5,2012-02-15T03:00Z,DJF,20.858,0,5,-0.0245,-0.0262,,-0.0593,-0.0551,,-0.0965,,,-0.864,,0,-0.0876,-0.0803,1.0
KEO,B_subtropical_midlatitude_5,2012-02-29T01:00Z,DJF,19.605,0,5,-0.014,-0.0098,,-0.0558,-0.0557,,-0.0256,,,4.248,,0,-0.0547,-0.0547,1.0
KEO,B_subtropical_midlatitude_5,2012-03-17T15:00Z,MAM,12.143,0,5,-0.005,-0.004,,-0.0746,-0.0749,,-0.0274,,,1.522,,0,-0.0769,-0.0772,1.0
KEO,B_subtropical_midlatitude_5,2012-05-17T02:00Z,MAM,24.652,0,5,-0.02,-0.0203,,-0.7165,-0.6787,,-0.2542,,,-2.808,,0,-0.7701,-0.7248,1.0
KEO,B_subtropical_midlatitude_5,2012-05-20T14:00Z,MAM,16.218,0,5,-0.089,-0.0193,,-0.3125,-0.3087,,-0.3017,,,-1.24,,0,-0.3577,-0.3527,1.0
KEO,B_subtropical_midlatitude_5,2012-06-05T17:00Z,JJA,23.183,0,5,-0.3125,-0.0412,,-0.1932,-0.1932,,-0.2244,,,0.71,,0,-0.2092,-0.2085,1.0
KEO,B_subtropical_midlatitude_5,2012-06-24T13:00Z,JJA,20.043,0,5,-0.0285,-0.0237,,0.0303,0.0363,,-0.0085,,,0.505,,0,0.0213,0.0331,1.0
KEO,B_subtropical_midlatitude_5,2012-06-28T16:00Z,JJA,28.127,0,5,-0.057,-0.0512,,-0.2706,-0.2609,,-0.2182,,,-1.68,,0,-0.3219,-0.3088,1.0
KEO,B_subtropical_midlatitude_5,2012-07-07T18:00Z,JJA,54.83,0,5,-0.072,-0.1306,,-0.1011,-0.0991,,-0.1623,,,0.085,,0,-0.1285,-0.1254,1.0
KEO,B_subtropical_midlatitude_5,2012-07-19T20:00Z,JJA,27.515,0,5,-0.0615,-0.0702,,-0.462,-0.3883,,-0.2628,,,-3.161,,0,-0.5575,-0.4545,1.0
KEO,B_subtropical_midlatitude_5,2012-08-06T08:00Z,JJA,33.117,0,5,-0.025,-0.0138,,-0.2535,-0.25,,-0.253,,,-0.793,,0,-0.2917,-0.287,1.0
KEO,B_subtropical_midlatitude_5,2012-08-16T22:00Z,JJA,10.055,0,5,-0.0165,-0.058,,-0.5755,-0.3756,,-0.05,,,-21.428,,0,-0.588,-0.3909,1.0
KEO,B_subtropical_midlatitude_5,2012-09-01T06:00Z,SON,14.447,0,5,0.091,-0.0079,,0.062,0.0563,,0.0512,,,2.812,,0,0.0812,0.074,1.0
KEO,B_subtropical_midlatitude_5,2012-10-02T23:00Z,SON,18.513,0,5,-0.0325,-0.0359,,-0.0877,-0.0864,,-0.1052,,,0.296,,0,-0.1078,-0.1058,1.0
KEO,B_subtropical_midlatitude_5,2012-10-06T04:00Z,SON,41.848,0,5,-0.0145,0.0365,,-0.3913,-0.3843,,-0.1304,,,-3.56,,0,-0.4049,-0.3972,1.0
KEO,B_subtropical_midlatitude_5,2012-10-14T22:00Z,SON,33.815,0,5,-0.1655,-0.1237,,-0.4664,-0.4136,,-0.4593,,,-5.173,,0,-0.5719,-0.4975,1.0
KEO,B_subtropical_midlatitude_5,2012-10-26T12:00Z,SON,42.833,0,5,-0.1295,-0.2946,,-0.0225,-0.0211,,-0.0086,,,-4.424,,0,-0.0257,-0.0239,1.0
KEO,B_subtropical_midlatitude_5,2012-10-29T02:00Z,SON,23.338,0,5,-0.066,-0.0678,,-0.1698,-0.1653,,-0.1404,,,1.033,,0,-0.2048,-0.198,1.0
KEO,B_subtropical_midlatitude_5,2012-11-01T00:00Z,SON,10.433,0,5,-0.041,-0.1267,,-0.3139,-0.2131,,-0.0919,,,-1.637,,0,-0.3545,-0.2394,1.0
KEO,B_subtropical_midlatitude_5,2012-11-17T20:00Z,SON,16.637,0,5,-0.0415,-0.0273,,-0.0753,-0.0746,,-0.047,,,-1.135,,0,-0.0835,-0.0826,1.0
KEO,B_subtropical_midlatitude_5,2012-12-02T20:00Z,DJF,40.883,0,5,-0.029,-0.0297,,-0.1951,-0.1932,,-0.1209,,,2.125,,0,-0.2092,-0.2071,1.0
KEO,B_subtropical_midlatitude_5,2014-08-06T22:00Z,JJA,63.673,1,5,-0.477,-0.5087,,-0.5122,-0.3488,,-0.2972,,,-19.597,,0,-0.5952,-0.3901,1.3
KEO,B_subtropical_midlatitude_5,2014-08-10T21:00Z,JJA,15.312,1,5,-0.055,-0.0447,,0.0004,0.0004,,0.0,,,-1.225,,0,0.0004,0.0004,1.3
KEO,B_subtropical_midlatitude_5,2014-08-26T19:00Z,JJA,12.358,1,5,-0.047,-0.0456,,0.0,0.0,,0.0,,,0.154,,0,0.0,0.0,1.3
KEO,B_subtropical_midlatitude_5,2014-09-08T19:00Z,SON,39.635,1,5,-0.052,-0.0842,,-0.144,-0.142,,-0.1217,,,1.415,,0,-0.16,-0.1576,1.3
KEO,B_subtropical_midlatitude_5,2014-09-17T02:00Z,SON,13.727,1,5,-0.011,-0.0127,,-0.4921,-0.2872,,-0.2026,,,-5.762,,0,-0.5719,-0.3112,1.3
KEO,B_subtropical_midlatitude_5,2014-09-26T19:00Z,SON,11.888,1,5,-0.012,-0.0055,,-0.0361,-0.0354,,-0.0338,,,-1.098,,0,-0.0424,-0.0415,1.3
KEO,B_subtropical_midlatitude_5,2014-10-03T00:00Z,SON,58.045,1,5,0.026,0.0153,,-0.0404,-0.0378,,-0.0708,,,-11.995,,0,-0.0561,-0.0521,1.3
KEO,B_subtropical_midlatitude_5,2014-11-01T13:00Z,SON,33.635,1,5,-0.035,-0.0463,,-0.1023,-0.0991,,-0.1339,,,1.006,,0,-0.1254,-0.1206,1.3
KEO,B_subtropical_midlatitude_5,2014-11-09T11:00Z,SON,28.167,1,5,-0.064,-0.0683,,-0.334,-0.3184,,-0.3902,,,2.435,,0,-0.3981,-0.3767,1.3
KEO,B_subtropical_midlatitude_5,2014-12-04T12:00Z,DJF,17.45,1,5,-0.042,-0.0904,,-0.1617,-0.158,,-0.2216,,,6.045,,0,-0.1955,-0.1904,1.3
KEO,B_subtropical_midlatitude_5,2014-12-08T12:00Z,DJF,13.882,1,5,-0.01,-0.0067,,0.0008,0.0006,,-0.0011,,,-2.152,,0,0.0017,0.0017,1.3
KEO,B_subtropical_midlatitude_5,2015-01-26T12:00Z,DJF,27.058,1,5,-0.0025,-0.0012,,-0.0097,-0.0096,,-0.0058,,,4.751,,0,-0.0109,-0.0107,1.3
KEO,B_subtropical_midlatitude_5,2015-09-14T01:00Z,SON,40.847,1,5,-0.5725,-0.7224,,-0.1436,-0.0915,,-0.0034,,,-12.2,,0,-0.1398,-0.0887,1.3
KEO,B_subtropical_midlatitude_5,2015-09-15T08:00Z,SON,15.783,1,5,-0.3805,-0.3769,,0.0,0.0,,0.0,,,-10.475,,0,0.0,0.0,1.3
KEO,B_subtropical_midlatitude_5,2015-09-18T11:00Z,SON,60.477,1,5,-0.0505,-0.1602,,-0.5632,-0.4606,,-0.4398,,,-7.726,,0,-0.6952,-0.5446,1.3
KEO,B_subtropical_midlatitude_5,2015-09-24T19:00Z,SON,11.863,1,5,-0.034,0.0038,,-0.0439,-0.0427,,-0.0372,,,0.917,,0,-0.0517,-0.05,1.3
KEO,B_subtropical_midlatitude_5,2015-09-27T04:00Z,SON,28.515,1,5,-0.1465,-0.1006,,-0.4323,-0.3968,,-0.1039,,,-3.658,,0,-0.4457,-0.4112,1.3
KEO,B_subtropical_midlatitude_5,2015-10-16T04:00Z,SON,44.728,1,5,-0.001,0.0008,,-0.0962,-0.0942,,-0.0834,,,-0.043,,0,-0.1128,-0.1101,1.3
KEO,B_subtropical_midlatitude_5,2015-10-27T16:00Z,SON,17.3,1,5,-0.016,-0.0212,,-0.0891,-0.0874,,-0.1,,,0.423,,0,-0.1079,-0.1055,1.3
KEO,B_subtropical_midlatitude_5,2015-10-31T07:00Z,SON,29.067,1,5,-0.0545,-0.0568,,-0.3787,-0.3134,,-0.0785,,,-2.435,,0,-0.4027,-0.3329,1.3
KEO,B_subtropical_midlatitude_5,2015-11-22T05:00Z,SON,12.447,1,5,-0.028,-0.0343,,-0.0471,-0.0468,,0.0081,,,0.903,,0,-0.0457,-0.0453,1.3
KEO,B_subtropical_midlatitude_5,2015-11-24T01:00Z,SON,25.775,1,5,-0.0235,-0.033,,-0.3085,-0.2849,,-0.2135,,,-5.153,,0,-0.3633,-0.3311,1.3
KEO,B_subtropical_midlatitude_5,2015-11-30T11:00Z,SON,11.53,1,5,0.0135,0.0084,,-0.1792,-0.1514,,-0.0193,,,-0.272,,0,-0.1863,-0.156,1.3
KEO,B_subtropical_midlatitude_5,2015-12-02T22:00Z,DJF,16.973,1,5,-0.017,-0.0164,,-0.1288,-0.1268,,-0.1393,,,0.334,,0,-0.1506,-0.1479,1.3
KEO,B_subtropical_midlatitude_5,2015-12-07T17:00Z,DJF,13.517,1,5,-0.056,-0.058,,-0.3111,-0.261,,-0.1011,,,-0.03,,0,-0.3496,-0.284,1.3
KEO,B_subtropical_midlatitude_5,2016-01-18T02:00Z,DJF,13.372,1,5,-0.018,-0.0205,,-0.1394,-0.1382,,-0.1206,,,0.546,,0,-0.1539,-0.1524,1.3
KEO,B_subtropical_midlatitude_5,2016-02-05T03:00Z,DJF,14.207,1,5,-0.0005,-0.0024,,-0.011,-0.0107,,0.0,,,4.738,,0,-0.011,-0.0107,1.3
KEO,B_subtropical_midlatitude_5,2016-02-28T07:00Z,DJF,27.76,1,5,-0.105,-0.0797,,-0.0391,-0.031,,-0.0196,,,9.987,,0,-0.0468,-0.0344,1.3
KEO,B_subtropical_midlatitude_5,2016-03-07T06:00Z,MAM,38.912,1,5,-0.0045,-0.0039,,-0.0772,-0.0757,,-0.0775,,,1.1,,0,-0.0914,-0.0893,1.3
KEO,B_subtropical_midlatitude_5,2016-03-19T09:00Z,MAM,15.512,1,5,-0.014,-0.0048,,-0.0507,-0.0497,,-0.0385,,,0.157,,0,-0.0587,-0.0574,1.3
KEO,B_subtropical_midlatitude_5,2016-04-10T00:00Z,MAM,28.393,1,5,-0.03,-0.0253,,-0.3787,-0.3317,,-0.236,,,3.236,,0,-0.4455,-0.378,1.3
KEO,B_subtropical_midlatitude_5,2016-04-14T02:00Z,MAM,25.05,1,5,-0.042,-0.0414,,-0.1748,-0.1697,,-0.1526,,,-3.637,,0,-0.2044,-0.1975,1.3
KEO,B_subtropical_midlatitude_5,2016-04-18T23:00Z,MAM,12.548,1,5,-0.062,-0.0466,,-0.3463,-0.2776,,-0.2443,,,-1.77,,0,-0.4287,-0.3327,1.3
KEO,B_subtropical_midlatitude_5,2016-04-24T09:00Z,MAM,12.067,1,5,-0.0125,-0.0252,,-0.1801,-0.1411,,-0.0744,,,0.472,,0,-0.2097,-0.1546,1.3
KEO,B_subtropical_midlatitude_5,2016-04-27T20:00Z,MAM,22.752,1,5,-0.007,-0.0038,,-0.0899,-0.1098,,0.0278,,,1.139,,0,-0.0621,-0.0933,1.3
KEO,B_subtropical_midlatitude_5,2016-05-07T06:00Z,MAM,13.607,1,5,-0.0115,-0.0103,,-0.1713,-0.1662,,-0.0931,,,-1.25,,0,-0.1896,-0.1832,1.3
KEO,B_subtropical_midlatitude_5,2016-05-18T08:00Z,MAM,10.428,1,5,-0.017,-0.007,,-0.3057,-0.246,,-0.1231,,,0.504,,0,-0.3523,-0.2739,1.3
KEO,B_subtropical_midlatitude_5,2016-06-05T06:00Z,JJA,10.715,1,5,-0.04,-0.0421,,-0.5956,-0.59,,0.1187,,,-1.802,,0,-0.5266,-0.5627,1.3
KEO,B_subtropical_midlatitude_5,2016-06-09T04:00Z,JJA,58.73,1,5,-0.093,-0.0847,,-0.2772,-0.2676,,-0.2391,,,-0.104,,0,-0.3129,-0.3013,1.3
KEO,B_subtropical_midlatitude_5,2016-06-12T20:00Z,JJA,41.718,1,5,-0.0125,-0.0186,,-0.2239,-0.2164,,-0.34,,,-2.632,,0,-0.2698,-0.2589,1.3
KEO,B_subtropical_midlatitude_5,2016-07-09T12:00Z,JJA,13.285,1,5,-0.0155,-0.0128,,-0.2074,-0.1989,,-0.121,,,0.525,,0,-0.2312,-0.2204,1.3
KEO,B_subtropical_midlatitude_5,2016-07-13T04:00Z,JJA,19.318,1,5,-0.0015,0.0937,,-0.8671,-0.6411,,-0.4325,,,-3.778,,0,-0.9997,-0.7134,1.3
KEO,B_subtropical_midlatitude_5,2016-08-29T07:00Z,JJA,34.807,1,5,-0.0358,-0.0417,,-0.1009,-0.1004,,-0.0717,,,-1.887,,0,-0.1063,-0.1064,1.3
KEO,B_subtropical_midlatitude_5,2016-10-13T17:00Z,SON,35.388,1,5,-0.0095,-0.0026,,-0.1335,-0.1262,,-0.1017,,,1.313,,0,-0.1568,-0.1469,1.3
KEO,B_subtropical_midlatitude_5,2016-10-22T11:00Z,SON,14.54,1,5,-0.088,-0.1126,,-0.3828,-0.2991,,-0.0582,,,-0.504,,0,-0.4146,-0.3097,1.3
KEO,B_subtropical_midlatitude_5,2018-01-12T00:00Z,DJF,11.36,1,5,-0.008,-0.0089,,-0.1833,-0.1693,,-0.0808,,,-0.825,,0,-0.2071,-0.1882,1.3
KEO,B_subtropical_midlatitude_5,2018-02-01T17:00Z,DJF,14.977,1,5,-0.044,-0.0571,,-0.6153,-0.5298,,-0.3702,,,-4.039,,0,-0.7278,-0.6074,1.3
KEO,B_subtropical_midlatitude_5,2018-02-11T04:00Z,DJF,11.81,1,5,-0.014,-0.0165,,-0.1494,-0.1455,,-0.0642,,,-1.247,,0,-0.1602,-0.1549,1.3
KEO,B_subtropical_midlatitude_5,2018-04-15T18:00Z,MAM,15.725,1,5,0.0325,0.0299,,-0.137,-0.1284,,-0.0948,,,-9.725,,0,-0.163,-0.1511,1.3
KEO,B_subtropical_midlatitude_5,2018-04-17T20:00Z,MAM,12.573,1,5,-0.0065,-0.0121,,-0.0948,-0.0929,,-0.0619,,,1.946,,0,-0.1059,-0.1035,1.3
KEO,B_subtropical_midlatitude_5,2018-04-26T05:00Z,MAM,17.293,1,5,-0.0155,-0.0146,,-0.1826,-0.1711,,0.2455,,,-4.566,,0,-0.1385,-0.1286,1.3
KEO,B_subtropical_midlatitude_5,2018-05-09T16:00Z,MAM,60.687,1,5,-0.237,-0.1799,,-0.6169,-0.5488,,-0.5157,,,-6.831,,0,-0.7275,-0.6353,1.3
KEO,B_subtropical_midlatitude_5,2018-05-19T16:00Z,MAM,13.34,1,5,-0.0555,-0.0431,,-0.1868,-0.178,,-0.161,,,-6.809,,0,-0.2215,-0.2094,1.3
KEO,B_subtropical_midlatitude_5,2018-05-23T07:00Z,MAM,15.063,1,5,-0.01,-0.0057,,-0.088,-0.0861,,-0.0467,,,1.404,,0,-0.0973,-0.0948,1.3
KEO,B_subtropical_midlatitude_5,2018-05-26T02:00Z,MAM,22.073,1,5,-0.065,-0.1318,,-1.4075,-1.1031,,-0.3461,,,-9.202,,0,-1.5391,-1.166,1.3
KEO,B_subtropical_midlatitude_5,2018-06-03T14:00Z,JJA,30.245,1,5,-0.107,-0.1167,,-0.1511,-0.1069,,-0.0511,,,2.881,,0,-0.1716,-0.1169,1.3
KEO,B_subtropical_midlatitude_5,2018-06-09T01:00Z,JJA,70.977,1,5,-0.269,-0.2547,,-0.3686,-0.327,,-0.2137,,,-6.311,,0,-0.4259,-0.3703,1.3
KEO,B_subtropical_midlatitude_5,2018-06-12T22:00Z,JJA,10.578,1,5,-0.2125,-0.1619,,-0.0279,-0.0269,,-0.0005,,,-2.086,,0,-0.0288,-0.028,1.3
KEO,B_subtropical_midlatitude_5,2018-06-15T04:00Z,JJA,45.892,1,5,-0.0325,-0.0094,,-0.2518,-0.2492,,-0.0844,,,-3.148,,0,-0.2599,-0.2574,1.3
KEO,B_subtropical_midlatitude_5,2018-06-18T05:00Z,JJA,59.797,1,5,-0.032,-0.0304,,-0.2554,-0.2516,,-0.248,,,0.205,,0,-0.2834,-0.2792,1.3
KEO,B_subtropical_midlatitude_5,2018-07-14T01:00Z,JJA,12.02,1,5,-0.102,-0.12,,0.0,0.0,,0.0,,,-5.788,,0,0.0,0.0,1.3
KEO,B_subtropical_midlatitude_5,2018-07-23T22:00Z,JJA,73.823,1,5,-0.2725,-0.5058,,-1.1001,-0.582,,-0.5598,,,-26.332,,0,-1.3366,-0.6541,1.3
KEO,B_subtropical_midlatitude_5,2018-07-26T20:00Z,JJA,41.19,1,5,-0.08,-0.0327,,-0.2426,-0.2292,,-0.2088,,,-1.03,,0,-0.2876,-0.2693,1.3
KEO,B_subtropical_midlatitude_5,2018-08-07T00:00Z,JJA,28.105,1,5,-0.0319,-0.0319,,-0.1829,-0.1817,,-0.1425,,,1.082,,0,-0.198,-0.197,1.3
KEO,B_subtropical_midlatitude_5,2018-10-01T04:00Z,SON,18.13,1,5,-0.1015,-0.0745,,0.0,0.0,,0.0,,,-1.39,,0,0.0,0.0,1.3
KEO,B_subtropical_midlatitude_5,2018-10-13T02:00Z,SON,50.713,1,5,-0.108,-0.0667,,-0.1477,-0.139,,-0.0241,,,-0.889,,0,-0.1555,-0.1456,1.3
KEO,B_subtropical_midlatitude_5,2018-10-17T17:00Z,SON,39.458,1,5,-0.1545,-0.1636,,-1.0038,-0.7098,,-0.6453,,,-4.568,,0,-1.2234,-0.8197,1.3
KEO,B_subtropical_midlatitude_5,2018-11-12T20:00Z,SON,14.402,1,5,0.173,0.1763,,-0.1655,-0.1438,,-0.0803,,,-7.308,,0,-0.1905,-0.1618,1.3
KEO,B_subtropical_midlatitude_5,2018-11-24T00:00Z,SON,13.008,1,5,-0.009,-0.0117,,-0.0415,-0.0414,,0.0134,,,-0.591,,0,-0.0358,-0.0359,1.3
KEO,B_subtropical_midlatitude_5,2018-12-05T05:00Z,DJF,38.345,1,5,-0.0165,-0.0191,,-0.1474,-0.1422,,-0.1146,,,0.55,,0,-0.1644,-0.1577,1.3
KEO,B_subtropical_midlatitude_5,2019-02-04T09:00Z,DJF,14.508,1,5,0.0115,0.0084,,-0.0292,-0.0274,,-0.0164,,,-0.318,,0,-0.034,-0.0316,1.3
KEO,B_subtropical_midlatitude_5,2019-02-22T14:00Z,DJF,21.695,1,5,-0.004,-0.0046,,-0.1261,-0.1222,,-0.1842,,,1.646,,0,-0.1586,-0.1527,1.3
KEO,B_subtropical_midlatitude_5,2019-03-03T03:00Z,MAM,28.11,1,5,0.0055,0.0034,,-0.0598,-0.059,,-0.0413,,,-3.064,,0,-0.0659,-0.0649,1.3
KEO,B_subtropical_midlatitude_5,2019-03-10T11:00Z,MAM,17.57,1,5,-0.007,-0.0077,,-0.2087,-0.2038,,-0.1811,,,-0.172,,0,-0.2399,-0.2337,1.3
KEO,B_subtropical_midlatitude_5,2019-03-15T12:00Z,MAM,17.45,1,5,0.0225,0.0346,,-0.0846,-0.0737,,-0.0564,,,3.155,,0,-0.1038,-0.0885,1.3
KEO,B_subtropical_midlatitude_5,2019-03-19T10:00Z,MAM,31.38,1,5,-0.0105,-0.002,,-0.0766,-0.0736,,-0.0986,,,-2.013,,0,-0.0981,-0.0933,1.3
KEO,B_subtropical_midlatitude_5,2019-03-25T23:00Z,MAM,11.723,1,5,-0.0015,-0.0052,,-0.1459,-0.0873,,-0.0785,,,-1.333,,0,-0.1675,-0.0987,1.3
KEO,B_subtropical_midlatitude_5,2019-04-07T21:00Z,MAM,14.227,1,5,-0.0315,-0.0402,,-0.4132,-0.3815,,-0.2423,,,0.127,,0,-0.4622,-0.4241,1.3
KEO,B_subtropical_midlatitude_5,2019-04-12T11:00Z,MAM,17.5,1,5,-0.012,-0.0142,,-0.11,-0.0956,,-0.1086,,,2.181,,0,-0.1422,-0.119,1.3
KEO,B_subtropical_midlatitude_5,2019-04-17T09:00Z,MAM,21.92,1,5,0.01,0.0089,,-0.188,-0.1829,,-0.2583,,,2.015,,0,-0.2283,-0.2212,1.3
KEO,B_subtropical_midlatitude_5,2019-04-25T08:00Z,MAM,27.71,1,5,-0.008,-0.0291,,-0.1396,-0.1332,,-0.1754,,,0.601,,0,-0.1721,-0.1628,1.3
KEO,B_subtropical_midlatitude_5,2019-04-30T11:00Z,MAM,21.553,1,5,-0.001,-0.0002,,-0.0412,-0.0431,,-0.0383,,,3.624,,0,-0.0459,-0.0476,1.3
KEO,B_subtropical_midlatitude_5,2019-05-29T15:00Z,MAM,11.118,1,5,-0.039,-0.0454,,-0.1867,-0.1735,,-0.1969,,,-0.323,,0,-0.2317,-0.2121,1.3
KEO,B_subtropical_midlatitude_5,2019-06-02T07:00Z,JJA,51.245,1,5,-0.009,-0.011,,-0.3127,-0.3055,,0.0381,,,1.913,,0,-0.2911,-0.2875,1.3
KEO,B_subtropical_midlatitude_5,2019-06-09T06:00Z,JJA,26.68,1,5,-0.001,-0.0117,,-0.3738,-0.2774,,-0.1587,,,-0.876,,0,-0.4179,-0.2932,1.3
KEO,B_subtropical_midlatitude_5,2019-06-18T20:00Z,JJA,43.28,1,5,-0.0245,-0.0188,,-0.6826,-0.5036,,-0.216,,,1.122,,0,-0.7666,-0.5444,1.3
KEO,B_subtropical_midlatitude_5,2019-07-12T21:00Z,JJA,15.427,1,5,-0.012,-0.029,,-0.1184,-0.1127,,-0.0916,,,0.834,,0,-0.1382,-0.1304,1.3
KEO,B_subtropical_midlatitude_5,2019-08-04T17:00Z,JJA,14.937,1,5,-0.195,-0.1561,,-0.3493,-0.3346,,-0.0953,,,-6.066,,0,-0.3693,-0.3499,1.3
KEO,B_subtropical_midlatitude_5,2019-08-25T06:00Z,JJA,13.1,1,5,0.0055,0.0067,,-0.1074,-0.1065,,0.0452,,,-0.523,,0,-0.095,-0.0954,1.3
KEO,B_subtropical_midlatitude_5,2019-09-15T06:00Z,SON,10.248,1,5,-0.0095,-0.0013,,-0.0338,-0.033,,-0.0358,,,-0.129,,0,-0.0411,-0.0399,1.3
KEO,B_subtropical_midlatitude_5,2019-09-19T18:00Z,SON,12.308,1,5,0.012,-0.007,,-0.043,-0.0438,,-0.0773,,,-0.985,,0,-0.0574,-0.0574,1.3
KEO,B_subtropical_midlatitude_5,2019-10-08T23:00Z,SON,34.547,1,5,-0.033,-0.1225,0.0012,0.0,0.0,0.0,0.0,,,-1.404,,0,0.0,0.0,1.3
KEO,B_subtropical_midlatitude_5,2019-10-20T20:00Z,SON,23.143,1,5,-0.002,-0.0002,0.0024,-0.0135,-0.0127,-0.0043,-0.0293,,,0.329,,0,-0.0197,-0.0185,1.3
KEO,B_subtropical_midlatitude_5,2019-10-24T04:00Z,SON,11.405,1,5,0.078,0.0494,0.051,-0.1867,-0.1844,-0.153,-0.1542,,,3.235,,0,-0.2074,-0.2046,1.3
KEO,B_subtropical_midlatitude_5,2019-11-08T17:00Z,SON,46.955,1,5,-0.0985,-0.0942,-0.0643,-0.1792,-0.1726,-0.1136,-0.0736,,,-2.397,,0,-0.1927,-0.1845,1.3
KEO,B_subtropical_midlatitude_5,2019-11-27T16:00Z,SON,12.74,1,5,-0.038,-0.0286,-0.0239,-0.0516,-0.0503,-0.0351,-0.0353,,,-1.151,,0,-0.0587,-0.057,1.3
KEO,B_subtropical_midlatitude_5,2019-12-02T16:00Z,DJF,13.53,1,5,-0.0285,-0.0249,-0.0185,-0.2483,-0.2089,-0.0797,-0.2395,,,-0.893,,0,-0.3236,-0.2571,1.3
KEO,B_subtropical_midlatitude_5,2019-12-07T02:00Z,DJF,11.222,1,5,-0.0205,-0.0169,-0.012,-0.2147,-0.2028,-0.1058,-0.0839,,,-1.603,,0,-0.2389,-0.2234,1.3
KEO,B_subtropical_midlatitude_5,2019-12-11T04:00Z,DJF,11.395,1,5,-0.035,-0.0246,-0.0067,-0.0551,-0.0521,-0.0263,-0.0302,,,-2.141,,0,-0.0629,-0.0591,1.3
KEO,B_subtropical_midlatitude_5,2019-12-22T02:00Z,DJF,42.695,1,5,-0.001,-0.004,-0.001,-0.3844,-0.418,-0.1052,-0.0662,,,0.352,,0,-0.379,-0.4544,1.3
KEO,B_subtropical_midlatitude_5,2019-12-30T15:00Z,DJF,37.908,1,5,-0.1165,-0.1811,-0.1263,-0.0488,-0.0461,-0.0239,-0.0278,,,0.682,,0,-0.0582,-0.0543,1.3
KEO,B_subtropical_midlatitude_5,2020-01-15T01:00Z,DJF,22.007,1,5,-0.086,-0.0557,-0.0403,-0.0057,-0.0055,-0.0038,-0.0019,,,-0.385,,0,-0.0061,-0.0059,1.3
KEO,B_subtropical_midlatitude_5,2020-01-17T16:00Z,DJF,10.212,1,5,-0.064,-0.0411,-0.0393,-0.3914,-0.3219,-0.0665,-0.0615,,,2.802,,0,-0.3968,-0.3486,1.3
KEO,B_subtropical_midlatitude_5,2020-02-26T03:00Z,DJF,20.732,1,5,-0.0545,-0.0725,-0.0584,-0.0386,-0.0374,-0.0246,-0.0291,,,4.99,,0,-0.0448,-0.0433,1.3
KEO,B_subtropical_midlatitude_5,2020-03-08T10:00Z,MAM,44.072,1,5,-0.0025,-0.0053,-0.0041,-0.0392,-0.0385,-0.0292,-0.0319,,,1.293,,0,-0.0438,-0.0428,1.3
KEO,B_subtropical_midlatitude_5,2020-03-31T05:00Z,MAM,17.313,1,5,0.0025,0.0025,0.0039,-0.2107,-0.209,-0.1639,-0.0081,,,-2.174,,0,-0.2018,-0.2025,1.3
KEO,B_subtropical_midlatitude_5,2020-04-12T12:00Z,MAM,10.338,1,5,-0.01,-0.0138,-0.011,-0.225,-0.2026,-0.0733,-0.0982,,,0.149,,0,-0.2487,-0.2222,1.3
KEO,B_subtropical_midlatitude_5,2020-04-18T14:00Z,MAM,10.132,1,5,-0.0215,-0.0144,-0.0124,-0.0185,-0.0189,-0.0249,0.0389,,,0.696,,0,-0.005,-0.0057,1.3
KEO,B_subtropical_midlatitude_5,2020-04-26T14:00Z,MAM,19.075,1,5,0.0025,0.0003,0.0034,-0.3894,-0.3516,-0.13,-0.4476,,,2.234,,0,-0.4924,-0.4304,1.3
MOSEAN/WHOTS,B_subtropical_midlatitude_5,2004-12-22T07:00Z,DJF,166.198,1,5,-0.0325,-1.1942,,-0.3597,-0.3389,,-0.294,,,-1.969,,0,-0.4445,-0.4153,0.75
MOSEAN/WHOTS,B_subtropical_midlatitude_5,2004-12-27T10:00Z,DJF,43.48,1,5,0.231,-0.0479,,-0.3871,-0.3816,,-0.2004,,,-1.621,,0,-0.4363,-0.4285,0.75
MOSEAN/WHOTS,B_subtropical_midlatitude_5,2005-01-01T17:00Z,DJF,94.353,1,5,0.072,-0.252,,-0.4244,-0.4189,,-0.3861,,,-8.025,,0,-0.4993,-0.4917,0.75
MOSEAN/WHOTS,B_subtropical_midlatitude_5,2005-01-09T09:00Z,DJF,15.038,1,5,0.099,-0.0349,,-0.2821,-0.2826,,-0.1872,,,-1.311,,0,-0.307,-0.3073,0.75
MOSEAN/WHOTS,B_subtropical_midlatitude_5,2005-01-11T16:00Z,DJF,27.614,1,5,-0.1145,-0.0095,,0.0,0.0,,0.0,,,0.51,,0,0.0,0.0,0.75
MOSEAN/WHOTS,B_subtropical_midlatitude_5,2005-01-16T03:00Z,DJF,10.356,1,5,0.032,0.0008,,-0.0149,-0.0149,,-0.0056,,,-1.401,,0,-0.0161,-0.0161,0.75
MOSEAN/WHOTS,B_subtropical_midlatitude_5,2005-01-26T08:00Z,DJF,24.749,1,5,-0.1385,-0.2544,,-0.0915,-0.09,,-0.0165,,,9.781,,0,-0.0976,-0.0956,0.75
MOSEAN/WHOTS,B_subtropical_midlatitude_5,2005-02-01T04:00Z,DJF,12.092,1,5,-0.0235,-0.0601,,-0.8677,-0.8895,,0.11,,,2.68,,0,-0.7237,-0.7692,0.75
MOSEAN/WHOTS,B_subtropical_midlatitude_5,2005-10-01T11:00Z,SON,24.4,1,5,0.0645,-0.1056,,-0.0556,-0.0551,,-0.1056,,,-0.695,,0,-0.0733,-0.0726,0.765
MOSEAN/WHOTS,B_subtropical_midlatitude_5,2005-10-19T14:00Z,SON,26.15,1,5,-0.002,-0.2241,,-0.0424,-0.0371,,-0.0297,,,-2.665,,0,-0.0547,-0.0472,0.765
MOSEAN/WHOTS,B_subtropical_midlatitude_5,2006-02-20T04:00Z,DJF,44.68,1,5,-0.021,-0.1399,,-0.1866,-0.1859,,-0.2116,,,-0.865,,0,-0.2248,-0.2236,0.765
MOSEAN/WHOTS,B_subtropical_midlatitude_5,2006-03-14T01:00Z,MAM,45.58,1,5,0.0255,0.0044,,-0.0394,-0.0391,,-0.0321,,,12.926,,0,-0.0462,-0.0458,0.765
MOSEAN/WHOTS,B_subtropical_midlatitude_5,2006-03-19T12:00Z,MAM,23.76,1,5,0.0795,-0.0174,,-0.0391,-0.0386,,-0.0915,,,3.145,,0,-0.0549,-0.0542,0.765
MOSEAN/WHOTS,B_subtropical_midlatitude_5,2006-03-22T11:00Z,MAM,13.08,1,5,0.037,-0.019,,-0.0607,-0.059,,-0.0405,,,-0.683,,0,-0.0734,-0.071,0.765
MOSEAN/WHOTS,B_subtropical_midlatitude_5,2006-04-01T09:00Z,MAM,23.5,1,5,0.105,-0.0974,,-0.5755,-0.5388,,-0.2643,,,-6.204,,0,-0.6616,-0.6126,0.765
MOSEAN/WHOTS,B_subtropical_midlatitude_5,2006-08-01T10:00Z,JJA,28.044,1,5,0.026,-0.0298,,-0.0017,-0.0023,,-0.0638,,,-1.23,,0,-0.0116,-0.0113,0.8
MOSEAN/WHOTS,B_subtropical_midlatitude_5,2006-10-15T05:00Z,SON,21.731,1,5,0.003,-0.0152,,-0.2566,-0.2531,,-0.2224,,,-1.675,,0,-0.2945,-0.2906,0.8
MOSEAN/WHOTS,B_subtropical_midlatitude_5,2006-10-17T07:00Z,SON,11.246,1,5,0.0195,-0.1833,,-0.0709,-0.0576,,-0.063,,,1.574,,0,-0.0933,-0.0747,0.8
MOSEAN/WHOTS,B_subtropical_midlatitude_5,2006-11-01T16:00Z,SON,13.39,1,5,0.0035,-0.0051,,0.0,0.0,,-0.0013,,,-2.663,,0,-0.0004,-0.0004,0.8
MOSEAN/WHOTS,B_subtropical_midlatitude_5,2007-02-01T12:00Z,DJF,13.889,1,5,-0.008,-0.0073,,-0.0015,-0.0014,,-0.0066,,,0.577,,0,-0.0026,-0.0025,0.8
MOSEAN/WHOTS,B_subtropical_midlatitude_5,2007-03-10T03:00Z,MAM,18.198,1,5,0.012,-0.0695,,-0.6662,-0.6517,,-0.3239,,,-3.536,,0,-0.6943,-0.6803,0.8
MOSEAN/WHOTS,B_subtropical_midlatitude_5,2007-11-04T12:00Z,SON,46.874,1,5,-0.0015,-0.0248,,-0.1691,-0.1625,,-0.3204,,,0.725,,0,-0.2416,-0.2307,0.8
MOSEAN/WHOTS,B_subtropical_midlatitude_5,2007-11-28T02:00Z,SON,29.43,1,5,0.026,0.0251,,-0.166,-0.1635,,-0.0953,,,-3.979,,0,-0.1898,-0.1865,0.8
MOSEAN/WHOTS,B_subtropical_midlatitude_5,2007-11-30T07:00Z,SON,15.228,1,5,-0.0005,-0.0155,,-0.0058,-0.0055,,-0.0114,,,0.394,,0,-0.0097,-0.0093,0.8
MOSEAN/WHOTS,B_subtropical_midlatitude_5,2007-12-04T14:00Z,DJF,23.203,1,5,-0.0325,-0.0329,,-0.1022,-0.1011,,-0.0571,,,0.216,,0,-0.1128,-0.1116,0.8
MOSEAN/WHOTS,B_subtropical_midlatitude_5,2007-12-07T08:00Z,DJF,13.785,1,5,-0.0415,-0.0284,,-0.0075,-0.0074,,-0.0089,,,-1.457,,0,-0.0094,-0.0093,0.8
MOSEAN/WHOTS,B_subtropical_midlatitude_5,2007-12-27T11:00Z,DJF,22.055,1,5,0.0075,0.0061,,-0.0029,-0.0029,,0.0,,,0.789,,0,-0.0029,-0.0029,0.8
MOSEAN/WHOTS,B_subtropical_midlatitude_5,2008-03-16T13:00Z,MAM,17.811,1,5,-0.0025,-0.0047,,-0.0029,-0.0029,,0.0,,,0.606,,0,-0.0029,-0.0029,0.8
MOSEAN/WHOTS,B_subtropical_midlatitude_5,2008-04-25T12:00Z,MAM,18.22,1,5,-0.0225,-0.0945,,-0.5733,-0.5586,,-0.017,,,-0.356,,0,-0.5678,-0.5545,0.8
MOSEAN/WHOTS,B_subtropical_midlatitude_5,2008-09-12T12:00Z,SON,13.107,1,5,-0.0715,-0.1249,,-0.0721,-0.0658,,-0.0268,,,-2.194,,0,-0.0825,-0.0741,0.91
MOSEAN/WHOTS,B_subtropical_midlatitude_5,2008-10-26T15:00Z,SON,15.378,1,5,-0.014,-0.1305,,-0.2113,-0.1735,,-0.1145,,,-0.426,,0,-0.2592,-0.2074,0.91
MOSEAN/WHOTS,B_subtropical_midlatitude_5,2008-11-22T01:00Z,SON,20.253,1,5,-0.025,-0.0045,,-0.7388,-0.6784,,-0.1814,,,-0.877,,0,-0.7816,-0.7168,0.91
MOSEAN/WHOTS,B_subtropical_midlatitude_5,2008-12-11T02:00Z,DJF,16.805,1,5,-0.0065,-0.0079,,0.0016,0.0016,,-0.0021,,,-0.528,,0,0.0012,0.0012,0.91
MOSEAN/WHOTS,B_subtropical_midlatitude_5,2009-08-13T09:00Z,JJA,30.969,1,5,-0.019,-0.0325,,-0.1306,-0.1287,,-0.1116,,,-1.554,,0,-0.1565,-0.1537,0.78
MOSEAN/WHOTS,B_subtropical_midlatitude_5,2009-11-11T01:00Z,SON,18.502,1,5,-0.0225,-0.0183,,-0.0444,-0.044,,-0.0463,,,-0.005,,0,-0.0542,-0.0537,0.78
MOSEAN/WHOTS,B_subtropical_midlatitude_5,2009-11-13T08:00Z,SON,30.07,1,5,-0.0565,-0.0652,,-0.06,-0.0597,,-0.036,,,0.575,,0,-0.0594,-0.0589,0.78
MOSEAN/WHOTS,B_subtropical_midlatitude_5,2009-12-04T03:00Z,DJF,10.52,1,5,-0.044,-0.0697,,-0.0868,-0.0831,,-0.0393,,,0.678,,0,-0.1017,-0.0967,0.78
MOSEAN/WHOTS,B_subtropical_midlatitude_5,2009-12-30T03:00Z,DJF,12.022,1,5,-0.0045,-0.0105,,-0.1272,-0.1238,,-0.0642,,,-0.22,,0,-0.1462,-0.1407,0.78
MOSEAN/WHOTS,B_subtropical_midlatitude_5,2010-01-05T01:00Z,DJF,12.795,1,5,-0.0075,-0.0075,,-0.024,-0.0233,,-0.011,,,-1.107,,0,-0.0281,-0.0272,0.78
MOSEAN/WHOTS,B_subtropical_midlatitude_5,2010-03-07T11:00Z,MAM,20.38,1,5,-0.0685,-0.0673,,-0.0513,-0.0499,,-0.0273,,,-0.926,,0,-0.0611,-0.0592,0.78
MOSEAN/WHOTS,B_subtropical_midlatitude_5,2010-03-15T03:00Z,MAM,12.007,1,5,-0.004,-0.0064,,-0.0145,-0.0144,,-0.0083,,,-0.28,,0,-0.0167,-0.0165,0.78
MOSEAN/WHOTS,B_subtropical_midlatitude_5,2010-11-19T04:00Z,SON,45.212,1,5,-0.745,-0.6114,,-1.3107,-1.2484,,-0.9474,,,-6.239,,0,-1.5655,-1.4799,0.76
MOSEAN/WHOTS,B_subtropical_midlatitude_5,2010-12-09T13:00Z,DJF,93.422,1,5,-0.006,-0.0074,,-0.0692,-0.0676,,-0.0623,,,0.96,,0,-0.0896,-0.0871,0.76
MOSEAN/WHOTS,B_subtropical_midlatitude_5,2010-12-20T19:00Z,DJF,21.725,1,5,0.0045,0.0077,,0.0865,0.084,,0.0703,,,0.605,,0,0.107,0.1038,0.76
MOSEAN/WHOTS,B_subtropical_midlatitude_5,2010-12-26T11:00Z,DJF,29.368,1,5,-0.138,-0.0762,,-0.4926,-0.4826,,-0.3026,,,-0.288,,0,-0.5685,-0.5551,0.76
MOSEAN/WHOTS,B_subtropical_midlatitude_5,2010-12-27T22:00Z,DJF,25.864,1,5,-0.016,-0.0253,,-0.3346,-0.3238,,-0.0849,,,0.027,,0,-0.3687,-0.3547,0.76
MOSEAN/WHOTS,B_subtropical_midlatitude_5,2011-01-06T07:00Z,DJF,13.597,1,5,-0.0015,-0.0053,,-0.0226,-0.0224,,-0.0132,,,-1.47,,0,-0.026,-0.0257,0.76
MOSEAN/WHOTS,B_subtropical_midlatitude_5,2011-01-12T17:00Z,DJF,12.009,1,5,-0.0155,-0.0135,,-0.2041,-0.2031,,-0.1796,,,-0.18,,0,-0.2323,-0.2309,0.76
MOSEAN/WHOTS,B_subtropical_midlatitude_5,2011-02-07T00:00Z,DJF,17.134,1,5,-0.014,-0.0374,,-0.2139,-0.2102,,-0.1641,,,-3.194,,0,-0.259,-0.2535,0.76
MOSEAN/WHOTS,B_subtropical_midlatitude_5,2011-03-03T18:00Z,MAM,32.142,1,5,-0.011,-0.0077,,-0.0739,-0.0734,,-0.0361,,,-0.124,,0,-0.0844,-0.0836,0.76
MOSEAN/WHOTS,B_subtropical_midlatitude_5,2011-05-08T16:00Z,MAM,17.627,1,5,0.0,0.0021,,-0.1522,-0.1517,,-0.0434,,,-0.125,,0,-0.1632,-0.1624,0.76
MOSEAN/WHOTS,B_subtropical_midlatitude_5,2013-09-30T07:00Z,SON,33.47,1,5,-0.024,-0.0275,,0.0,0.0,,0.0,,,0.852,,0,0.0,0.0,0.86
MOSEAN/WHOTS,B_subtropical_midlatitude_5,2013-10-12T06:00Z,SON,12.672,1,5,0.0315,-0.0067,,-0.0384,-0.0376,,0.0027,,,-1.092,,0,-0.0373,-0.0366,0.86
MOSEAN/WHOTS,B_subtropical_midlatitude_5,2013-10-31T08:00Z,SON,11.327,1,5,-0.0745,-0.0783,,-0.0049,-0.0046,,0.0,,,2.312,,0,-0.0049,-0.0046,0.86
MOSEAN/WHOTS,B_subtropical_midlatitude_5,2013-11-29T11:00Z,SON,10.802,1,5,-0.0235,-0.0182,,-0.0036,-0.0036,,-0.0027,,,1.084,,0,-0.0043,-0.0042,0.86
MOSEAN/WHOTS,B_subtropical_midlatitude_5,2013-12-01T19:00Z,DJF,32.902,1,5,-0.2525,-0.2636,,-2.4997,-1.904,,-0.8405,,,-4.951,,0,-2.8421,-2.082,0.86
MOSEAN/WHOTS,B_subtropical_midlatitude_5,2013-12-06T14:00Z,DJF,12.275,1,5,-0.602,-0.8511,,0.0,0.0,,0.0,,,-7.749,,0,0.0,0.0,0.86
MOSEAN/WHOTS,B_subtropical_midlatitude_5,2014-01-03T05:00Z,DJF,28.03,1,5,-0.0515,-0.0977,,-0.1043,-0.1025,,-0.0392,,,-1.432,,0,-0.1159,-0.1135,0.86
MOSEAN/WHOTS,B_subtropical_midlatitude_5,2014-01-30T08:00Z,DJF,11.006,1,5,-0.028,-0.0151,,-0.0017,-0.0016,,-0.0011,,,-0.494,,0,-0.002,-0.002,0.86
MOSEAN/WHOTS,B_subtropical_midlatitude_5,2014-02-06T00:00Z,DJF,12.276,1,5,-0.0065,-0.0094,,-0.1787,-0.175,,-0.0234,,,-1.715,,0,-0.1861,-0.1821,0.86
MOSEAN/WHOTS,B_subtropical_midlatitude_5,2014-02-16T01:00Z,DJF,10.348,1,5,-0.005,-0.0048,,-0.0249,-0.0242,,-0.0333,,,-0.389,,0,-0.033,-0.0321,0.86
MOSEAN/WHOTS,B_subtropical_midlatitude_5,2014-03-28T15:00Z,MAM,33.405,1,5,-0.1125,-0.1971,,-0.1607,-0.1557,,-0.0979,,,-1.592,,0,-0.195,-0.1878,0.86
MOSEAN/WHOTS,B_subtropical_midlatitude_5,2014-03-29T21:00Z,MAM,14.59,1,5,0.004,-0.058,,-0.1802,-0.1776,,-0.1302,,,-0.644,,0,-0.2062,-0.2026,0.86
MOSEAN/WHOTS,B_subtropical_midlatitude_5,2014-05-11T00:00Z,MAM,11.253,1,5,-0.108,-0.136,,-0.0167,-0.0108,,0.0,,,-7.646,,0,-0.0167,-0.0108,0.86
MOSEAN/WHOTS,B_subtropical_midlatitude_5,2014-05-24T14:00Z,MAM,46.426,1,5,-0.278,-0.343,,-0.8629,-0.8271,,-0.1853,,,-5.312,,0,-0.9184,-0.8729,0.86
MOSEAN/WHOTS,B_subtropical_midlatitude_5,2014-08-31T06:00Z,JJA,11.966,1,5,0.0015,0.0202,,0.0,0.0,,0.0,,,-2.047,,0,0.0,0.0,0.81
MOSEAN/WHOTS,B_subtropical_midlatitude_5,2014-10-05T16:00Z,SON,14.888,1,5,-0.823,-0.6145,,-0.1135,-0.1073,,-0.0158,,,-5.948,,0,-0.1193,-0.1114,0.81
MOSEAN/WHOTS,B_subtropical_midlatitude_5,2014-12-24T09:00Z,DJF,29.308,1,5,-0.0285,-0.0457,,-0.0668,-0.0662,,-0.0444,,,0.174,,0,-0.0768,-0.076,0.81
MOSEAN/WHOTS,B_subtropical_midlatitude_5,2015-01-02T18:00Z,DJF,19.767,1,5,-0.014,-0.0192,,-0.1974,-0.1797,,-0.1466,,,1.502,,0,-0.2424,-0.2188,0.81
MOSEAN/WHOTS,B_subtropical_midlatitude_5,2015-05-22T15:00Z,MAM,10.575,1,5,-0.237,-0.3279,,-0.0415,-0.033,,-0.0113,,,-1.662,,0,-0.0465,-0.0357,0.81
MOSEAN/WHOTS,B_subtropical_midlatitude_5,2015-08-24T07:00Z,JJA,24.922,1,5,-0.0275,-0.0382,,-1.183,-1.0108,,-0.2699,,,-0.412,,0,-1.2262,-1.0533,0.85
MOSEAN/WHOTS,B_subtropical_midlatitude_5,2015-12-13T00:00Z,DJF,30.975,1,5,-0.0935,-0.1116,,-0.0288,-0.0266,,-0.0226,,,-3.621,,0,-0.0377,-0.0342,0.85
MOSEAN/WHOTS,B_subtropical_midlatitude_5,2016-03-21T17:00Z,MAM,20.455,1,5,-0.4505,-0.5211,,-0.4448,-0.3805,,-0.1883,,,-5.13,,0,-0.531,-0.4434,0.85
MOSEAN/WHOTS,B_subtropical_midlatitude_5,2016-07-24T11:00Z,JJA,157.417,1,5,-0.04,-0.026,,-0.0735,-0.0728,,-0.0136,,,-0.362,,0,-0.076,-0.0752,0.8
MOSEAN/WHOTS,B_subtropical_midlatitude_5,2017-05-24T09:00Z,MAM,19.369,1,5,-0.003,-0.0192,,0.0,0.0,,-0.0011,,,-0.968,,0,-0.0003,-0.0003,0.8
MOSEAN/WHOTS,B_subtropical_midlatitude_5,2017-07-24T14:00Z,JJA,12.926,1,5,-0.0305,0.0048,,-0.2076,-0.2058,,-0.2591,,,1.763,,0,-0.2479,-0.2455,0.8
MOSEAN/WHOTS,B_subtropical_midlatitude_5,2017-10-24T01:00Z,SON,28.428,0,5,-0.0675,-0.051,,-0.247,-0.2409,,-0.2603,,,-1.952,,0,-0.2841,-0.2761,0.97
MOSEAN/WHOTS,B_subtropical_midlatitude_5,2017-12-27T03:00Z,DJF,24.19,0,5,-0.246,-0.4395,,-0.466,-0.3743,,-0.1479,,,-5.454,,0,-0.5134,-0.4011,0.97
MOSEAN/WHOTS,B_subtropical_midlatitude_5,2018-01-31T02:00Z,DJF,22.484,0,5,-0.031,-0.0276,,-0.1498,-0.146,,-0.1092,,,0.022,,0,-0.1702,-0.1652,0.97
MOSEAN/WHOTS,B_subtropical_midlatitude_5,2018-02-02T03:00Z,DJF,30.495,0,5,-0.062,-0.0577,,-0.3494,-0.3218,,-0.2295,,,-1.241,,0,-0.4217,-0.3829,0.97
MOSEAN/WHOTS,B_subtropical_midlatitude_5,2018-02-05T03:00Z,DJF,25.07,0,5,-0.011,-0.0647,,-0.3926,-0.3457,,-0.2073,,,0.311,,0,-0.4661,-0.4031,0.97
MOSEAN/WHOTS,B_subtropical_midlatitude_5,2018-02-13T20:00Z,DJF,48.203,0,5,0.017,0.0145,,-0.0643,-0.0589,,-0.0292,,,0.117,,0,-0.0756,-0.0681,0.97
MOSEAN/WHOTS,B_subtropical_midlatitude_5,2018-03-26T10:00Z,MAM,19.275,0,5,-0.0065,-0.0094,,-0.1456,-0.1351,,0.0576,,,0.891,,0,-0.1312,-0.1197,0.97
MOSEAN/WHOTS,B_subtropical_midlatitude_5,2018-04-08T04:00Z,MAM,17.258,0,5,-0.002,-0.007,,-0.4088,-0.3856,,-0.1475,,,1.891,,0,-0.461,-0.4307,0.97
MOSEAN/WHOTS,B_subtropical_midlatitude_5,2018-04-13T18:00Z,MAM,21.158,0,5,0.021,0.0161,,0.0002,0.0002,,0.0,,,0.818,,0,0.0002,0.0002,0.97
MOSEAN/WHOTS,B_subtropical_midlatitude_5,2018-08-28T04:00Z,JJA,29.94,0,5,-0.0425,-0.0382,,-0.0992,-0.0979,,-0.0624,,,0.155,,0,-0.0961,-0.0972,0.97
MOSEAN/WHOTS,B_subtropical_midlatitude_5,2018-10-19T20:00Z,SON,13.6,1,5,-0.115,-0.1625,,0.0,0.0,,0.0,,,-2.482,,0,0.0,0.0,0.72
MOSEAN/WHOTS,B_subtropical_midlatitude_5,2018-10-30T14:00Z,SON,22.05,1,5,-0.0115,-0.0291,,-0.1879,-0.1867,,-0.2207,,,1.548,,0,-0.2308,-0.2288,0.72
MOSEAN/WHOTS,B_subtropical_midlatitude_5,2018-11-10T03:00Z,SON,16.961,1,5,-0.058,-0.0843,,-0.2462,-0.2442,,-0.1742,,,-2.235,,0,-0.2821,-0.2795,0.72
MOSEAN/WHOTS,B_subtropical_midlatitude_5,2018-11-30T10:00Z,SON,11.196,1,5,-0.01,-0.0086,,-0.034,-0.0231,,-0.0244,,,-0.115,,0,-0.0412,-0.0276,0.72
MOSEAN/WHOTS,B_subtropical_midlatitude_5,2019-02-10T12:00Z,DJF,12.289,1,5,-0.0075,-0.0224,,-0.0361,-0.0359,,-0.0251,,,-4.877,,0,-0.0414,-0.0412,0.72
MOSEAN/WHOTS,B_subtropical_midlatitude_5,2019-05-04T13:00Z,MAM,12.932,1,5,-0.0345,-0.0183,,-0.0897,-0.0891,,-0.0661,,,19.045,,0,-0.1042,-0.1034,0.72
MOSEAN/WHOTS,B_subtropical_midlatitude_5,2019-06-25T22:00Z,JJA,21.015,1,5,-0.028,-0.0184,,-0.2988,-0.2941,,-0.3246,,,-2.342,,0,-0.3643,-0.3584,0.72
MOSEAN/WHOTS,B_subtropical_midlatitude_5,2019-10-10T22:00Z,SON,13.981,1,5,-0.0145,-0.0136,,0.0,0.0,,0.0,,,-1.735,,0,0.0,0.0,0.85
MOSEAN/WHOTS,B_subtropical_midlatitude_5,2019-10-30T20:00Z,SON,13.581,1,5,-0.0885,-0.0687,,-1.7491,-1.6537,,-0.4811,,,-3.69,,0,-1.8789,-1.7657,0.85
MOSEAN/WHOTS,B_subtropical_midlatitude_5,2019-11-03T11:00Z,SON,41.774,1,5,-0.0625,-0.0436,,-0.0078,-0.0076,,-0.0061,,,-0.13,,0,-0.0098,-0.0095,0.85
MOSEAN/WHOTS,B_subtropical_midlatitude_5,2019-11-17T07:00Z,SON,15.922,1,5,0.003,-0.0149,,0.0083,0.0036,,0.0175,,,-2.028,,0,0.0175,0.0149,0.85
MOSEAN/WHOTS,B_subtropical_midlatitude_5,2019-12-25T08:00Z,DJF,21.289,1,5,-0.0015,-0.0078,,-0.1671,-0.1661,,-0.1479,,,0.058,,0,-0.1934,-0.192,0.85
MOSEAN/WHOTS,B_subtropical_midlatitude_5,2020-02-06T00:00Z,DJF,14.509,1,5,-0.0105,-0.0125,,-0.2636,-0.2539,,-0.1425,,,-1.345,,0,-0.3134,-0.2995,0.85
MOSEAN/WHOTS,B_subtropical_midlatitude_5,2020-03-17T04:00Z,MAM,31.66,1,5,-0.004,-0.0045,,-0.0596,-0.0591,,-0.0297,,,0.358,,0,-0.0646,-0.0641,0.85
MOSEAN/WHOTS,B_subtropical_midlatitude_5,2020-07-27T04:00Z,JJA,14.181,1,5,-0.022,-0.0168,,-0.2224,-0.2226,,-0.1888,,,1.31,,0,-0.2368,-0.237,0.85
MOSEAN/WHOTS,B_subtropical_midlatitude_5,2021-12-04T22:00Z,DJF,14.74,1,5,-0.1415,-0.1453,,0.0015,0.0015,,0.0,,,-3.383,,0,0.0015,0.0015,0.9
MOSEAN/WHOTS,B_subtropical_midlatitude_5,2021-12-06T17:00Z,DJF,110.109,1,5,-0.1715,-0.2008,,-0.1704,-0.161,,-0.2038,,,-1.104,,0,-0.2238,-0.2088,0.9
MOSEAN/WHOTS,B_subtropical_midlatitude_5,2021-12-15T07:00Z,DJF,14.901,1,5,0.0045,0.0032,,-0.0095,-0.0092,,-0.0111,,,-1.587,,0,-0.0125,-0.0121,0.9
MOSEAN/WHOTS,B_subtropical_midlatitude_5,2021-12-30T21:00Z,DJF,22.86,1,5,0.0005,-0.0023,,-0.0916,-0.0907,,-0.022,,,-0.549,,0,-0.0967,-0.0957,0.9
MOSEAN/WHOTS,B_subtropical_midlatitude_5,2022-03-22T09:00Z,MAM,23.033,1,5,-0.0095,-0.0093,,0.0,0.0,,-0.0024,,,-0.509,,0,-0.0007,-0.0007,0.9
MOSEAN/WHOTS,B_subtropical_midlatitude_5,2022-09-11T07:00Z,SON,12.2,1,5,-0.009,-0.1325,,0.0,0.0,,0.0,,,-1.609,,0,0.0,0.0,0.75
MOSEAN/WHOTS,B_subtropical_midlatitude_5,2022-12-16T10:00Z,DJF,18.88,1,5,-0.041,-0.041,,-0.7952,-0.7635,,-0.4608,,,-1.487,,0,-0.9151,-0.8707,0.75
MOSEAN/WHOTS,B_subtropical_midlatitude_5,2022-12-18T15:00Z,DJF,24.19,1,5,0.148,0.1088,,-0.6602,-0.6258,,-0.3801,,,1.182,,0,-0.7652,-0.7188,0.75
MOSEAN/WHOTS,B_subtropical_midlatitude_5,2023-01-21T23:00Z,DJF,11.38,1,5,-0.0405,-0.0279,,-0.2221,-0.2157,,-0.1312,,,-0.614,,0,-0.268,-0.2589,0.75
MOSEAN/WHOTS,B_subtropical_midlatitude_5,2023-01-25T04:00Z,DJF,30.46,1,5,-0.181,-0.6305,,-0.1302,-0.1231,,0.0004,,,-4.661,,0,-0.1304,-0.1232,0.75
MOSEAN/WHOTS,B_subtropical_midlatitude_5,2023-02-03T14:00Z,DJF,17.88,1,5,-0.0215,-0.0273,,-0.0589,-0.0583,,-0.029,,,0.387,,0,-0.0655,-0.0647,0.75
MOSEAN/WHOTS,B_subtropical_midlatitude_5,2023-02-17T14:00Z,DJF,71.88,1,5,0.079,0.0588,,-0.2469,-0.2446,,-0.3205,,,1.204,,0,-0.2945,-0.2915,0.75
MOSEAN/WHOTS,B_subtropical_midlatitude_5,2023-03-06T09:00Z,MAM,12.52,1,5,-0.017,-0.0175,,-0.0097,-0.0095,,-0.0127,,,0.226,,0,-0.0142,-0.0137,0.75
MOSEAN/WHOTS,B_subtropical_midlatitude_5,2023-03-29T08:00Z,MAM,21.67,1,5,-0.095,-0.0932,,-0.0814,-0.0797,,-0.0583,,,0.793,,0,-0.0986,-0.0963,0.75
MOSEAN/WHOTS,B_subtropical_midlatitude_5,2023-04-03T01:00Z,MAM,16.85,1,5,-0.0615,-0.0512,,-0.1827,-0.1814,,-0.2208,,,5.599,,0,-0.2191,-0.2175,0.75
MOSEAN/WHOTS,B_subtropical_midlatitude_5,2023-04-19T02:00Z,MAM,49.82,1,5,0.019,0.0151,,-0.1424,-0.1406,,-0.0678,,,-0.001,,0,-0.1578,-0.1557,0.75
Papa,B_subtropical_midlatitude_5,2007-07-08T16:00Z,JJA,12.35,0,5,-0.019,-0.0162,-0.014,-0.1109,-0.1098,-0.081,-0.0778,,,8.992,,0,-0.1238,-0.1225,1.0
Papa,B_subtropical_midlatitude_5,2007-09-14T07:00Z,SON,14.327,0,5,-0.0105,-0.0088,-0.0085,-0.165,-0.1631,-0.1139,-0.1176,,,2.328,,0,-0.1848,-0.1825,1.0
Papa,B_subtropical_midlatitude_5,2007-10-18T12:00Z,SON,13.408,0,5,-0.011,-0.013,-0.0095,-0.0538,-0.0529,-0.0331,-0.0426,,,-1.299,,0,-0.0623,-0.061,1.0
Papa,B_subtropical_midlatitude_5,2007-10-20T17:00Z,SON,11.883,0,5,-0.0055,-0.0043,-0.0037,0.001,0.0011,0.0037,-0.0277,,,-0.495,,0,-0.0039,-0.0037,1.0
Papa,B_subtropical_midlatitude_5,2007-11-11T00:00Z,SON,22.89,0,5,-0.0135,-0.031,-0.0215,-0.0913,-0.0889,-0.0439,-0.0855,,,-0.559,,0,-0.1094,-0.1061,1.0
Papa,B_subtropical_midlatitude_5,2007-11-15T06:00Z,SON,14.867,0,5,-0.005,-0.0058,-0.0042,-0.0458,-0.0448,-0.0236,-0.0739,,,-0.625,,0,-0.0599,-0.0584,1.0
Papa,B_subtropical_midlatitude_5,2007-12-13T10:00Z,DJF,10.335,0,5,-0.03,-0.0263,,-1.2002,-1.0021,,-0.444,,,0.147,,0,-1.3478,-1.0971,1.0
Papa,B_subtropical_midlatitude_5,2008-04-10T09:00Z,MAM,13.612,0,5,-0.0065,-0.0075,,-0.0179,-0.0161,,-0.0106,,,0.58,,0,-0.0216,-0.0192,1.0
Papa,B_subtropical_midlatitude_5,2008-04-30T03:00Z,MAM,12.14,0,5,-0.009,-0.0105,,-0.0301,-0.0292,,-0.0147,,,-1.424,,0,-0.0343,-0.0331,1.0
Papa,B_subtropical_midlatitude_5,2009-08-23T11:00Z,JJA,13.563,1,5,-0.0175,-0.0175,,-0.2076,-0.2001,,-0.1198,,,1.193,,0,-0.2311,-0.2223,1.2
Papa,B_subtropical_midlatitude_5,2009-09-13T15:00Z,SON,20.705,1,5,-0.007,-0.0098,,-0.048,-0.0468,,-0.0779,,,0.774,,0,-0.0619,-0.06,1.2
Papa,B_subtropical_midlatitude_5,2009-10-20T01:00Z,SON,13.76,1,5,-0.004,-0.0037,,-0.0876,-0.0861,,-0.0943,,,0.513,,0,-0.1044,-0.1024,1.2
Papa,B_subtropical_midlatitude_5,2010-01-17T07:00Z,DJF,16.552,1,5,-0.042,-0.0293,,0.0,0.0,,0.0,,,-0.003,,0,0.0,0.0,1.2
Papa,B_subtropical_midlatitude_5,2010-02-17T18:00Z,DJF,14.958,1,5,-0.012,-0.0225,,-0.3121,-0.2463,,-0.1767,,,-0.615,,0,-0.3677,-0.2762,1.2
Papa,B_subtropical_midlatitude_5,2010-07-08T14:00Z,JJA,13.882,0,5,-0.008,-0.0085,,-0.1846,-0.1825,,-0.0769,,,1.233,,0,-0.2045,-0.2015,1.0
Papa,B_subtropical_midlatitude_5,2010-09-22T05:00Z,SON,11.11,0,5,0.0,-0.0248,,-0.1052,-0.104,,-0.1055,,,0.501,,0,-0.1235,-0.1219,1.0
Papa,B_subtropical_midlatitude_5,2010-09-26T13:00Z,SON,16.707,0,5,-0.004,-0.008,,-0.053,-0.0516,,-0.0516,,,2.296,,0,-0.0635,-0.0618,1.0
Papa,B_subtropical_midlatitude_5,2010-10-11T18:00Z,SON,21.158,0,5,0.0,-0.0267,,-0.102,-0.0844,,-0.0934,,,-2.306,,0,-0.1358,-0.1107,1.0
Papa,B_subtropical_midlatitude_5,2010-10-17T04:00Z,SON,10.313,0,5,0.0,0.007,,-0.0801,-0.078,,-0.0711,,,4.01,,0,-0.096,-0.0932,1.0
Papa,B_subtropical_midlatitude_5,2010-10-21T23:00Z,SON,13.537,0,5,0.0,-0.0355,,-0.0091,-0.0056,,-0.0154,,,-1.207,,0,-0.0154,-0.0094,1.0
Papa,B_subtropical_midlatitude_5,2010-11-16T11:00Z,SON,10.61,0,5,-0.015,-0.063,,-0.2205,-0.1777,,-0.1364,,,-3.059,,0,-0.2671,-0.2099,1.0
Papa,B_subtropical_midlatitude_5,2010-12-30T23:00Z,DJF,10.722,0,5,0.0,-0.0102,,-0.1663,-0.1629,,-0.2113,,,-0.55,,0,-0.2028,-0.198,1.0
Papa,B_subtropical_midlatitude_5,2011-02-04T19:00Z,DJF,10.343,0,5,0.0,-0.0008,,0.0067,0.0068,,-0.0084,,,0.15,,0,0.0048,0.005,1.0
Papa,B_subtropical_midlatitude_5,2011-05-03T10:00Z,MAM,13.45,0,5,-0.002,-0.0018,,-0.0479,-0.0473,,-0.0341,,,0.684,,0,-0.0547,-0.0539,1.0
Papa,B_subtropical_midlatitude_5,2011-08-17T05:00Z,JJA,15.46,0,5,-0.015,-0.0163,,-0.2874,-0.2705,,-0.2359,,,-0.176,,0,-0.3518,-0.328,1.0
Papa,B_subtropical_midlatitude_5,2011-08-19T06:00Z,JJA,24.987,0,5,0.001,-0.0008,,-0.0637,-0.0616,,-0.0258,,,1.109,,0,-0.0717,-0.0689,1.0
Papa,B_subtropical_midlatitude_5,2011-09-08T09:00Z,SON,10.683,0,5,-0.0125,-0.0222,,-0.146,-0.1417,,-0.1042,,,2.06,,0,-0.1714,-0.1656,1.0
Papa,B_subtropical_midlatitude_5,2011-10-07T19:00Z,SON,16.302,0,5,-0.0345,-0.0283,,-0.4442,-0.4147,,-0.2822,,,-1.849,,0,-0.5112,-0.4744,1.0
Papa,B_subtropical_midlatitude_5,2012-06-15T03:00Z,JJA,14.793,0,5,-0.0135,-0.0163,,-0.1252,-0.1233,,-0.0882,,,-0.829,,0,-0.1434,-0.1408,1.0
Papa,B_subtropical_midlatitude_5,2012-08-09T17:00Z,JJA,11.953,0,5,-0.007,-0.009,,-0.0695,-0.0684,,-0.0455,,,-0.502,,0,-0.0774,-0.0762,1.0
Papa,B_subtropical_midlatitude_5,2012-08-12T12:00Z,JJA,10.375,0,5,-0.0055,-0.0097,,-0.2247,-0.2206,,-0.1506,,,4.653,,0,-0.2537,-0.2485,1.0
Papa,B_subtropical_midlatitude_5,2012-09-12T16:00Z,SON,14.388,0,5,-0.002,-0.0008,,-0.0127,-0.0125,,-0.0092,,,0.626,,0,-0.0145,-0.0143,1.0
Papa,B_subtropical_midlatitude_5,2012-10-10T11:00Z,SON,12.523,0,5,-0.017,-0.0153,,-0.175,-0.1729,,-0.1,,,1.009,,0,-0.1913,-0.1887,1.0
Papa,B_subtropical_midlatitude_5,2012-11-04T04:00Z,SON,17.768,0,5,-0.02,-0.0125,,-0.0706,-0.0685,,-0.0985,,,-0.437,,0,-0.09,-0.087,1.0
Papa,B_subtropical_midlatitude_5,2013-01-19T09:00Z,DJF,12.638,0,5,0.0015,0.0023,,-0.0238,-0.0234,,-0.0136,,,1.406,,0,-0.0265,-0.0261,1.0
Papa,B_subtropical_midlatitude_5,2013-08-06T16:00Z,JJA,11.038,0,5,-0.0095,-0.0058,,-0.164,-0.1602,,-0.0878,,,-0.613,,0,-0.1853,-0.1804,1.0
Papa,B_subtropical_midlatitude_5,2013-08-11T03:00Z,JJA,32.928,0,5,-0.008,-0.0088,,-0.1094,-0.1073,,-0.049,,,-1.523,,0,-0.1205,-0.1178,1.0
Papa,B_subtropical_midlatitude_5,2013-10-20T19:00Z,SON,18.493,0,5,-0.0785,-0.0533,,-0.3224,-0.4207,,-0.0305,,,-2.265,,0,-0.3611,-0.4641,1.0
Papa,B_subtropical_midlatitude_5,2014-09-06T06:00Z,SON,10.452,1,5,-0.0225,-0.0336,,-0.1552,-0.1498,,-0.1125,,,0.54,,0,-0.175,-0.1682,1.3
Papa,B_subtropical_midlatitude_5,2014-09-23T09:00Z,SON,11.507,1,5,-0.0035,-0.0019,,-0.1432,-0.1412,,-0.0868,,,-0.798,,0,-0.1573,-0.1549,1.3
Papa,B_subtropical_midlatitude_5,2014-10-01T16:00Z,SON,15.415,1,5,-0.008,-0.0062,,-0.0819,-0.071,,-0.0472,,,-1.409,,0,-0.0974,-0.0795,1.3
Papa,B_subtropical_midlatitude_5,2014-11-10T08:00Z,SON,12.63,1,5,-0.0185,-0.018,,-0.0852,-0.0822,,-0.1186,,,-0.581,,0,-0.1068,-0.1025,1.3
Papa,B_subtropical_midlatitude_5,2014-11-14T07:00Z,SON,11.725,1,5,-0.0015,-0.0024,,-0.013,-0.0126,,0.0,,,-0.232,,0,-0.013,-0.0126,1.3
Papa,B_subtropical_midlatitude_5,2014-12-06T20:00Z,DJF,19.345,1,5,-0.143,-0.0914,,-0.3774,-0.3193,,-0.2583,,,-3.514,,0,-0.4425,-0.3661,1.3
Papa,B_subtropical_midlatitude_5,2014-12-22T11:00Z,DJF,37.152,1,5,-0.028,-0.0138,,-0.0944,-0.0807,,-0.0867,,,0.589,,0,-0.1198,-0.1007,1.3
Papa,B_subtropical_midlatitude_5,2015-01-24T09:00Z,DJF,20.55,1,5,-0.043,-0.0625,,-0.5397,-0.487,,-0.3461,,,-2.483,,0,-0.6137,-0.5464,1.3
Papa,B_subtropical_midlatitude_5,2015-07-01T04:00Z,JJA,13.447,1,5,-0.0235,-0.0231,,-0.2664,-0.259,,-0.2518,,,-4.013,,0,-0.303,-0.2935,1.3
Papa,B_subtropical_midlatitude_5,2015-07-29T11:00Z,JJA,10.753,1,5,-0.0095,-0.0158,,-0.2054,-0.1839,,-0.0909,,,1.182,,0,-0.2365,-0.2082,1.3
Papa,B_subtropical_midlatitude_5,2015-08-09T16:00Z,JJA,13.368,1,5,-0.0545,-0.0547,,-0.2727,-0.2505,,-0.203,,,-1.594,,0,-0.3215,-0.2912,1.3
Papa,B_subtropical_midlatitude_5,2015-10-11T01:00Z,SON,11.07,1,5,-0.0095,-0.0086,,-0.0398,-0.0389,,-0.0522,,,0.363,,0,-0.0493,-0.048,1.3
Papa,B_subtropical_midlatitude_5,2015-10-14T18:00Z,SON,15.687,1,5,0.0135,0.0063,,-0.1491,-0.1468,,-0.1116,,,-0.538,,0,-0.1672,-0.1645,1.3
Papa,B_subtropical_midlatitude_5,2015-10-26T10:00Z,SON,10.413,1,5,0.015,0.0102,,-0.0892,-0.0743,,-0.0888,,,-1.305,,0,-0.1175,-0.0901,1.3
Papa,B_subtropical_midlatitude_5,2015-10-30T20:00Z,SON,14.008,1,5,-0.068,-0.0978,,-0.628,-0.472,,-0.2793,,,-2.268,,0,-0.719,-0.5162,1.3
Papa,B_subtropical_midlatitude_5,2015-12-02T04:00Z,DJF,11.245,1,5,-0.019,-0.0183,,-0.1854,-0.1769,,-0.2266,,,0.175,,0,-0.2221,-0.2104,1.3
Papa,B_subtropical_midlatitude_5,2016-02-29T12:00Z,DJF,15.322,1,5,-0.0135,-0.0138,,-0.1035,-0.1027,,0.0813,,,-0.729,,0,-0.0917,-0.091,1.3
Papa,B_subtropical_midlatitude_5,2016-09-13T21:00Z,SON,35.73,1,5,-0.0205,-0.0386,,-0.0125,-0.0115,,-0.021,,,-0.594,,0,-0.0175,-0.0161,1.3
Papa,B_subtropical_midlatitude_5,2016-09-21T14:00Z,SON,13.613,1,5,-0.0135,-0.0169,,-0.0767,-0.0758,,-0.0868,,,0.093,,0,-0.0897,-0.0885,1.3
Papa,B_subtropical_midlatitude_5,2016-10-18T19:00Z,SON,10.695,1,5,-0.0225,-0.0207,,-0.1154,-0.1113,,-0.0866,,,0.115,,0,-0.1316,-0.1261,1.3
Papa,B_subtropical_midlatitude_5,2016-12-07T10:00Z,DJF,14.447,1,5,-0.0225,-0.0229,,0.0,0.0,,0.0,,,1.441,,0,0.0,0.0,1.3
Papa,B_subtropical_midlatitude_5,2017-04-24T18:00Z,MAM,14.323,1,5,-0.01,-0.0129,,-0.1037,-0.0984,,-0.0859,,,-1.095,,0,-0.1237,-0.1162,1.3
Papa,B_subtropical_midlatitude_5,2017-04-28T17:00Z,MAM,10.915,1,5,-0.0315,-0.0349,,-0.0081,-0.0057,,-0.0173,,,0.146,,0,-0.0142,-0.0097,1.3
Papa,B_subtropical_midlatitude_5,2017-05-01T22:00Z,MAM,10.042,1,5,-0.001,-0.0003,,-0.0004,-0.0004,,-0.0027,,,-0.615,,0,-0.001,-0.0009,1.3
Papa,B_subtropical_midlatitude_5,2017-06-28T03:00Z,JJA,10.198,1,5,-0.0085,-0.0098,,-0.0477,-0.0478,,-0.024,,,-1.646,,0,-0.0459,-0.0462,1.3
Papa,B_subtropical_midlatitude_5,2017-09-04T22:00Z,SON,19.242,1,5,-0.0335,-0.0207,,-0.6218,-0.3903,,-0.2092,,,-4.599,,0,-0.7031,-0.3975,1.3
Papa,B_subtropical_midlatitude_5,2017-12-04T23:00Z,DJF,11.64,1,5,-0.0075,-0.0076,,-0.0407,-0.0393,,-0.0439,,,0.255,,0,-0.0495,-0.0476,1.3
Papa,B_subtropical_midlatitude_5,2018-03-27T23:00Z,MAM,22.605,1,5,-0.0275,-0.0256,,-0.1059,-0.0942,,-0.1235,,,-0.613,,0,-0.1365,-0.1198,1.3
Papa,B_subtropical_midlatitude_5,2018-07-02T06:00Z,JJA,30.165,1,5,-0.0057,-0.011,,-0.1803,-0.1752,,-0.0499,,,1.567,,0,-0.1961,-0.1898,1.3
Papa,B_subtropical_midlatitude_5,2018-09-03T03:00Z,SON,12.432,1,5,-0.0205,-0.0259,,-0.2553,-0.2379,,-0.1183,,,-2.456,,0,-0.2901,-0.2683,1.3
Papa,B_subtropical_midlatitude_5,2018-10-31T10:00Z,SON,15.685,1,5,-0.022,-0.0153,,-0.177,-0.1721,,-0.2705,,,0.562,,0,-0.2138,-0.2068,1.3
Papa,B_subtropical_midlatitude_5,2018-12-06T00:00Z,DJF,12.725,1,5,0.003,0.0007,,-0.0382,-0.0387,,-0.0064,,,-0.819,,0,-0.0314,-0.032,1.3
Papa,B_subtropical_midlatitude_5,2019-09-25T04:00Z,SON,12.925,1,5,-0.025,-0.0184,,-0.5016,-0.4091,,-0.0856,,,-1.992,,0,-0.522,-0.4383,1.3
Papa,B_subtropical_midlatitude_5,2019-10-04T00:00Z,SON,16.457,1,5,-0.006,-0.0082,,-0.0796,-0.0736,,-0.0803,,,-1.424,,0,-0.0991,-0.0907,1.3
Papa,B_subtropical_midlatitude_5,2019-10-13T13:00Z,SON,11.767,1,5,-0.014,-0.0108,,-0.1833,-0.1796,,-0.1634,,,0.55,,0,-0.2065,-0.2021,1.3
Papa,B_subtropical_midlatitude_5,2019-11-10T13:00Z,SON,14.015,1,5,0.008,0.0098,,-0.1634,-0.1612,,-0.1833,,,5.464,,0,-0.1868,-0.184,1.3
Papa,B_subtropical_midlatitude_5,2019-11-25T17:00Z,SON,10.883,1,5,-0.0365,-0.031,,-0.2743,-0.1757,,-0.2067,,,-2.281,,0,-0.3463,-0.2125,1.3
Papa,B_subtropical_midlatitude_5,2020-04-26T01:00Z,MAM,13.007,1,5,-0.022,-0.0149,,-0.0741,-0.0608,,-0.1031,,,-0.107,,0,-0.1041,-0.0744,1.3
Papa,B_subtropical_midlatitude_5,2020-09-03T18:00Z,SON,23.778,1,5,-0.032,-0.0421,0.0089,-0.863,-0.4345,-0.0068,-0.2271,,,-1.11,,0,-0.9398,-0.4628,1.3
Papa,B_subtropical_midlatitude_5,2020-10-14T21:00Z,SON,14.772,1,5,-0.0125,-0.0059,-0.0047,-0.1144,-0.1112,-0.0744,-0.1155,,,-1.328,,0,-0.1351,-0.1308,1.3
Papa,B_subtropical_midlatitude_5,2020-10-16T15:00Z,SON,51.282,1,5,-0.038,-0.0478,-0.0356,-0.1746,-0.1651,-0.0836,-0.1318,,,-0.905,,0,-0.2084,-0.1949,1.3
Papa,B_subtropical_midlatitude_5,2020-10-26T18:00Z,SON,28.4,1,5,-0.0125,-0.0183,-0.0045,-0.1586,-0.1346,-0.0316,-0.1144,,,-1.178,,0,-0.198,-0.1622,1.3
Papa,B_subtropical_midlatitude_5,2020-10-31T23:00Z,SON,47.085,1,5,-0.0535,-0.0571,-0.0174,-0.2299,-0.1816,-0.0134,-0.12,,,-2.683,,0,-0.2644,-0.2074,1.3
Papa,B_subtropical_midlatitude_5,2020-11-04T02:00Z,SON,28.942,1,5,-0.0025,-0.008,-0.0039,-0.0447,-0.0433,-0.0292,-0.0581,,,2.174,,0,-0.0571,-0.0547,1.3
Papa,B_subtropical_midlatitude_5,2020-11-14T06:00Z,SON,14.767,1,5,-0.011,-0.0179,-0.0133,-0.2753,-0.2484,-0.0911,-0.1232,,,-0.856,,0,-0.2998,-0.2711,1.3
Papa,B_subtropical_midlatitude_5,2020-12-11T15:00Z,DJF,16.788,1,5,-0.0045,-0.0051,-0.0042,-0.1055,-0.1036,-0.0779,-0.1101,,,1.005,,0,-0.1231,-0.1204,1.3
Papa,B_subtropical_midlatitude_5,2022-06-23T00:00Z,JJA,20.328,1,5,-0.0135,-0.0153,-0.01,-0.1756,-0.1676,-0.0914,-0.1367,,,-0.246,,0,-0.2034,-0.1926,1.3
Papa,B_subtropical_midlatitude_5,2022-08-23T11:00Z,JJA,10.908,1,5,-0.0585,-0.0496,-0.0161,-0.2719,-0.241,-0.0739,-0.1426,,,0.859,,0,-0.3178,-0.2758,1.3
Papa,B_subtropical_midlatitude_5,2022-09-24T16:00Z,SON,16.495,1,5,-0.0155,-0.0145,-0.0009,-0.5639,-0.0978,0.0019,-0.2103,,,-1.824,,0,-0.6058,-0.1017,1.3
Papa,B_subtropical_midlatitude_5,2022-10-05T23:00Z,SON,26.102,1,5,-0.006,-0.0098,,-0.0266,-0.0251,,-0.0496,,,-1.045,,0,-0.0373,-0.0348,1.3
Papa,B_subtropical_midlatitude_5,2022-10-14T08:00Z,SON,29.482,1,5,-0.003,-0.0079,,-0.0247,-0.0235,,-0.0229,,,3.004,,0,-0.0297,-0.0281,1.3
Papa,B_subtropical_midlatitude_5,2022-11-20T19:00Z,SON,16.0,1,5,-0.0125,-0.0089,,-0.058,-0.0548,,-0.0613,,,-2.403,,0,-0.074,-0.0681,1.3
Papa,B_subtropical_midlatitude_5,2022-12-21T13:00Z,DJF,14.425,1,5,-0.007,-0.0016,,-0.14,-0.1385,,-0.1738,,,-0.801,,0,-0.1624,-0.1604,1.3
Papa,B_subtropical_midlatitude_5,2023-04-28T00:00Z,MAM,14.93,1,5,-0.0145,-0.0158,-0.011,-0.0711,-0.0637,-0.0198,-0.0424,,,-2.381,,0,-0.0839,-0.0739,1.3
Papa,B_subtropical_midlatitude_5,2023-08-06T21:00Z,JJA,23.583,1,5,-0.013,-0.0226,-0.0197,-0.1534,-0.1486,-0.0951,-0.2675,,,-1.592,,0,-0.1903,-0.1834,1.3
Papa,B_subtropical_midlatitude_5,2023-09-20T21:00Z,SON,11.678,1,5,0.024,0.0202,0.0207,-0.0115,-0.0113,-0.0084,-0.0085,,,1.252,,0,-0.013,-0.0127,1.3
Papa,B_subtropical_midlatitude_5,2023-10-09T12:00Z,SON,10.538,1,5,0.0,-0.0059,0.0015,-0.1339,-0.1237,-0.0517,-0.1093,,,2.556,,0,-0.1589,-0.1453,1.3
Papa,B_subtropical_midlatitude_5,2023-10-16T21:00Z,SON,10.102,1,5,-0.0075,-0.0106,-0.0086,-0.13,-0.1276,-0.0972,-0.1245,,,-0.44,,0,-0.1472,-0.1441,1.3
Papa,B_subtropical_midlatitude_5,2023-10-29T02:00Z,SON,18.677,1,5,-0.024,-0.0242,-0.0215,-0.1429,-0.1401,-0.1047,-0.1859,,,-1.531,,0,-0.1693,-0.1654,1.3
Papa,B_subtropical_midlatitude_5,2023-11-08T08:00Z,SON,14.808,1,5,-0.0035,-0.005,-0.0026,-0.0903,-0.0881,-0.0612,-0.1526,,,1.537,,0,-0.1149,-0.1115,1.3
Papa,B_subtropical_midlatitude_5,2023-11-25T02:00Z,SON,10.775,1,5,-0.011,-0.0103,-0.0082,-0.0761,-0.0717,-0.0347,-0.0399,,,-2.094,,0,-0.0856,-0.0798,1.3
Papa,B_subtropical_midlatitude_5,2024-02-20T20:00Z,DJF,18.93,1,5,-0.0055,-0.0051,-0.0043,-0.0336,-0.0325,-0.0209,-0.0212,,,-0.751,,0,-0.0382,-0.0367,1.3
Papa,B_subtropical_midlatitude_5,2024-03-14T15:00Z,MAM,12.213,1,5,-0.0195,-0.0206,-0.0146,-0.2951,-0.2767,-0.131,-0.1804,,,0.067,,0,-0.3352,-0.311,1.3
Papa,B_subtropical_midlatitude_5,2024-08-16T10:00Z,JJA,17.833,1,5,-0.051,-0.0338,,-0.2985,-0.2714,,-0.2276,,,-1.835,,0,-0.3546,-0.318,1.3
Papa,B_subtropical_midlatitude_5,2024-09-21T08:00Z,SON,10.557,1,5,-0.0165,-0.0144,,-0.1445,-0.137,,-0.1388,,,0.635,,0,-0.1707,-0.1603,1.3
Papa,B_subtropical_midlatitude_5,2024-09-30T00:00Z,SON,15.235,1,5,-0.012,-0.0149,,-0.1547,-0.1522,,-0.2439,,,-0.283,,0,-0.1864,-0.183,1.3
Papa,B_subtropical_midlatitude_5,2024-10-11T17:00Z,SON,11.08,1,5,-0.0115,-0.0101,,-0.0742,-0.0728,,-0.0389,,,0.847,,0,-0.0818,-0.08,1.3
Papa,B_subtropical_midlatitude_5,2025-01-27T23:00Z,DJF,16.77,1,5,-0.026,-0.0223,,-0.1488,-0.1334,,-0.1085,,,-1.917,,0,-0.1773,-0.1571,1.3
SOFS,B_subtropical_midlatitude_5,2012-01-01T23:00Z,DJF,13.121,1,5,-0.0395,-0.078,,-0.1451,-0.14,,-0.0921,,,-0.772,,0,-0.1731,-0.1656,0.93
SOFS,B_subtropical_midlatitude_5,2012-01-29T03:00Z,DJF,17.021,1,5,-0.0145,-0.085,,-0.3345,-0.3106,,-0.428,,,-0.891,,0,-0.4471,-0.4085,0.93
SOFS,B_subtropical_midlatitude_5,2012-03-15T01:00Z,MAM,15.133,1,5,-0.0125,-0.0138,,-0.1108,-0.1096,,-0.1784,,,0.497,,0,-0.1392,-0.1375,0.93
SOFS,B_subtropical_midlatitude_5,2012-03-20T02:00Z,MAM,11.997,1,5,-0.012,-0.0128,,-0.2571,-0.2509,,-0.364,,,-0.735,,0,-0.3208,-0.3116,0.93
SOFS,B_subtropical_midlatitude_5,2012-04-05T10:00Z,MAM,24.466,1,5,-0.016,-0.0188,,-0.2802,-0.2686,,-0.1063,,,0.79,,0,-0.317,-0.3014,0.93
SOFS,B_subtropical_midlatitude_5,2012-06-24T06:00Z,JJA,12.868,1,5,0.005,-0.0243,,-0.3502,-0.3385,,-0.2884,,,-3.347,,0,-0.4081,-0.3922,0.93
SOFS,B_subtropical_midlatitude_5,2012-07-15T22:00Z,JJA,10.888,1,5,0.003,0.0006,,-0.039,-0.0388,,-0.0337,,,-0.13,,0,-0.0457,-0.0453,0.93
SOFS,B_subtropical_midlatitude_5,2013-06-08T13:00Z,JJA,11.765,1,5,-0.01,-0.0064,,-0.1777,-0.1772,,-0.0971,,,-3.936,,0,-0.2094,-0.2087,0.55
SOFS,B_subtropical_midlatitude_5,2013-08-15T23:00Z,JJA,17.56,1,5,-0.012,-0.0078,,-0.0287,-0.0287,,-0.0163,,,0.972,,0,-0.0314,-0.0314,0.55
SOFS,B_subtropical_midlatitude_5,2021-04-18T17:00Z,MAM,20.446,1,5,0.002,-0.0002,,-0.0731,-0.0719,,-0.0588,,,-0.04,,0,-0.087,-0.0854,0.88
