station,group,season,onset_utc,window,D,has20,h10,hD,h05D,rain,f05,f1,fR0g,fR0c
TAO165E,A_tropical_8,MAM,2015-03-05T18:00Z,0-6h,25,0,-0.0052076,-0.0119753,-0.0106454,6.9604167,0.0008016,-0.0009716,0.0053299,0.003289
TAO165E,A_tropical_8,MAM,2015-03-09T05:00Z,0-6h,25,0,-0.0038848,-0.0105305,-0.0103669,2.8506944,-0.0001018,-0.0003199,0.0019036,0.0016506
TAO165E,A_tropical_8,MAM,2015-05-06T19:00Z,0-6h,25,0,0.0035281,-0.0135965,-0.0136691,27.5873611,0.0012497,0.0013465,0.0132545,0.0111392
TAO165E,A_tropical_8,MAM,2015-05-16T07:00Z,0-6h,25,0,0.0074,0.0068051,0.0071811,9.3026389,0.0027804,0.0022791,0.0146203,0.0103961
TAO165E,A_tropical_8,MAM,2015-05-21T04:00Z,0-6h,25,0,0.0317861,0.0239212,0.0308919,12.8416667,0.0209598,0.0116655,0.0240813,0.0139491
TAO165E,A_tropical_8,JJA,2015-07-27T12:00Z,0-6h,25,0,0.0073618,0.0160008,0.0157935,4.4808333,0.0005382,0.0008146,0.0039628,0.0064371
TAO165E,A_tropical_8,JJA,2015-08-27T02:00Z,0-6h,25,0,-8.68e-05,0.0004025,0.0003879,1.2484722,7.26e-05,9.2e-05,0.0033964,0.0011698
TAO165E,A_tropical_8,SON,2016-09-05T10:00Z,0-6h,25,0,0.0010027,0.0001492,-1.79e-05,16.4825,0.0004696,0.0006924,0.1047494,-0.0
TAO165E,A_tropical_8,SON,2016-09-12T22:00Z,0-6h,25,0,-0.0022439,-0.0044911,-0.0045482,0.6581944,-0.0002999,-0.0002237,-0.0002527,-0.0
TAO165E,A_tropical_8,DJF,2016-12-10T15:00Z,0-6h,25,0,0.0047586,0.006542,0.0063434,1.6038889,0.0007805,0.0010453,0.0039521,-0.0
TAO165E,A_tropical_8,DJF,2017-01-18T19:00Z,0-6h,25,0,0.0496274,0.0552531,0.0553463,30.41,0.0131958,0.0130716,0.067252,0.0691253
TAO165E,A_tropical_8,DJF,2017-01-26T08:00Z,0-6h,25,0,0.0052578,0.0081658,0.0077626,3.5990278,0.0003778,0.0009155,0.0064499,0.0098859
TAO165E,A_tropical_8,DJF,2017-01-28T14:00Z,0-6h,25,0,0.0048274,0.0038076,0.004825,10.2229167,0.0023545,0.000998,0.0072972,0.0001218
TAO165E,A_tropical_8,DJF,2017-02-07T02:00Z,0-6h,25,0,0.0062883,0.0052083,0.0056398,11.4144444,0.0007478,0.0001725,0.0124905,0.0290339
BOBOA,A_tropical_8,DJF,2013-12-08T11:00Z,0-6h,20,1,-0.0534404,-0.110918,-0.1110524,7.0127778,-0.0053872,-0.005208,0.0050667,0.0097141
BOBOA,A_tropical_8,MAM,2014-05-13T13:00Z,0-6h,20,1,0.0012884,0.0006208,0.0005206,8.7204167,0.0001077,0.0002413,0.0048573,-0.000428
BOBOA,A_tropical_8,MAM,2014-05-18T05:00Z,0-6h,20,1,0.0071047,0.0086899,0.0088577,1.9644444,0.0010111,0.0007875,0.0022724,-0.0
BOBOA,A_tropical_8,JJA,2014-06-07T08:00Z,0-6h,20,1,0.0086827,0.0058835,0.0057367,26.5697222,0.0012681,0.0014639,0.01203,0.0086997
BOBOA,A_tropical_8,JJA,2014-06-09T21:00Z,0-6h,20,1,0.0074871,0.0027568,0.0036367,4.1363889,0.0021815,0.0010083,0.0070016,0.0035831
BOBOA,A_tropical_8,JJA,2014-06-13T10:00Z,0-6h,20,1,0.0027914,0.0020088,0.0042089,10.2156944,0.0036308,0.0006973,0.0073701,0.0120372
BOBOA,A_tropical_8,JJA,2014-06-15T12:00Z,0-6h,20,1,0.0172893,0.0241247,0.0240612,10.9591667,0.0018197,0.0019043,0.0100266,0.0232264
BOBOA,A_tropical_8,JJA,2014-06-17T13:00Z,0-6h,20,1,0.0388813,0.0700559,0.0697295,11.51375,0.0036764,0.0041116,0.0127451,0.0281294
BOBOA,A_tropical_8,JJA,2014-07-09T02:00Z,0-6h,20,1,0.0078691,0.0104668,0.0113478,13.98875,0.0024198,0.0012451,0.0054543,0.0006067
BOBOA,A_tropical_8,JJA,2014-07-18T07:00Z,0-6h,20,1,2.31e-05,-0.0012541,-0.0014035,6.0116667,-6.12e-05,0.000138,0.0033878,0.0047289
BOBOA,A_tropical_8,JJA,2014-07-24T02:00Z,0-6h,20,1,-0.0245472,-0.0502358,-0.0507399,5.8090278,-0.0030026,-0.0023305,0.0030028,0.0064947
BOBOA,A_tropical_8,JJA,2014-07-31T04:00Z,0-6h,20,1,0.0067784,0.010601,0.0109048,7.8829167,0.0012201,0.0008151,0.0054552,0.0011193
BOBOA,A_tropical_8,JJA,2014-08-21T23:00Z,0-6h,20,1,-0.0001324,-0.0121476,-0.0128331,6.7893056,-0.001662,-0.000748,0.0156726,0.016233
BOBOA,A_tropical_8,JJA,2014-08-24T20:00Z,0-6h,20,1,-0.0002445,0.000176,0.000377,0.55,0.0002895,2.15e-05,0.0006198,-0.0001622
BOBOA,A_tropical_8,SON,2014-09-02T01:00Z,0-6h,20,1,0.0383679,0.0649427,0.065561,17.6818056,0.0053143,0.0044899,0.0102446,0.0100212
BOBOA,A_tropical_8,SON,2014-09-04T08:00Z,0-6h,20,1,-0.0046022,-0.0139588,-0.0144084,14.9123611,-0.0007982,-0.0001987,0.0059325,0.0036236
BOBOA,A_tropical_8,SON,2014-09-13T00:00Z,0-6h,20,1,-0.0420287,-0.0555565,-0.0572215,1.09375,-0.0066212,-0.0044011,0.0010317,0.0052981
BOBOA,A_tropical_8,SON,2014-09-17T05:00Z,0-6h,20,1,-0.0037337,-0.0088259,-0.0087512,3.1438889,-0.0002345,-0.0003342,0.002006,-0.0001954
BOBOA,A_tropical_8,SON,2014-10-04T15:00Z,0-6h,20,1,0.0079206,-0.0274857,-0.0281282,21.7759722,0.0020873,0.002944,0.0538311,0.0014902
BOBOA,A_tropical_8,SON,2014-11-03T21:00Z,0-6h,20,1,0.0097182,0.0254127,0.0252138,3.6227778,0.0008033,0.0010684,0.0032553,0.0104561
BOBOA,A_tropical_8,DJF,2014-12-23T10:00Z,0-6h,20,1,-0.011664,-0.0334035,-0.0319358,10.1740278,0.0012058,-0.0007511,0.0073001,0.0004144
BOBOA,A_tropical_8,DJF,2014-12-29T03:00Z,0-6h,20,1,-0.0134353,-0.0307677,-0.0310009,9.3454167,-0.0015245,-0.0012136,0.0082677,0.0239777
BOBOA,A_tropical_8,MAM,2016-05-22T05:00Z,0-6h,20,1,0.0192528,0.0257157,0.0254962,19.8913889,0.0022026,0.0024953,0.0112296,0.0022398
BOBOA,A_tropical_8,JJA,2016-06-01T06:00Z,0-6h,20,1,-0.0123676,-0.0438289,-0.0439452,9.2780556,-0.0007055,-0.0005504,0.0115762,0.0027316
BOBOA,A_tropical_8,JJA,2016-06-04T09:00Z,0-6h,20,1,0.0144716,0.0185554,0.0170196,11.3594444,0.0011799,0.0032276,0.028823,0.0005679
BOBOA,A_tropical_8,JJA,2016-06-13T07:00Z,0-6h,20,1,0.0085286,0.0139051,0.0134735,14.2425,0.0003601,0.0009355,0.0069192,0.0033791
BOBOA,A_tropical_8,JJA,2016-07-01T14:00Z,0-6h,20,1,0.0009758,0.0008725,0.0014959,9.24625,0.0009913,0.0001601,0.0023571,0.0006945
BOBOA,A_tropical_8,JJA,2016-07-07T14:00Z,0-6h,20,1,-0.002196,-0.0067004,-0.0072189,10.35125,-0.0007373,-4.61e-05,0.0049676,0.0099537
BOBOA,A_tropical_8,JJA,2016-07-15T19:00Z,0-6h,20,1,0.0055385,0.006124,0.0060591,12.9222222,0.0008404,0.0009269,0.0059484,-0.0
BOBOA,A_tropical_8,JJA,2016-07-18T01:00Z,0-6h,20,1,0.0092836,0.015479,0.0153,12.3855556,0.0014627,0.0017014,0.0387499,0.005079
BOBOA,A_tropical_8,JJA,2016-07-27T08:00Z,0-6h,20,1,0.0014106,-0.0169073,-0.0168918,12.7895833,0.0036093,0.0035888,0.0402013,0.032859
BOBOA,A_tropical_8,JJA,2016-08-04T09:00Z,0-6h,20,1,0.0210164,0.040009,0.0398379,10.6269444,0.0018999,0.0021281,0.0033494,0.0040073
BOBOA,A_tropical_8,MAM,2017-04-14T01:00Z,0-6h,20,1,0.0118574,0.0171091,0.0167725,6.5786111,0.0008105,0.0012592,0.0035803,0.0107254
BOBOA,A_tropical_8,MAM,2017-05-25T13:00Z,0-6h,20,1,0.0184491,0.0242837,0.0240913,2.29625,0.0026201,0.0028766,0.0054953,-0.0
BOBOA,A_tropical_8,MAM,2017-05-28T00:00Z,0-6h,20,1,0.0329334,0.0487141,0.0489181,4.9072222,0.003775,0.003503,0.0038766,0.0041282
BOBOA,A_tropical_8,JJA,2017-06-17T00:00Z,0-6h,20,1,0.033805,0.0557409,0.055226,26.2476389,0.0037754,0.0044619,0.013665,0.0085019
BOBOA,A_tropical_8,JJA,2017-06-23T11:00Z,0-6h,20,1,0.0038953,0.0073924,0.0073501,3.8268056,0.0003643,0.0004207,0.0019632,0.0013888
BOBOA,A_tropical_8,JJA,2017-06-26T01:00Z,0-6h,20,1,0.0068764,0.0137903,0.0137324,0.9533333,0.0006091,0.0006864,0.0003008,-0.0006046
BOBOA,A_tropical_8,JJA,2017-06-29T13:00Z,0-6h,20,1,-0.014087,-0.0310595,-0.0308142,17.1368056,-0.0008826,-0.0012096,0.0106506,0.006602
BOBOA,A_tropical_8,JJA,2017-07-06T10:00Z,0-6h,20,1,0.004252,0.0073939,0.0072869,6.2086111,0.0004401,0.0005828,0.0038752,0.0054211
BOBOA,A_tropical_8,JJA,2017-07-12T06:00Z,0-6h,20,1,0.0156579,0.0309039,0.0304081,2.0823611,0.0009191,0.0015801,0.0015626,0.0016475
BOBOA,A_tropical_8,JJA,2017-07-21T01:00Z,0-6h,20,1,0.0217245,0.0415806,0.042049,4.8127778,0.0029923,0.0023677,0.0037169,0.0026485
BOBOA,A_tropical_8,JJA,2017-08-16T17:00Z,0-6h,20,1,0.0015816,0.0034312,0.002604,0.6658333,-0.0009406,0.0001622,0.0003277,0.0005513
BOBOA,A_tropical_8,JJA,2017-08-18T20:00Z,0-6h,20,1,0.017164,0.0246352,0.0228063,15.1804167,0.000667,0.0031055,0.0150776,0.0154342
BOBOA,A_tropical_8,JJA,2017-08-24T11:00Z,0-6h,20,1,0.0754301,0.1356675,0.1356463,19.4293056,0.0076608,0.0076891,0.0120078,0.0095852
BOBOA,A_tropical_8,JJA,2017-08-31T03:00Z,0-6h,20,1,0.0659162,0.0666303,0.0656652,57.7959722,0.0119515,0.0132384,0.0345116,0.0180797
BOBOA,A_tropical_8,SON,2017-09-16T04:00Z,0-6h,20,1,0.2198153,0.3095664,0.3037481,30.6166667,0.0161608,0.0239186,0.0225311,0.0072516
BOBOA,A_tropical_8,SON,2017-09-30T17:00Z,0-6h,20,1,0.0022954,0.000523,0.0060187,12.18125,0.0100773,0.0027497,0.0388694,-0.0007516
BOBOA,A_tropical_8,SON,2017-10-12T07:00Z,0-6h,20,1,0.0149257,0.0481141,0.0467749,3.7375,0.0012022,0.0029878,0.0117285,-0.0
BOBOA,A_tropical_8,SON,2017-11-07T19:00Z,0-6h,20,1,0.0359268,0.0766046,0.0773601,15.3859722,0.005258,0.0042507,0.0114959,0.0051235
BOBOA,A_tropical_8,SON,2017-11-09T14:00Z,0-6h,20,1,0.0150791,0.0232534,0.023778,6.9490278,0.0025407,0.0018413,0.0036284,-0.0012915
BOBOA,A_tropical_8,SON,2017-11-23T15:00Z,0-6h,20,1,0.0123943,-0.0858271,-0.084593,0.4765278,0.0029,0.0012545,0.0010218,-0.0
BOBOA,A_tropical_8,DJF,2017-12-05T22:00Z,0-6h,20,1,0.007982,0.0159169,0.0160183,2.4883333,0.000987,0.0008518,0.0022888,0.0065056
BOBOA,A_tropical_8,DJF,2017-12-29T03:00Z,0-6h,20,1,0.0113188,0.0221983,0.0218373,2.8469444,0.000683,0.0011643,0.002693,-0.0
TAO170W,A_tropical_8,JJA,2008-06-23T16:00Z,0-6h,25,0,0.0092316,0.009726,0.0084224,6.579,-0.0,0.0017382,0.0115636,0.0077164
TAO170W,A_tropical_8,JJA,2008-07-08T12:00Z,0-6h,25,0,0.0002971,0.0008259,0.0007833,2.4826389,-0.0,5.67e-05,0.0033874,0.0002228
TAO170W,A_tropical_8,DJF,2015-12-04T10:00Z,0-6h,25,0,0.0158407,0.0202901,0.0175307,6.5995833,-0.0014622,0.002217,0.0058294,0.000462
TAO170W,A_tropical_8,DJF,2015-12-11T06:00Z,0-6h,25,0,0.0076052,0.008812,0.0067799,9.5702778,-0.0004247,0.0022846,0.0235186,0.0068975
TAO170W,A_tropical_8,DJF,2015-12-13T23:00Z,0-6h,25,0,0.0077737,0.0093097,0.0078617,4.1106944,-0.0005412,0.0013895,0.0102615,0.0010028
TAO170W,A_tropical_8,DJF,2015-12-19T00:00Z,0-6h,25,0,-0.0015432,-0.0049421,-0.0046821,2.3601389,0.0002492,-9.75e-05,0.0020099,0.0068332
TAO170W,A_tropical_8,DJF,2016-01-03T22:00Z,0-6h,25,0,0.0025837,-0.0056885,-0.0083699,5.2082639,-0.0026325,0.0009427,0.011788,0.0225894
TAO170W,A_tropical_8,DJF,2016-01-09T04:00Z,0-6h,25,0,0.0075417,0.0158754,0.0149801,11.9152778,-0.0003481,0.0008455,0.0051562,0.004579
TAO170W,A_tropical_8,DJF,2016-01-16T19:00Z,0-6h,25,0,0.0121017,0.0072461,0.0049745,15.2209028,7.29e-05,0.0031017,0.0431682,0.0232179
TAO170W,A_tropical_8,DJF,2016-01-18T23:00Z,0-6h,25,0,0.0762282,0.0820696,0.0631025,63.7594444,-0.0011993,0.0240902,0.1322684,0.1063748
TAO170W,A_tropical_8,DJF,2016-01-23T20:00Z,0-6h,25,0,0.014923,0.0062247,-0.002767,10.1006944,-0.0080118,0.0039772,0.0182624,0.0129921
TAO170W,A_tropical_8,DJF,2016-01-27T11:00Z,0-6h,25,0,-0.0016355,-0.0049879,-0.0080521,2.9148611,-0.004246,-0.0001604,0.0028396,0.0036728
TAO170W,A_tropical_8,DJF,2016-02-02T02:00Z,0-6h,25,0,0.0068628,0.0002459,-0.0070773,11.2301389,-0.0056496,0.0041146,0.0226863,0.0287607
TAO170W,A_tropical_8,DJF,2016-02-06T02:00Z,0-6h,25,0,0.0346443,0.0355989,0.0385415,19.2372222,0.0108384,0.006915,0.0261281,0.0052377
TAO170W,A_tropical_8,DJF,2016-02-12T11:00Z,0-6h,25,0,0.0461254,0.0541316,0.0446175,31.2676389,-0.0026916,0.009994,0.0337286,0.0499415
TAO170W,A_tropical_8,DJF,2016-02-23T11:00Z,0-6h,25,0,0.0392101,0.0510881,0.0455495,27.7432778,-0.0004616,0.0069231,0.0139122,0.0154969
TAO170W,A_tropical_8,MAM,2016-03-03T05:00Z,0-6h,25,0,-0.0040237,-0.0132809,-0.0110118,0.9230556,0.0026618,-0.0003636,0.0009284,0.0005351
TAO170W,A_tropical_8,MAM,2016-03-05T16:00Z,0-6h,25,0,0.0016457,-0.0040589,-0.0046618,1.7151389,-0.0001293,0.0006746,0.0104414,0.028688
TAO170W,A_tropical_8,MAM,2016-03-17T21:00Z,0-6h,25,0,0.000395,-0.0001404,0.0090131,1.2461111,0.0122475,4.28e-05,0.0015045,-0.0
TAO170W,A_tropical_8,MAM,2016-03-25T12:00Z,0-6h,25,0,0.0188847,0.0201633,0.0161276,11.4459722,-2.85e-05,0.0053525,0.0107562,0.0206278
TAO170W,A_tropical_8,MAM,2016-03-27T19:00Z,0-6h,25,0,-0.004867,-0.008856,-0.007574,0.6569444,0.0010968,-0.0006126,0.0012126,-0.0
TAO170W,A_tropical_8,MAM,2016-03-29T20:00Z,0-6h,25,0,0.027189,0.0543935,0.0514662,12.9886111,-0.0007266,0.0031765,0.0066446,0.0042771
TAO170W,A_tropical_8,MAM,2016-04-20T09:00Z,0-6h,25,0,0.0060947,0.0142121,0.0144732,0.5288889,0.0006425,0.0002944,0.0011618,0.0021429
TAO140W,A_tropical_8,JJA,2008-08-06T02:00Z,0-6h,20,1,-0.0006764,-0.0032458,-0.0035432,1.7330556,-0.0003399,5.67e-05,0.00353,0.0005527
TAO140W,A_tropical_8,JJA,2009-07-10T13:00Z,0-6h,20,1,0.0033671,0.0059116,0.0056455,4.8818056,-0.0,0.0003548,0.0045188,0.0009825
TAO140W,A_tropical_8,MAM,2015-04-12T14:00Z,0-6h,20,1,0.0561069,0.0584927,0.0588925,24.4044444,0.0179681,0.0174351,0.0481821,0.0440038
TAO140W,A_tropical_8,JJA,2015-06-30T06:00Z,0-6h,20,1,0.00545,0.0093504,0.0093043,1.3036111,0.0005392,0.0006008,0.0021573,0.0027925
TAO140W,A_tropical_8,MAM,2016-03-03T02:00Z,0-6h,20,1,0.0074663,0.0124174,0.0127238,4.08125,0.0029306,0.0025222,0.0073709,0.001691
TAO140W,A_tropical_8,MAM,2016-03-09T07:00Z,0-6h,20,1,-0.0034908,-0.0059174,-0.0058424,2.0969444,-0.0002427,-0.0003427,0.0034944,0.0001837
TAO110W,A_tropical_8,MAM,2015-05-06T15:00Z,0-6h,20,1,0.0069122,0.0140413,0.0141131,1.2743056,0.0008182,0.0007225,0.0013908,-0.0024025
TAO165E,A_tropical_8,MAM,2015-03-09T05:00Z,6-12h,25,0,-0.0120071,-0.0321618,-0.0322091,10.0441667,-0.0012069,-0.0011439,0.005224,0.0048648
TAO165E,A_tropical_8,MAM,2015-05-06T19:00Z,6-12h,25,0,0.0332926,0.0337911,0.0339294,91.2909722,0.0051152,0.0049309,0.0326946,0.0293482
TAO165E,A_tropical_8,MAM,2015-05-16T07:00Z,6-12h,25,0,0.0224913,0.0196792,0.021079,24.3747222,0.0069727,0.0051062,0.0194492,0.0139215
TAO165E,A_tropical_8,MAM,2015-05-21T04:00Z,6-12h,25,0,0.0175153,0.0217461,0.0208361,17.87,0.0018541,0.0030673,0.0138877,0.0190874
TAO165E,A_tropical_8,JJA,2015-07-27T12:00Z,6-12h,25,0,0.0140182,0.02879,0.0288591,8.0606944,0.0015419,0.0014498,0.0037661,0.0156773
TAO165E,A_tropical_8,SON,2016-09-05T10:00Z,6-12h,25,0,-0.0006572,-0.0026488,-0.0027057,18.3154167,0.000185,0.0002608,0.0466245,-0.0
TAO165E,A_tropical_8,SON,2016-09-12T22:00Z,6-12h,25,0,-0.0049659,-0.008747,-0.008847,1.6681944,-0.0005997,-0.0004664,-0.0003531,-0.0
TAO165E,A_tropical_8,DJF,2016-12-10T15:00Z,6-12h,25,0,-8.98e-05,0.007748,0.0078864,1.7683333,-0.0001277,-0.0003122,0.0014129,-0.0
TAO165E,A_tropical_8,DJF,2017-01-18T19:00Z,6-12h,25,0,0.0428843,0.0629036,0.0617208,55.3,0.0036631,0.0052402,0.0486585,0.0648496
TAO165E,A_tropical_8,DJF,2017-01-26T08:00Z,6-12h,25,0,0.0363424,0.039831,0.0389083,35.9484722,0.0094889,0.0107193,0.0448766,0.0097064
TAO165E,A_tropical_8,DJF,2017-01-28T14:00Z,6-12h,25,0,0.0012135,8.48e-05,-3.14e-05,17.5905556,0.0001453,0.0003004,0.0071269,0.0054093
TAO165E,A_tropical_8,DJF,2017-02-07T02:00Z,6-12h,25,0,0.0039079,0.0050127,0.0050123,13.99625,-0.0009204,-0.0009199,0.006125,0.0204516
BOBOA,A_tropical_8,DJF,2013-12-08T11:00Z,6-12h,20,1,0.0544845,0.035802,0.02982,49.9198611,0.0046636,0.0126396,0.0481577,0.0305806
BOBOA,A_tropical_8,MAM,2014-05-13T13:00Z,6-12h,20,1,-0.0013784,-0.0013012,-0.0014819,10.3469444,-0.0003539,-0.0001129,0.0021639,-0.002723
BOBOA,A_tropical_8,MAM,2014-05-18T05:00Z,6-12h,20,1,0.0087205,0.0139117,0.0140334,2.1727778,0.0010418,0.0008795,0.0008978,-0.0
BOBOA,A_tropical_8,JJA,2014-06-07T08:00Z,6-12h,20,1,0.0226289,0.0417585,0.0422622,48.1518056,0.0043849,0.0037133,0.0325169,0.0470119
BOBOA,A_tropical_8,JJA,2014-06-09T21:00Z,6-12h,20,1,-0.0043047,-0.016804,-0.016693,8.1825,-0.0002593,-0.0004074,0.0053334,0.0025885
BOBOA,A_tropical_8,JJA,2014-06-13T10:00Z,6-12h,20,1,0.0303975,0.0454219,0.0444293,72.9080556,0.0023752,0.0036986,0.0242156,0.0206744
BOBOA,A_tropical_8,JJA,2014-06-15T12:00Z,6-12h,20,1,0.0158006,0.016942,0.0173301,18.1170833,0.0021533,0.0016358,0.0094301,0.0329634
BOBOA,A_tropical_8,JJA,2014-06-17T13:00Z,6-12h,20,1,0.0603518,0.1205144,0.119844,15.6133333,0.0051529,0.0060468,0.008253,0.0205819
BOBOA,A_tropical_8,JJA,2014-07-09T02:00Z,6-12h,20,1,0.000692,0.0009492,0.0008951,18.9333333,4.62e-05,0.0001183,0.004594,0.0021116
BOBOA,A_tropical_8,JJA,2014-07-18T07:00Z,6-12h,20,1,0.0036351,0.006726,0.0067866,28.1652778,0.0005509,0.0004701,0.0089804,0.0111597
BOBOA,A_tropical_8,JJA,2014-07-24T02:00Z,6-12h,20,1,-0.0309977,-0.0618494,-0.0620363,14.4788889,-0.0033227,-0.0030734,0.0032854,0.005674
BOBOA,A_tropical_8,JJA,2014-07-31T04:00Z,6-12h,20,1,0.0247159,0.0483827,0.0483937,14.7123611,0.0025456,0.0025309,0.004552,0.0012618
BOBOA,A_tropical_8,JJA,2014-08-21T23:00Z,6-12h,20,1,0.1685103,0.2187675,0.2195482,14.9351389,0.0194404,0.0183995,0.0158991,0.0191416
BOBOA,A_tropical_8,JJA,2014-08-24T20:00Z,6-12h,20,1,-0.1259859,-0.1251406,-0.1250215,0.6,-0.0123218,-0.0124807,0.0002125,-0.0002341
BOBOA,A_tropical_8,SON,2014-09-02T01:00Z,6-12h,20,1,0.0884822,0.1567098,0.1586099,40.3369444,0.0119338,0.0094003,0.0112082,0.0161054
BOBOA,A_tropical_8,SON,2014-09-04T08:00Z,6-12h,20,1,-0.0130257,-0.0245778,-0.024419,19.625,-0.0011581,-0.0013698,0.0029556,0.0027804
BOBOA,A_tropical_8,SON,2014-09-13T00:00Z,6-12h,20,1,0.0353403,0.0543617,0.0503336,11.8869444,0.001546,0.0069168,0.0094563,0.0131506
BOBOA,A_tropical_8,SON,2014-09-17T05:00Z,6-12h,20,1,-0.0043682,-0.0091731,-0.0091764,5.0630556,-0.0004534,-0.0004491,0.0013722,-0.0004141
BOBOA,A_tropical_8,SON,2014-10-04T15:00Z,6-12h,20,1,0.0054861,-0.0192695,-0.0203184,23.8413889,-0.0004948,0.0009039,0.0229835,-0.0032227
BOBOA,A_tropical_8,SON,2014-11-03T21:00Z,6-12h,20,1,0.019648,0.0415844,0.0413762,11.8359722,0.0017146,0.0019922,0.005269,0.0238775
BOBOA,A_tropical_8,DJF,2014-12-23T10:00Z,6-12h,20,1,0.0210537,0.039334,0.041052,13.5855556,0.0043968,0.002106,0.0043783,0.0002037
BOBOA,A_tropical_8,DJF,2014-12-29T03:00Z,6-12h,20,1,0.0017312,0.0021012,0.0024823,11.4883333,0.0007104,0.0002023,0.0041048,0.0146063
BOBOA,A_tropical_8,MAM,2016-05-22T05:00Z,6-12h,20,1,0.0290683,0.0578395,0.0579819,25.3679167,0.0030927,0.0029028,0.0057571,0.0008966
BOBOA,A_tropical_8,JJA,2016-06-01T06:00Z,6-12h,20,1,-0.0198205,-0.0410537,-0.0416352,13.0584722,-0.0027168,-0.0019414,0.0070676,0.0264063
BOBOA,A_tropical_8,JJA,2016-06-04T09:00Z,6-12h,20,1,0.01276,0.0215,0.0211449,14.2434722,0.0008215,0.001295,0.0145351,-0.0016534
BOBOA,A_tropical_8,JJA,2016-06-13T07:00Z,6-12h,20,1,0.0078257,0.0153529,0.015364,29.9533333,0.0007652,0.0007504,0.0058787,0.0025136
BOBOA,A_tropical_8,JJA,2016-07-01T14:00Z,6-12h,20,1,-0.0172792,-0.034365,-0.0344733,12.4452778,-0.0019206,-0.0017762,0.000974,8.1e-05
BOBOA,A_tropical_8,JJA,2016-07-07T14:00Z,6-12h,20,1,-0.0219663,-0.0440019,-0.0442363,19.1223611,-0.0024423,-0.0021298,0.003782,0.0138346
BOBOA,A_tropical_8,JJA,2016-07-15T19:00Z,6-12h,20,1,-0.0093271,-0.0187224,-0.0190127,15.2416667,-0.0013293,-0.0009422,0.0029212,-0.0
BOBOA,A_tropical_8,JJA,2016-07-18T01:00Z,6-12h,20,1,0.0136509,0.0276414,0.0276986,14.8084722,0.0014627,0.0013865,0.0186205,0.008624
BOBOA,A_tropical_8,JJA,2016-07-27T08:00Z,6-12h,20,1,-0.0008008,-0.0079261,-0.0080285,17.5856944,-4.55e-05,9.1e-05,0.0258816,0.0208576
BOBOA,A_tropical_8,JJA,2016-08-04T09:00Z,6-12h,20,1,0.0256234,0.0512254,0.0511721,13.4583333,0.0024775,0.0025486,0.0015944,0.0018947
BOBOA,A_tropical_8,MAM,2017-04-14T01:00Z,6-12h,20,1,0.0560992,0.065561,0.0668175,31.3159722,0.0157507,0.0140754,0.1304089,0.0558716
BOBOA,A_tropical_8,MAM,2017-05-25T13:00Z,6-12h,20,1,0.0089148,0.0158172,0.0152879,2.6816667,0.0002084,0.0009142,0.0024158,-0.0
BOBOA,A_tropical_8,MAM,2017-05-28T00:00Z,6-12h,20,1,0.0462593,0.0685385,0.0688124,25.3533333,0.0054341,0.0050689,0.0082332,0.0176217
BOBOA,A_tropical_8,JJA,2017-06-17T00:00Z,6-12h,20,1,0.0426818,0.0824594,0.0824575,30.1,0.0042956,0.0042981,0.0058545,0.0136513
BOBOA,A_tropical_8,JJA,2017-06-23T11:00Z,6-12h,20,1,0.0160704,0.0322887,0.0323699,5.745,0.0016544,0.0015461,0.0011309,0.0007523
BOBOA,A_tropical_8,JJA,2017-06-26T01:00Z,6-12h,20,1,0.0113657,0.0216604,0.0216057,5.0391667,0.0011116,0.0011846,0.0023884,0.0044317
BOBOA,A_tropical_8,JJA,2017-06-29T13:00Z,6-12h,20,1,-0.0211572,-0.0405946,-0.0404774,22.2577778,-0.001963,-0.0021194,0.005791,0.0041579
BOBOA,A_tropical_8,JJA,2017-07-06T10:00Z,6-12h,20,1,0.0181307,0.0316105,0.0315281,34.47,0.0019425,0.0020524,0.0149939,0.0233221
BOBOA,A_tropical_8,JJA,2017-07-12T06:00Z,6-12h,20,1,0.0392769,0.0751276,0.0749258,8.4506944,0.0037667,0.0040358,0.0044833,0.0117323
BOBOA,A_tropical_8,JJA,2017-07-21T01:00Z,6-12h,20,1,0.0667828,0.1181275,0.118094,46.2555556,0.0071509,0.0071955,0.0166267,0.0066166
BOBOA,A_tropical_8,JJA,2017-08-16T17:00Z,6-12h,20,1,-0.0171013,-0.0329875,-0.0335571,0.7547222,-0.0025033,-0.001744,3.53e-05,-0.0006992
BOBOA,A_tropical_8,JJA,2017-08-18T20:00Z,6-12h,20,1,0.0354784,0.0674138,0.0672629,21.8033333,0.00335,0.0035513,0.0091859,0.0127817
BOBOA,A_tropical_8,JJA,2017-08-24T11:00Z,6-12h,20,1,0.1454333,0.1803181,0.1801644,45.8780556,0.0140343,0.0142392,0.014298,0.0133824
BOBOA,A_tropical_8,JJA,2017-08-31T03:00Z,6-12h,20,1,0.0177444,0.0242394,0.0247713,83.2347222,0.0026129,0.0019038,0.0203973,0.0089126
BOBOA,A_tropical_8,SON,2017-09-16T04:00Z,6-12h,20,1,0.3029807,0.4503474,0.4453277,71.4669444,0.0247043,0.0313972,0.0277559,0.0212103
BOBOA,A_tropical_8,SON,2017-09-30T17:00Z,6-12h,20,1,0.0138502,0.0185606,0.0188016,15.1216667,0.0003829,6.16e-05,0.0195466,-0.0010052
BOBOA,A_tropical_8,SON,2017-10-12T07:00Z,6-12h,20,1,0.0054027,0.0213843,0.0217529,4.945,0.000894,0.0004025,0.0064707,-0.0
BOBOA,A_tropical_8,SON,2017-11-07T19:00Z,6-12h,20,1,0.0419456,0.0837664,0.0839299,26.4023611,0.0044739,0.0042559,0.0081643,0.0027841
BOBOA,A_tropical_8,SON,2017-11-09T14:00Z,6-12h,20,1,-0.006842,-0.0156347,-0.0156979,8.9541667,-0.0006929,-0.0006086,0.0022923,-0.0044447
BOBOA,A_tropical_8,SON,2017-11-23T15:00Z,6-12h,20,1,0.1021295,0.085045,0.0862864,9.7463889,0.0156349,0.0139795,0.0615905,0.0226073
BOBOA,A_tropical_8,DJF,2017-12-05T22:00Z,6-12h,20,1,0.0237569,0.0369738,0.0388681,25.9340278,0.0057124,0.0031866,0.0149392,0.0182503
BOBOA,A_tropical_8,DJF,2017-12-29T03:00Z,6-12h,20,1,0.0152189,0.0306229,0.0305073,3.6019444,0.001366,0.0015203,0.0013876,0.0007379
TAO170W,A_tropical_8,JJA,2008-06-23T16:00Z,6-12h,25,0,0.0157868,0.0159628,0.014181,8.5613056,0.0001985,0.0025742,0.00604,0.0036682
TAO170W,A_tropical_8,JJA,2008-07-08T12:00Z,6-12h,25,0,-0.0008288,-0.0016379,-0.0015422,2.7472222,-0.0,-0.0001276,0.0014626,0.0002009
TAO170W,A_tropical_8,DJF,2015-12-04T10:00Z,6-12h,25,0,0.0417663,0.0640511,0.0800566,7.9788889,0.026013,0.0046723,0.0033106,-0.0092471
TAO170W,A_tropical_8,DJF,2015-12-11T06:00Z,6-12h,25,0,0.0135347,0.0166805,0.0135867,10.6351389,-0.000703,0.0034221,0.0091283,0.012188
TAO170W,A_tropical_8,DJF,2015-12-13T23:00Z,6-12h,25,0,0.0047926,0.0099836,0.0090475,5.4266667,-0.0007606,0.0004875,0.0055658,0.0091722
TAO170W,A_tropical_8,DJF,2015-12-19T00:00Z,6-12h,25,0,-0.0081351,-0.016946,-0.0106108,2.66875,0.0076669,-0.0007801,0.0008295,0.0075251
TAO170W,A_tropical_8,DJF,2016-01-03T22:00Z,6-12h,25,0,0.0056705,-0.0044689,-0.0104345,10.2390278,-0.0060004,0.0019537,0.0146775,0.0362652
TAO170W,A_tropical_8,DJF,2016-01-09T04:00Z,6-12h,25,0,0.0091868,0.0218316,0.0208894,18.7595833,-0.0002611,0.0009953,0.0046219,0.0031333
TAO170W,A_tropical_8,DJF,2016-01-16T19:00Z,6-12h,25,0,0.0245352,0.0227842,0.0184742,55.8408333,0.0006565,0.0064031,0.0787515,0.0406982
TAO170W,A_tropical_8,DJF,2016-01-18T23:00Z,6-12h,25,0,0.0506842,0.0920897,0.0864941,93.6820833,-0.0014772,0.0059836,0.0803222,0.0711754
TAO170W,A_tropical_8,DJF,2016-01-23T20:00Z,6-12h,25,0,0.0201296,0.0034284,-0.0063081,12.6444444,-0.0085125,0.0044695,0.0109469,0.0049287
TAO170W,A_tropical_8,DJF,2016-01-27T11:00Z,6-12h,25,0,-0.0026149,-0.0117243,-0.0149352,6.1570833,-0.0045096,-0.0002285,0.0046096,0.0153402
TAO170W,A_tropical_8,DJF,2016-02-02T02:00Z,6-12h,25,0,0.0493663,0.0496607,0.0338592,16.8865278,-0.0061217,0.014947,0.0180896,0.0071739
TAO170W,A_tropical_8,DJF,2016-02-06T02:00Z,6-12h,25,0,0.0344424,0.0436284,0.0492864,35.8573611,0.0126643,0.0051204,0.0335932,0.0152144
TAO170W,A_tropical_8,DJF,2016-02-12T11:00Z,6-12h,25,0,0.0766745,0.1103151,0.0991135,60.2168056,-0.0048978,0.0100378,0.0378753,0.0824494
TAO170W,A_tropical_8,DJF,2016-02-23T11:00Z,6-12h,25,0,0.0086889,0.019524,0.0184287,34.6780278,-0.000577,0.0008834,0.0078793,0.0160091
TAO170W,A_tropical_8,MAM,2016-03-03T05:00Z,6-12h,25,0,0.013614,0.027646,0.0260587,1.7059722,-0.000705,0.0014115,0.0013605,0.0001785
TAO170W,A_tropical_8,MAM,2016-03-05T16:00Z,6-12h,25,0,0.0072211,-0.0009947,-0.0023835,11.4998611,-0.0001006,0.0017511,0.0724426,0.0364824
TAO170W,A_tropical_8,MAM,2016-03-17T21:00Z,6-12h,25,0,-0.0153,-0.0380406,-0.0313529,4.3148611,0.0074031,-0.0015138,0.0035501,0.0034165
TAO170W,A_tropical_8,MAM,2016-03-25T12:00Z,6-12h,25,0,0.0532108,0.0547385,0.0421972,13.7877778,0.0001281,0.0168498,0.0101859,0.0210734
TAO170W,A_tropical_8,MAM,2016-03-27T19:00Z,6-12h,25,0,-0.0066476,-0.0120254,-0.0118046,1.7929167,-0.000527,-0.0008215,0.0020221,-0.0
TAO170W,A_tropical_8,MAM,2016-03-29T20:00Z,6-12h,25,0,0.0173094,0.0379976,0.0361244,17.8863889,-0.0007694,0.0017283,0.0029482,0.0012334
TAO170W,A_tropical_8,MAM,2016-04-20T09:00Z,6-12h,25,0,0.0101968,0.0195986,0.0185861,2.6447222,-0.0006139,0.000736,0.0088844,0.0017299
TAO140W,A_tropical_8,JJA,2008-08-06T02:00Z,6-12h,20,1,-0.0021795,-0.0063988,-0.0065086,10.1984722,-0.0003399,-0.0001936,0.0100395,0.0050949
TAO140W,A_tropical_8,JJA,2009-07-10T13:00Z,6-12h,20,1,0.0050853,0.0102453,0.0103909,14.1334722,0.0003409,0.0001467,0.006814,0.0008249
TAO140W,A_tropical_8,MAM,2015-04-12T14:00Z,6-12h,20,1,0.0604143,0.0626338,0.0619274,34.2725,0.0177677,0.0187094,0.0289851,0.0581031
TAO140W,A_tropical_8,JJA,2015-06-30T06:00Z,6-12h,20,1,0.0080757,0.0148359,0.0147755,2.0695833,0.0007805,0.0008609,0.0014767,0.001478
TAO140W,A_tropical_8,MAM,2016-03-03T02:00Z,6-12h,20,1,0.0117709,0.0166264,0.0170113,9.02125,0.0031308,0.0026175,0.0110185,0.0036279
TAO140W,A_tropical_8,MAM,2016-03-09T07:00Z,6-12h,20,1,-0.003536,-0.0066996,-0.0063284,5.8219444,0.0001856,-0.0003094,0.0055873,0.0059711
TAO110W,A_tropical_8,MAM,2015-05-06T15:00Z,6-12h,20,1,0.0195237,0.0365091,0.0362829,7.6129167,0.0019952,0.0022968,0.0081591,-0.0016335
TAO165E,A_tropical_8,MAM,2015-03-09T05:00Z,12-24h,25,0,-0.0199565,-0.0508419,-0.0508655,14.1696528,-0.0020284,-0.0019969,0.0030827,
TAO165E,A_tropical_8,MAM,2015-05-06T19:00Z,12-24h,25,0,-0.0117725,-0.0347166,-0.0353088,108.9956944,-0.0018238,-0.0010341,0.0195892,
TAO165E,A_tropical_8,MAM,2015-05-16T07:00Z,12-24h,25,0,0.0044669,-0.00159,-0.0007978,24.5289583,0.0031766,0.0021204,0.0066958,
TAO165E,A_tropical_8,MAM,2015-05-21T04:00Z,12-24h,25,0,0.0087271,0.0172873,0.0172797,18.2447917,0.0011153,0.0011255,0.0062123,
TAO165E,A_tropical_8,JJA,2015-07-27T12:00Z,12-24h,25,0,0.031963,0.0629401,0.0625073,14.8520833,0.0028874,0.0034646,0.0088057,
TAO165E,A_tropical_8,SON,2016-09-05T10:00Z,12-24h,25,0,-0.0031201,-0.0072995,-0.0074258,19.5779861,-0.00037,-0.0002016,0.0242676,
TAO165E,A_tropical_8,SON,2016-09-12T22:00Z,12-24h,25,0,-0.0054522,-0.0127647,-0.0128237,5.2398611,-0.0004569,-0.0003784,0.0009328,
TAO165E,A_tropical_8,DJF,2016-12-10T15:00Z,12-24h,25,0,0.0033218,0.0021646,0.0022337,18.9105556,0.0008301,0.0007379,0.0111758,
TAO165E,A_tropical_8,DJF,2017-01-18T19:00Z,12-24h,25,0,0.0124805,0.0356845,0.0356502,55.4206944,0.0012258,0.0012716,0.0216407,
TAO165E,A_tropical_8,DJF,2017-01-26T08:00Z,12-24h,25,0,0.0305565,0.0208116,0.0207226,40.9064583,0.0050351,0.0051538,0.0179425,
TAO165E,A_tropical_8,DJF,2017-01-28T14:00Z,12-24h,25,0,-0.0015261,-0.0046373,-0.0046536,19.2338194,-0.0001889,-0.0001671,0.0035611,
TAO165E,A_tropical_8,DJF,2017-02-07T02:00Z,12-24h,25,0,-0.0127334,-0.0194449,-0.0196995,14.5932986,-0.0032214,-0.0028818,0.0040964,
BOBOA,A_tropical_8,DJF,2013-12-08T11:00Z,12-24h,20,1,0.1286238,0.1821471,0.181913,111.3659028,0.0148993,0.0152114,0.03946,
BOBOA,A_tropical_8,MAM,2014-05-13T13:00Z,12-24h,20,1,-0.0142493,-0.0216177,-0.0217417,10.3581944,-0.0015154,-0.0013501,0.0009766,
BOBOA,A_tropical_8,MAM,2014-05-18T05:00Z,12-24h,20,1,0.0201904,0.0321842,0.0322643,8.3638889,0.0023899,0.0022831,0.0049129,
BOBOA,A_tropical_8,JJA,2014-06-07T08:00Z,12-24h,20,1,0.0190303,0.0604046,0.0604329,48.8672222,0.0019633,0.0019255,0.011573,
BOBOA,A_tropical_8,JJA,2014-06-09T21:00Z,12-24h,20,1,-0.0125705,-0.0200668,-0.0203078,9.7493056,-0.0014187,-0.0010974,0.0033614,
BOBOA,A_tropical_8,JJA,2014-06-13T10:00Z,12-24h,20,1,-0.005381,-0.01086,-0.0110162,87.8279861,-0.0007337,-0.0005255,0.0135704,
BOBOA,A_tropical_8,JJA,2014-06-15T12:00Z,12-24h,20,1,0.0024217,0.0042314,0.0044034,18.2336111,0.0005459,0.0003165,0.0040072,
BOBOA,A_tropical_8,JJA,2014-06-17T13:00Z,12-24h,20,1,0.0951524,0.1900937,0.1896942,15.8921528,0.0090327,0.0095653,0.0036774,
BOBOA,A_tropical_8,JJA,2014-07-09T02:00Z,12-24h,20,1,-7.07e-05,-0.0009323,-0.0009979,32.5186806,7.7e-06,9.52e-05,0.0069882,
BOBOA,A_tropical_8,JJA,2014-07-18T07:00Z,12-24h,20,1,-0.019911,-0.040257,-0.0404151,34.7354167,-0.0021731,-0.0019622,0.0042607,
BOBOA,A_tropical_8,JJA,2014-07-24T02:00Z,12-24h,20,1,0.0051176,0.0063001,0.0061165,16.4242361,0.0003353,0.0005801,0.0025194,
BOBOA,A_tropical_8,JJA,2014-07-31T04:00Z,12-24h,20,1,0.0239563,0.0476735,0.0478448,14.968125,0.0026511,0.0024227,0.0018626,
BOBOA,A_tropical_8,JJA,2014-08-21T23:00Z,12-24h,20,1,0.3744567,0.4887407,0.486801,15.6491667,0.0385606,0.041147,0.0070887,
BOBOA,A_tropical_8,JJA,2014-08-24T20:00Z,12-24h,20,1,-0.3068733,-0.427515,-0.4270801,6.8926389,-0.029759,-0.0303389,0.0045125,
BOBOA,A_tropical_8,SON,2014-09-02T01:00Z,12-24h,20,1,0.110799,0.1955839,0.1953752,68.1156944,0.0111646,0.0114428,0.0134596,
BOBOA,A_tropical_8,SON,2014-09-04T08:00Z,12-24h,20,1,-0.0265597,-0.0531398,-0.0526581,25.0865278,-0.0020111,-0.0026534,0.0043428,
BOBOA,A_tropical_8,SON,2014-09-13T00:00Z,12-24h,20,1,0.0796999,0.1388895,0.1390254,52.1324306,0.0105408,0.0103595,0.0193446,
BOBOA,A_tropical_8,SON,2014-09-17T05:00Z,12-24h,20,1,-0.0164414,-0.0339768,-0.0341209,8.3429167,-0.0018138,-0.0016216,0.0021377,
BOBOA,A_tropical_8,SON,2014-10-04T15:00Z,12-24h,20,1,0.0621382,0.0851776,0.0849823,24.7510417,0.0069654,0.0072258,0.0130883,
BOBOA,A_tropical_8,SON,2014-11-03T21:00Z,12-24h,20,1,0.0218093,0.0459741,0.045835,13.3286111,0.0020467,0.0022322,0.0019,
BOBOA,A_tropical_8,DJF,2014-12-23T10:00Z,12-24h,20,1,0.0453346,0.0906054,0.0920597,13.5883333,0.0064702,0.0045312,0.0019499,
BOBOA,A_tropical_8,DJF,2014-12-29T03:00Z,12-24h,20,1,-0.0022477,-0.0096686,-0.0097297,22.0085417,-0.0001184,-3.7e-05,0.0091714,
BOBOA,A_tropical_8,MAM,2016-05-22T05:00Z,12-24h,20,1,0.0461854,0.0924104,0.0924185,26.2960417,0.0045937,0.004583,0.0030206,
BOBOA,A_tropical_8,JJA,2016-06-01T06:00Z,12-24h,20,1,0.002159,-0.0029922,-0.0037427,13.3448611,-0.0007205,0.0002802,0.0033605,
BOBOA,A_tropical_8,JJA,2016-06-04T09:00Z,12-24h,20,1,0.0335821,0.0579847,0.0580769,15.3890972,0.0035249,0.003402,0.0084033,
BOBOA,A_tropical_8,JJA,2016-06-13T07:00Z,12-24h,20,1,0.0016982,0.0034237,0.0032492,29.9678472,-9e-05,0.0001426,0.0024968,
BOBOA,A_tropical_8,JJA,2016-07-01T14:00Z,12-24h,20,1,-0.0337014,-0.0676149,-0.067725,19.4506944,-0.0035081,-0.0033614,0.0032737,
BOBOA,A_tropical_8,JJA,2016-07-07T14:00Z,12-24h,20,1,-0.032595,-0.0652644,-0.0654854,23.2594444,-0.0034792,-0.0031845,0.003135,
BOBOA,A_tropical_8,JJA,2016-07-15T19:00Z,12-24h,20,1,-0.0114545,-0.0243635,-0.0244209,16.0668056,-0.0011918,-0.0011154,0.0021242,
BOBOA,A_tropical_8,JJA,2016-07-18T01:00Z,12-24h,20,1,0.0234791,0.0472451,0.0470147,14.8958333,0.0020646,0.0023717,0.0085511,
BOBOA,A_tropical_8,JJA,2016-07-27T08:00Z,12-24h,20,1,0.0054302,0.0111909,0.0110089,18.1854861,0.0003412,0.0005838,0.0124679,
BOBOA,A_tropical_8,JJA,2016-08-04T09:00Z,12-24h,20,1,0.0147201,0.0295343,0.0297736,13.4861806,0.0017707,0.0014517,0.0007537,
BOBOA,A_tropical_8,MAM,2017-04-14T01:00Z,12-24h,20,1,0.046963,0.0805369,0.080439,57.3399306,0.0048017,0.0049322,0.062691,
BOBOA,A_tropical_8,MAM,2017-05-25T13:00Z,12-24h,20,1,0.0005267,0.0022643,0.0019533,8.3877083,-0.0001935,0.0002211,0.0064914,
BOBOA,A_tropical_8,MAM,2017-05-28T00:00Z,12-24h,20,1,-0.0432683,-0.0635974,-0.0620975,35.1021528,-0.0021386,-0.0041385,0.004719,
BOBOA,A_tropical_8,JJA,2017-06-17T00:00Z,12-24h,20,1,0.0374492,0.0744973,0.0747191,30.1730556,0.0040429,0.0037472,0.0026149,
BOBOA,A_tropical_8,JJA,2017-06-23T11:00Z,12-24h,20,1,0.0610873,0.1183327,0.1183521,26.6652083,0.0062457,0.0062199,0.0076987,
BOBOA,A_tropical_8,JJA,2017-06-26T01:00Z,12-24h,20,1,0.0114191,0.0229847,0.0228064,11.4658333,0.000868,0.0011058,0.0030585,
BOBOA,A_tropical_8,JJA,2017-06-29T13:00Z,12-24h,20,1,-0.0250138,-0.0484911,-0.0483124,22.7523611,-0.0022521,-0.0024904,0.0028916,
BOBOA,A_tropical_8,JJA,2017-07-06T10:00Z,12-24h,20,1,0.0208624,0.0412466,0.0413026,40.63125,0.0021929,0.0021182,0.0067007,
BOBOA,A_tropical_8,JJA,2017-07-12T06:00Z,12-24h,20,1,0.0473285,0.0896073,0.0895061,11.3660417,0.0046255,0.0047605,0.0022509,
BOBOA,A_tropical_8,JJA,2017-07-21T01:00Z,12-24h,20,1,0.0819294,0.1583307,0.1581267,84.461875,0.008133,0.008405,0.0169787,
BOBOA,A_tropical_8,JJA,2017-08-16T17:00Z,12-24h,20,1,-0.0083339,-0.0157705,-0.0162013,7.0779167,-0.001411,-0.0008365,0.0028463,
BOBOA,A_tropical_8,JJA,2017-08-18T20:00Z,12-24h,20,1,0.0330935,0.0660158,0.0656816,22.0528472,0.0028649,0.0033106,0.0040939,
BOBOA,A_tropical_8,JJA,2017-08-24T11:00Z,12-24h,20,1,0.1338503,0.1523799,0.1522746,46.6989583,0.013532,0.0136724,0.0057153,
BOBOA,A_tropical_8,JJA,2017-08-31T03:00Z,12-24h,20,1,-0.0049218,-0.0178493,-0.0174654,83.3783333,6.96e-05,-0.0004423,0.0091129,
BOBOA,A_tropical_8,SON,2017-09-16T04:00Z,12-24h,20,1,0.1166658,0.1425149,0.1346666,93.7225,0.0024719,0.0129363,0.0174882,
BOBOA,A_tropical_8,SON,2017-09-30T17:00Z,12-24h,20,1,0.0424415,0.0606495,0.0609896,20.4445833,0.005345,0.0048915,0.0175556,
BOBOA,A_tropical_8,SON,2017-10-12T07:00Z,12-24h,20,1,0.0023084,0.0077848,0.0077581,14.5041667,0.0010481,0.0010836,0.0209252,
BOBOA,A_tropical_8,SON,2017-11-07T19:00Z,12-24h,20,1,0.0835783,0.1726526,0.1721596,26.5338889,0.007664,0.0083214,0.0035521,
BOBOA,A_tropical_8,SON,2017-11-09T14:00Z,12-24h,20,1,-0.0128097,-0.0285129,-0.0287091,16.2647222,-0.0013627,-0.0011011,0.0052115,
BOBOA,A_tropical_8,SON,2017-11-23T15:00Z,12-24h,20,1,0.0896854,0.0024807,0.0031034,18.9790278,0.0144843,0.013654,0.0373067,
BOBOA,A_tropical_8,DJF,2017-12-05T22:00Z,12-24h,20,1,0.0988486,0.192867,0.1941503,57.0393056,0.0116342,0.0099231,0.0154649,
BOBOA,A_tropical_8,DJF,2017-12-29T03:00Z,12-24h,20,1,0.0155913,0.0305252,0.0303012,6.4299306,0.0012825,0.0015813,0.0025339,
TAO170W,A_tropical_8,JJA,2008-06-23T16:00Z,12-24h,25,0,0.0093979,0.0121186,0.0113499,10.8758889,0.0001985,0.0012234,0.0054134,
TAO170W,A_tropical_8,JJA,2008-07-08T12:00Z,12-24h,25,0,0.0007156,0.0009805,0.0011505,3.6450694,0.0004252,0.0001985,0.0025683,
TAO170W,A_tropical_8,DJF,2015-12-04T10:00Z,12-24h,25,0,0.028523,0.0477975,0.0554818,15.6048611,0.0133428,0.003097,0.0093308,
TAO170W,A_tropical_8,DJF,2015-12-11T06:00Z,12-24h,25,0,0.0054688,0.0099146,0.0087832,10.7263194,-0.0014573,5.13e-05,0.0031462,
TAO170W,A_tropical_8,DJF,2015-12-13T23:00Z,12-24h,25,0,0.0015736,0.0021956,0.0013144,10.5833333,-0.0010093,0.0001658,0.0117075,
TAO170W,A_tropical_8,DJF,2015-12-19T00:00Z,12-24h,25,0,0.0069699,-0.0123815,-0.0127609,31.5552778,0.002668,0.0031739,0.0351556,
TAO170W,A_tropical_8,DJF,2016-01-03T22:00Z,12-24h,25,0,0.0032772,-0.0059278,-0.0106486,14.4724306,-0.0056034,0.0006911,0.0105488,
TAO170W,A_tropical_8,DJF,2016-01-09T04:00Z,12-24h,25,0,0.0113838,0.0271989,0.0260192,37.5766667,-0.0003336,0.0012393,0.0063846,
TAO170W,A_tropical_8,DJF,2016-01-16T19:00Z,12-24h,25,0,-0.0075407,-0.0189321,-0.0171388,68.9303472,0.0016193,-0.0007718,0.0356486,
TAO170W,A_tropical_8,DJF,2016-01-18T23:00Z,12-24h,25,0,0.0158661,0.0377176,0.0353078,93.95625,-0.0016015,0.0016115,0.0373114,
TAO170W,A_tropical_8,DJF,2016-01-23T20:00Z,12-24h,25,0,0.0062141,7.55e-05,-0.0073779,21.5104861,-0.0081296,0.0018083,0.0134203,
TAO170W,A_tropical_8,DJF,2016-01-27T11:00Z,12-24h,25,0,0.025597,0.0228134,0.0174581,11.8604444,-0.0035725,0.0035679,0.0049076,
TAO170W,A_tropical_8,DJF,2016-02-02T02:00Z,12-24h,25,0,0.0365664,0.0409773,0.0273215,17.5768056,-0.0070657,0.011142,0.0081839,
TAO170W,A_tropical_8,DJF,2016-02-06T02:00Z,12-24h,25,0,-0.0098118,-0.0293743,-0.0224649,46.0879861,0.0090272,-0.0001853,0.0518436,
TAO170W,A_tropical_8,DJF,2016-02-12T11:00Z,12-24h,25,0,0.0614537,0.1133378,0.1037532,62.6945139,-0.0056994,0.0070801,0.017838,
TAO170W,A_tropical_8,DJF,2016-02-23T11:00Z,12-24h,25,0,0.0159351,0.0254594,0.0291345,34.6884444,0.006787,0.0018868,0.0034864,
TAO170W,A_tropical_8,MAM,2016-03-03T05:00Z,12-24h,25,0,0.015693,0.0271584,0.0228541,9.3488889,-0.0029927,0.0027464,0.007168,
TAO170W,A_tropical_8,MAM,2016-03-05T16:00Z,12-24h,25,0,0.0032902,0.0066094,0.0054998,12.5654167,-0.0011351,0.0003445,0.0259386,
TAO170W,A_tropical_8,MAM,2016-03-17T21:00Z,12-24h,25,0,0.0195607,0.0034258,-0.0034302,30.25725,-0.002415,0.0067264,0.0235993,
TAO170W,A_tropical_8,MAM,2016-03-25T12:00Z,12-24h,25,0,-0.0015753,0.0006458,0.0010746,15.7718056,0.0004341,-0.0001376,0.0131195,
TAO170W,A_tropical_8,MAM,2016-03-27T19:00Z,12-24h,25,0,-0.005965,-0.0136927,-0.0134932,5.5654444,-0.0001994,-0.0004654,0.0044995,
TAO170W,A_tropical_8,MAM,2016-03-29T20:00Z,12-24h,25,0,0.0073278,0.0169417,0.0160407,18.1135417,-0.0004559,0.0007454,0.0005739,
TAO170W,A_tropical_8,MAM,2016-04-20T09:00Z,12-24h,25,0,0.0226695,0.0389947,0.0366729,13.1950694,-0.0009352,0.0021605,0.0119594,
TAO140W,A_tropical_8,JJA,2008-08-06T02:00Z,12-24h,20,1,-0.0100282,-0.020011,-0.019655,11.5825,-0.000602,-0.0010765,0.0038329,
TAO140W,A_tropical_8,JJA,2009-07-10T13:00Z,12-24h,20,1,0.0070667,0.016007,0.0163124,14.9370139,0.0006817,0.0002744,0.0027295,
TAO140W,A_tropical_8,MAM,2015-04-12T14:00Z,12-24h,20,1,0.0881504,0.0941249,0.0947424,34.3343056,0.028255,0.0274317,0.0130661,
TAO140W,A_tropical_8,JJA,2015-06-30T06:00Z,12-24h,20,1,0.0186057,0.029574,0.0294018,13.6008333,0.0020718,0.0023013,0.0090961,
TAO140W,A_tropical_8,MAM,2016-03-03T02:00Z,12-24h,20,1,0.0311993,0.043605,0.0441393,15.7617361,0.0050392,0.0043268,0.0111194,
TAO140W,A_tropical_8,MAM,2016-03-09T07:00Z,12-24h,20,1,0.0068965,0.0028184,0.0027166,15.1993056,0.001492,0.0016278,0.0092439,
TAO110W,A_tropical_8,MAM,2015-05-05T08:00Z,12-24h,20,1,0.0285742,0.0449689,0.0448741,11.7697917,0.0028973,0.0030238,0.0038014,
TAO110W,A_tropical_8,MAM,2015-05-06T15:00Z,12-24h,20,1,0.0455037,0.0839245,0.0839565,19.0520833,0.0048444,0.0048018,0.0070622,
TAO165E,A_tropical_8,MAM,2015-03-09T05:00Z,24-48h,25,0,-0.0243647,-0.0613961,-0.0614315,18.0069792,-0.0024791,-0.0024319,0.0010907,
TAO165E,A_tropical_8,MAM,2015-05-06T19:00Z,24-48h,25,0,-0.0216307,-0.0589296,-0.0587826,115.9495139,-0.001831,-0.0020271,0.0058717,
TAO165E,A_tropical_8,MAM,2015-05-16T07:00Z,24-48h,25,0,0.0001133,-0.005613,-0.0045477,24.5735069,0.0021609,0.0007405,-0.0007302,
TAO165E,A_tropical_8,MAM,2015-05-21T04:00Z,24-48h,25,0,0.007365,0.015553,0.0156251,19.1402431,0.0011298,0.0010337,1.83e-05,
TAO165E,A_tropical_8,JJA,2015-07-27T12:00Z,24-48h,25,0,0.006365,0.0133429,0.0135584,20.8465625,0.0008219,0.0005346,0.0023801,
TAO165E,A_tropical_8,SON,2016-09-05T10:00Z,24-48h,25,0,-0.0008575,-0.0040857,-0.0041088,21.5886806,0.0001352,0.000166,0.0022661,
TAO165E,A_tropical_8,SON,2016-09-12T22:00Z,24-48h,25,0,-0.0083304,-0.0171411,-0.0172045,15.4929514,-0.0008853,-0.0008008,-0.0001779,
TAO165E,A_tropical_8,DJF,2016-12-10T15:00Z,24-48h,25,0,0.0001785,-0.006263,-0.0063055,25.2747222,-0.0002412,-0.0001845,0.0122172,
TAO165E,A_tropical_8,DJF,2017-01-18T19:00Z,24-48h,25,0,0.004006,0.0168726,0.0169492,55.6070139,0.0004903,0.0003882,0.0009689,
TAO165E,A_tropical_8,DJF,2017-01-26T08:00Z,24-48h,25,0,0.0006363,0.000581,0.0005728,41.0587847,2.54e-05,3.63e-05,0.0021858,
TAO165E,A_tropical_8,DJF,2017-01-28T14:00Z,24-48h,25,0,-0.0030222,-0.0141395,-0.0139669,24.0325,4.72e-05,-0.0001829,0.0059259,
TAO165E,A_tropical_8,DJF,2017-02-07T02:00Z,24-48h,25,0,-0.0142645,-0.0204996,-0.0209019,16.3055035,-0.0039835,-0.0034471,0.0003177,
BOBOA,A_tropical_8,DJF,2013-12-08T11:00Z,24-48h,20,1,0.0751065,0.1135245,0.1135011,125.4161111,0.0078155,0.0078468,0.0091644,
BOBOA,A_tropical_8,MAM,2014-05-13T13:00Z,24-48h,20,1,-0.03043,-0.0516442,-0.0516698,10.4153819,-0.0029847,-0.0029505,-1.75e-05,
BOBOA,A_tropical_8,MAM,2014-05-18T05:00Z,24-48h,20,1,0.0204582,0.0307575,0.0308139,12.1830556,0.0021295,0.0020543,0.0023475,
BOBOA,A_tropical_8,JJA,2014-06-07T08:00Z,24-48h,20,1,-0.0039327,0.0275214,0.027286,48.9006944,-0.0006646,-0.0003507,0.0005681,
BOBOA,A_tropical_8,JJA,2014-06-09T21:00Z,24-48h,20,1,-0.0554197,-0.0798119,-0.0798547,21.0466667,-0.0055644,-0.0055073,0.0017834,
BOBOA,A_tropical_8,JJA,2014-06-13T10:00Z,24-48h,20,1,0.0059972,0.0128964,0.0132464,87.9866667,0.0009947,0.000528,0.0016871,
BOBOA,A_tropical_8,JJA,2014-06-15T12:00Z,24-48h,20,1,-0.0590677,-0.1178333,-0.1174512,18.3025347,-0.005387,-0.0058964,0.0003485,
BOBOA,A_tropical_8,JJA,2014-06-17T13:00Z,24-48h,20,1,0.0450214,0.0897728,0.0887295,15.9836111,0.0031076,0.0044987,9.05e-05,
BOBOA,A_tropical_8,JJA,2014-07-09T02:00Z,24-48h,20,1,-0.0019261,-0.0040608,-0.004079,45.1735764,-0.0001349,-0.0001106,0.0046754,
BOBOA,A_tropical_8,JJA,2014-07-18T07:00Z,24-48h,20,1,-0.0486613,-0.0981467,-0.098284,34.89,-0.0049737,-0.0047906,0.0004658,
BOBOA,A_tropical_8,JJA,2014-07-24T02:00Z,24-48h,20,1,-0.0448133,-0.0903915,-0.0906025,25.6525694,-0.0047211,-0.0044397,0.0020964,
BOBOA,A_tropical_8,JJA,2014-07-31T04:00Z,24-48h,20,1,0.0303233,0.0603093,0.0605445,15.0374306,0.0033816,0.003068,2.78e-05,
BOBOA,A_tropical_8,JJA,2014-08-21T23:00Z,24-48h,20,1,0.2772226,0.4335034,0.4321233,15.8503125,0.0236335,0.0254736,0.0004449,
BOBOA,A_tropical_8,JJA,2014-08-24T20:00Z,24-48h,20,1,-0.0725009,-0.1003343,-0.1007152,35.849375,-0.0049786,-0.0044706,0.0074865,
BOBOA,A_tropical_8,SON,2014-09-02T01:00Z,24-48h,20,1,0.0627247,0.1251023,0.1249534,68.6650347,0.0060951,0.0062937,0.0015914,
BOBOA,A_tropical_8,SON,2014-09-04T08:00Z,24-48h,20,1,-0.0698921,-0.1403804,-0.140226,61.0476736,-0.0067884,-0.0069942,0.0067743,
BOBOA,A_tropical_8,SON,2014-09-13T00:00Z,24-48h,20,1,0.0862695,0.1967792,0.1956599,61.4195833,0.0067969,0.0082892,0.0050429,
BOBOA,A_tropical_8,SON,2014-09-17T05:00Z,24-48h,20,1,-0.0091542,-0.0200894,-0.0200303,32.4685069,-0.00086,-0.0009388,0.0035052,
BOBOA,A_tropical_8,SON,2014-10-04T15:00Z,24-48h,20,1,0.0159182,-0.0072413,-0.0071718,26.8654167,0.0019636,0.001871,0.0023944,
BOBOA,A_tropical_8,SON,2014-11-03T21:00Z,24-48h,20,1,0.0688248,0.1126522,0.1119765,13.69,0.0071559,0.0080567,-0.00056,
BOBOA,A_tropical_8,DJF,2014-12-23T10:00Z,24-48h,20,1,0.0850874,0.1536265,0.155145,13.5945833,0.0105876,0.0085628,9.59e-05,
BOBOA,A_tropical_8,DJF,2014-12-29T03:00Z,24-48h,20,1,0.0752561,0.1303622,0.1299002,48.163125,0.0071858,0.0078018,0.0103795,
BOBOA,A_tropical_8,MAM,2016-05-22T05:00Z,24-48h,20,1,-0.0237875,-0.0477488,-0.0478292,26.6966667,-0.0025081,-0.0024009,0.0001746,
BOBOA,A_tropical_8,JJA,2016-06-01T06:00Z,24-48h,20,1,0.0326627,0.0447876,0.0448736,25.701875,0.0040677,0.0039529,0.0051367,
BOBOA,A_tropical_8,JJA,2016-06-04T09:00Z,24-48h,20,1,0.0207045,0.0391066,0.0391861,21.2350347,0.0022441,0.0021381,0.0050138,
BOBOA,A_tropical_8,JJA,2016-06-13T07:00Z,24-48h,20,1,0.0230082,0.0458525,0.0459156,39.7895486,0.0023743,0.00229,0.0040643,
BOBOA,A_tropical_8,JJA,2016-07-01T14:00Z,24-48h,20,1,-0.0193339,-0.0388007,-0.0388489,28.3364931,-0.0020484,-0.001984,0.0009567,
BOBOA,A_tropical_8,JJA,2016-07-07T14:00Z,24-48h,20,1,-0.0389242,-0.0777807,-0.0779375,27.8357292,-0.0040629,-0.0038539,0.0010413,
BOBOA,A_tropical_8,JJA,2016-07-15T19:00Z,24-48h,20,1,-0.0268247,-0.0535273,-0.0535284,16.4083333,-0.0027351,-0.0027337,0.0003948,
BOBOA,A_tropical_8,JJA,2016-07-18T01:00Z,24-48h,20,1,0.0298285,0.0596692,0.0597865,15.1065972,0.003154,0.0029977,-2.56e-05,
BOBOA,A_tropical_8,JJA,2016-07-27T08:00Z,24-48h,20,1,-0.0107746,-0.027741,-0.0279372,52.0073264,-0.0009554,-0.0006937,0.0086983,
BOBOA,A_tropical_8,JJA,2016-08-04T09:00Z,24-48h,20,1,-0.0130118,-0.0252621,-0.0250976,13.5802083,-0.0011133,-0.0013326,5.6e-05,
BOBOA,A_tropical_8,MAM,2017-04-14T01:00Z,24-48h,20,1,0.1016463,0.1950075,0.1947408,175.6149653,0.0100659,0.0104214,0.0208892,
BOBOA,A_tropical_8,MAM,2017-05-25T13:00Z,24-48h,20,1,-0.0012333,0.0007029,0.0005811,13.8544444,-0.0003126,-0.0001503,0.0020633,
BOBOA,A_tropical_8,MAM,2017-05-28T00:00Z,24-48h,20,1,-0.1758758,-0.3323081,-0.3323273,44.1620833,-0.0174478,-0.0174222,0.0014427,
BOBOA,A_tropical_8,JJA,2017-06-23T11:00Z,24-48h,20,1,0.0561091,0.1122268,0.1122898,67.9642708,0.0056462,0.0055621,0.0049591,
BOBOA,A_tropical_8,JJA,2017-06-26T01:00Z,24-48h,20,1,0.0206864,0.0417459,0.0416654,12.3165625,0.0019187,0.002026,0.0003067,
BOBOA,A_tropical_8,JJA,2017-06-29T13:00Z,24-48h,20,1,0.0082708,0.0173181,0.0173092,31.0309722,0.0008483,0.0008602,0.0018027,
BOBOA,A_tropical_8,JJA,2017-07-06T10:00Z,24-48h,20,1,0.0350641,0.0681616,0.0680011,53.2888194,0.0034867,0.0037006,0.0055895,
BOBOA,A_tropical_8,JJA,2017-07-12T06:00Z,24-48h,20,1,0.0390108,0.077088,0.0771509,18.7977431,0.0040191,0.0039352,0.0015664,
BOBOA,A_tropical_8,JJA,2017-07-21T01:00Z,24-48h,20,1,0.0842484,0.1681627,0.167692,88.0857292,0.007826,0.0084536,0.0025717,
BOBOA,A_tropical_8,JJA,2017-08-16T17:00Z,24-48h,20,1,0.0025828,0.0065349,0.0060547,11.6387847,-0.000421,0.0002193,0.0008573,
BOBOA,A_tropical_8,JJA,2017-08-18T20:00Z,24-48h,20,1,0.040889,0.0716661,0.0713228,32.3366667,0.0040814,0.0045391,0.0117449,
BOBOA,A_tropical_8,JJA,2017-08-24T11:00Z,24-48h,20,1,0.0296972,0.0366837,0.0364079,49.2037847,0.0022802,0.0026479,0.0006769,
BOBOA,A_tropical_8,JJA,2017-08-31T03:00Z,24-48h,20,1,0.0297158,0.0402541,0.0408245,86.301875,0.00373,0.0029694,0.0024173,
BOBOA,A_tropical_8,SON,2017-09-16T04:00Z,24-48h,20,1,0.0330676,0.0551129,0.0490936,208.7256597,-0.0039095,0.0041162,0.0137594,
BOBOA,A_tropical_8,SON,2017-09-30T17:00Z,24-48h,20,1,-0.0064473,-0.0237746,-0.0236448,34.0129514,-0.0002642,-0.0004373,0.0068233,
BOBOA,A_tropical_8,SON,2017-10-12T07:00Z,24-48h,20,1,0.0156115,0.0175351,0.0177691,16.7041667,0.0035797,0.0032677,0.0037533,
BOBOA,A_tropical_8,SON,2017-11-07T19:00Z,24-48h,20,1,0.0351954,0.0812477,0.0808138,28.3654514,0.0029749,0.0035534,0.0012714,
BOBOA,A_tropical_8,SON,2017-11-09T14:00Z,24-48h,20,1,-0.0093404,-0.025153,-0.0247315,49.7819444,2.31e-05,-0.000539,0.0140632,
BOBOA,A_tropical_8,SON,2017-11-23T15:00Z,24-48h,20,1,0.0325946,-0.0892865,-0.0876095,21.2160069,0.0067102,0.0044741,0.007424,
BOBOA,A_tropical_8,DJF,2017-12-05T22:00Z,24-48h,20,1,0.1535089,0.3031534,0.3029872,83.4367708,0.01501,0.0152317,0.0078573,
BOBOA,A_tropical_8,DJF,2017-12-29T03:00Z,24-48h,20,1,0.0354621,0.0680435,0.0679274,18.3519444,0.0035289,0.0036837,0.0061979,
TAO170W,A_tropical_8,JJA,2008-06-23T16:00Z,24-48h,25,0,-0.004182,-0.0133269,-0.0137097,11.1331111,-0.0007796,-0.0002692,0.0005121,
TAO170W,A_tropical_8,JJA,2008-07-08T12:00Z,24-48h,25,0,0.0062512,0.00828,0.0081434,18.5371875,0.0004536,0.0006357,0.0087885,
TAO170W,A_tropical_8,DJF,2015-12-04T10:00Z,24-48h,25,0,0.0684566,0.0913732,0.082594,81.5051042,0.0017474,0.0134529,0.1031211,
TAO170W,A_tropical_8,DJF,2015-12-11T06:00Z,24-48h,25,0,-0.0047811,-0.0092343,-0.0092902,10.9000347,-0.0011021,-0.0010276,-0.0020486,
TAO170W,A_tropical_8,DJF,2015-12-13T23:00Z,24-48h,25,0,-0.0071883,-0.0167382,-0.0149967,14.14875,0.0015761,-0.0007459,0.0059052,
TAO170W,A_tropical_8,DJF,2015-12-19T00:00Z,24-48h,25,0,0.0468506,0.0746677,0.0721227,62.2146701,0.002155,0.0055482,0.0217849,
TAO170W,A_tropical_8,DJF,2016-01-03T22:00Z,24-48h,25,0,-0.0097899,-0.0282438,-0.0331521,28.5066667,-0.0074675,-0.0009231,0.0035112,
TAO170W,A_tropical_8,DJF,2016-01-09T04:00Z,24-48h,25,0,0.0047577,0.011542,0.0110226,57.1551736,-0.000172,0.0005206,0.0045472,
TAO170W,A_tropical_8,DJF,2016-01-16T19:00Z,24-48h,25,0,-0.0038562,-0.0087672,5.5e-06,69.3577083,0.0112806,-0.0004163,0.0035458,
TAO170W,A_tropical_8,DJF,2016-01-18T23:00Z,24-48h,25,0,-0.0013832,-0.0034369,-0.0049398,94.4139583,-0.002128,-0.0001242,0.0019376,
TAO170W,A_tropical_8,DJF,2016-01-23T20:00Z,24-48h,25,0,-0.010622,-0.0297538,-0.0359107,28.1378472,-0.009201,-0.0009919,0.0048322,
TAO170W,A_tropical_8,DJF,2016-01-27T11:00Z,24-48h,25,0,0.0012819,0.0024942,0.0059956,20.9715833,0.0047768,0.0001082,0.0028509,
TAO170W,A_tropical_8,DJF,2016-02-02T02:00Z,24-48h,25,0,0.0169854,0.0321961,0.0272514,19.3364757,-0.004204,0.0023888,0.0022268,
TAO170W,A_tropical_8,DJF,2016-02-06T02:00Z,24-48h,25,0,0.0563004,0.0672436,0.0610296,83.2205208,6.94e-05,0.0083548,0.0736864,
TAO170W,A_tropical_8,DJF,2016-02-12T11:00Z,24-48h,25,0,0.0085937,0.011393,0.0035266,66.7226042,-0.0091631,0.0013254,0.0033488,
TAO170W,A_tropical_8,DJF,2016-02-23T11:00Z,24-48h,25,0,0.0494436,0.1040028,0.1064689,34.729,0.0083521,0.0050639,6.57e-05,
TAO170W,A_tropical_8,MAM,2016-03-03T05:00Z,24-48h,25,0,0.0138699,0.0234162,0.0207486,111.7227257,-0.0017949,0.001762,0.0152101,
TAO170W,A_tropical_8,MAM,2016-03-05T16:00Z,24-48h,25,0,0.0047457,0.011868,0.0151469,12.6614236,0.0048241,0.0004521,0.0030621,
TAO170W,A_tropical_8,MAM,2016-03-17T21:00Z,24-48h,25,0,0.0474081,0.0480624,0.0366079,63.2277569,-0.0067814,0.0084913,0.0120295,
TAO170W,A_tropical_8,MAM,2016-03-25T12:00Z,24-48h,25,0,0.0008346,0.0067469,0.0070138,17.6491667,0.0004697,0.0001139,0.0036543,
TAO170W,A_tropical_8,MAM,2016-03-27T19:00Z,24-48h,25,0,-0.0017633,-0.0070959,-0.0061541,19.4307778,0.0014564,0.0002006,0.0059463,
TAO170W,A_tropical_8,MAM,2016-03-29T20:00Z,24-48h,25,0,-0.0036241,-0.0088314,-0.0080095,18.5509722,0.0007017,-0.0003941,-0.0011341,
TAO170W,A_tropical_8,MAM,2016-04-20T09:00Z,24-48h,25,0,0.0229071,0.0589694,0.0574258,18.7754167,-0.0003819,0.0016762,0.003432,
TAO140W,A_tropical_8,JJA,2008-08-06T02:00Z,24-48h,20,1,-0.0151135,-0.0305413,-0.0304236,11.6547222,-0.0014164,-0.0015734,0.0001215,
TAO140W,A_tropical_8,JJA,2009-07-10T13:00Z,24-48h,20,1,0.0175099,0.0359672,0.0356929,15.1621875,0.0011965,0.0015624,0.0004125,
TAO140W,A_tropical_8,MAM,2015-04-12T14:00Z,24-48h,20,1,0.071472,0.0790684,0.0794895,34.6479514,0.0200298,0.0194683,0.000356,
TAO140W,A_tropical_8,JJA,2015-06-30T06:00Z,24-48h,20,1,0.0128037,0.0237475,0.0238193,25.1718056,0.0014368,0.0013411,0.0035423,
TAO140W,A_tropical_8,MAM,2016-03-03T02:00Z,24-48h,20,1,0.0443847,0.0691912,0.0694972,16.0095833,0.0059685,0.0055605,0.0016368,
TAO140W,A_tropical_8,MAM,2016-03-09T07:00Z,24-48h,20,1,0.000952,-0.0061159,-0.006132,24.2267014,0.0002106,0.000232,0.0028556,
TAO110W,A_tropical_8,MAM,2015-05-05T08:00Z,24-48h,20,1,0.0482897,0.0925204,0.0926178,18.1701042,0.0051615,0.0050316,0.0053901,
TAO110W,A_tropical_8,MAM,2015-05-06T15:00Z,24-48h,20,1,0.0449417,0.0937689,0.0938512,22.5796875,0.0038468,0.0037371,0.0021408,
