station,season,onset_utc,post_gid,post_utc,dt_post_h,n_ref,node,n_looks_post,sat_post,sat_ref,y,F_post,F_ref,S0,x,x_pix0,sig,imerg_c_post,rain_foot_cmorph_post,dropped_w_post,obs1,obs05,rim1,rim05,s1_depth
TAO165E,MAM,2015-05-29T02:00Z,RSS_SMAP_SSS_L2C_r01722_20150529T065216_2015149_FNL_V06.0,2015-05-29T07:18:08Z,5.302,2,pm,1,34.194146,34.282208,-0.088062,0.999863,0.998595,34.481075,0.043715,0.015913,0.257599,0.0,0.0,0.0,-0.093667,-0.0625,0.0,0.0,1.0
TAO165E,JJA,2015-06-24T09:00Z,RSS_SMAP_SSS_L2C_r02109_20150624T175634_2015175_FNL_V06.0,2015-06-24T19:12:10Z,10.203,3,am,2,34.182364,34.276264,-0.093899,0.987204,0.996941,34.747028,-0.338325,-0.306128,0.177975,0.001374,0.004514,0.0,0.018833,0.032,-0.401885,-0.40923,1.0
TAO165E,JJA,2015-08-05T22:00Z,RSS_SMAP_SSS_L2C_r02731_20150806T063840_2015218_FNL_V06.0,2015-08-06T07:04:05Z,9.068,2,pm,1,33.648656,33.879582,-0.230926,0.985527,0.998699,34.605221,-0.455831,-0.46097,0.200687,0.924826,1.576921,0.0,-0.062,-0.091,-0.380471,-0.390083,1.0
TAO165E,JJA,2015-08-27T02:00Z,RSS_SMAP_SSS_L2C_r03038_20150827T062708_2015239_FNL_V06.0,2015-08-27T06:53:55Z,4.899,1,pm,2,33.721517,34.746343,-1.024826,0.996868,0.999913,34.424248,-0.104827,-0.024075,0.240705,1.274027,0.910287,1e-05,-0.009333,-0.007,-0.013467,-0.013957,1.0
TAO165E,SON,2015-09-23T03:00Z,RSS_SMAP_SSS_L2C_r03433_20150923T064009_2015266_FNL_V06.0,2015-09-23T07:06:44Z,4.112,3,pm,2,34.580354,34.328393,0.251961,0.919681,0.997792,34.359188,-2.683834,-2.919683,0.171123,0.728386,1.523699,9e-06,-0.034833,-0.0475,0.045942,-0.416898,1.0
TAO165E,DJF,2019-12-06T07:00Z,RSS_SMAP_SSS_L2C_r25889_20191206T172939_2019340_FNL_V06.0,2019-12-06T18:45:34Z,11.76,2,am,2,33.088769,33.925119,-0.83635,0.889437,1.0,34.527035,-3.817427,-4.275288,0.229635,2.40969,1.930476,0.0,-0.467833,-0.434,-0.982125,-1.806896,1.0
TAO165E,DJF,2020-02-06T09:00Z,RSS_SMAP_SSS_L2C_r26796_20200206T175442_2020037_FNL_V06.0,2020-02-06T19:11:18Z,10.188,1,am,1,33.287715,34.029698,-0.741982,0.997488,0.999875,34.661976,-0.082744,-0.048088,0.198894,0.010419,0.479947,0.0,0.001833,-0.0015,-0.045715,-0.046606,1.0
TAO165E,DJF,2020-02-11T14:00Z,RSS_SMAP_SSS_L2C_r26869_20200211T174223_2020042_FNL_V06.0,2020-02-11T18:58:09Z,4.969,2,am,2,32.757529,34.123499,-1.36597,0.990927,0.99854,34.707249,-0.264221,-0.262007,0.163568,2.19197,3.883793,0.0,0.003167,0.0095,-0.238964,-0.243185,1.0
TAO165E,MAM,2020-03-17T15:00Z,RSS_SMAP_SSS_L2C_r27381_20200317T175439_2020077_FNL_V06.0,2020-03-17T19:11:18Z,4.189,3,am,1,34.221384,34.147663,0.073721,0.99678,0.999669,34.925167,-0.100899,-0.075225,0.210399,0.44699,0.968991,0.0,0.007,0.008,0.035564,0.041574,1.0
TAO165E,MAM,2020-03-24T19:00Z,RSS_SMAP_SSS_L2C_r27491_20200325T062525_2020085_FNL_V06.0,2020-03-25T06:52:12Z,11.87,2,pm,2,35.035101,34.740479,0.294622,0.99561,0.999995,34.928581,-0.153148,-0.165891,0.147307,0.0,2.7e-05,1e-05,0.0065,,-0.164278,-0.165258,1.0
BOBOA,JJA,2016-06-13T07:00Z,RSS_SMAP_SSS_L2C_r07297_20160613T113445_2016165_FNL_V06.0,2016-06-13T12:05:24Z,5.09,2,pm,2,32.552597,32.661611,-0.109015,0.993368,0.999827,33.772011,-0.218152,-0.133384,0.218155,2.772426,3.588643,0.0,-0.0415,-0.0275,-0.111852,-0.113295,1.0
BOBOA,JJA,2016-07-07T14:00Z,RSS_SMAP_SSS_L2C_r07655_20160707T230425_2016189_FNL_V06.0,2016-07-08T00:15:58Z,10.266,2,am,2,32.261364,32.446802,-0.185438,0.984959,0.999401,33.628136,-0.485649,-0.462993,0.270288,3.226767,5.048444,0.0,0.083,0.093,-0.402613,-0.405443,1.0
BOBOA,JJA,2016-07-15T19:00Z,RSS_SMAP_SSS_L2C_r07772_20160715T230429_2016197_FNL_V06.0,2016-07-16T00:16:04Z,5.268,2,am,2,32.752075,32.990996,-0.238922,0.999892,0.999976,33.530827,-0.002809,0.0,0.160041,0.0,2.3e-05,0.0,-0.0035,-0.011,0.0,0.0,1.0
BOBOA,JJA,2017-06-17T00:00Z,RSS_SMAP_SSS_L2C_r12686_20170616T230254_2017167_FNL_V06.0,2017-06-17T00:15:40Z,0.261,2,am,1,32.866786,33.255749,-0.388963,0.997029,0.999843,33.815014,-0.095167,-0.118156,0.250853,0.64861,1.288136,0.0,-0.1255,-0.126,-0.085239,-0.091171,1.0
BOBOA,JJA,2017-06-26T01:00Z,RSS_SMAP_SSS_L2C_r12825_20170626T110909_2017177_FNL_V06.0,2017-06-26T11:41:01Z,10.684,2,pm,1,32.979454,32.674915,0.30454,0.990711,0.992683,33.522861,-0.066097,-0.095653,0.370098,1.894514,3.185497,0.0,-0.043667,-0.0365,-0.220274,-0.225517,1.0
BOBOA,JJA,2017-06-29T13:00Z,RSS_SMAP_SSS_L2C_r12876_20170629T225042_2017180_FNL_V06.0,2017-06-30T00:02:27Z,11.041,1,am,2,33.330224,33.034116,0.296108,0.99836,0.999936,33.760197,-0.053211,-0.109531,0.21318,0.0,0.0,0.0,0.077667,0.067,-0.102485,-0.103304,1.0
BOBOA,JJA,2017-07-12T06:00Z,RSS_SMAP_SSS_L2C_r13059_20170712T110916_2017193_FNL_V06.0,2017-07-12T11:41:10Z,5.686,2,pm,1,32.514482,32.975061,-0.46058,0.993583,0.999984,33.225719,-0.212689,-0.109628,0.272618,2.732903,1.953696,0.0,-0.098333,-0.09,-0.077887,-0.080513,1.0
BOBOA,JJA,2017-08-16T17:00Z,RSS_SMAP_SSS_L2C_r13578_20170816T225100_2017228_FNL_V06.0,2017-08-17T00:02:45Z,7.046,2,am,2,32.785028,32.373584,0.411445,0.997907,0.998415,33.332474,-0.016934,-0.01185,0.215389,0.0,0.000556,0.0,0.060833,0.083,0.011411,0.01191,1.0
BOBOA,JJA,2017-08-24T11:00Z,RSS_SMAP_SSS_L2C_r13688_20170824T112150_2017236_FNL_V06.0,2017-08-24T11:52:35Z,0.877,2,pm,2,31.356366,32.664807,-1.308441,0.996522,0.986818,33.096733,0.321195,0.354591,0.203929,3.277004,1.885143,0.0,-0.085333,-0.0915,-0.076171,-0.081843,1.0
BOBOA,SON,2017-11-07T19:00Z,RSS_SMAP_SSS_L2C_r14792_20171107T230330_2017311_FNL_V06.0,2017-11-08T00:15:06Z,5.252,2,am,2,33.186855,32.541083,0.645773,0.999117,0.999994,33.14468,-0.029072,-0.158139,0.167575,0.225438,0.114735,0.0,-0.142167,-0.088,-0.140509,-0.144028,1.0
TAO170W,DJF,2015-12-11T06:00Z,RSS_SMAP_SSS_L2C_r04594_20151211T155335_2015345_FNL_V06.0,2015-12-11T17:09:31Z,11.159,2,am,2,34.135835,33.864511,0.271325,0.995865,0.999699,35.204529,-0.134982,-0.268082,0.238255,0.000364,0.0,9e-06,-0.008,0.0335,-0.223466,-0.262051,1.0
TAO170W,MAM,2016-03-29T20:00Z,RSS_SMAP_SSS_L2C_r06196_20160330T044909_2016090_FNL_V06.0,2016-03-30T05:15:53Z,9.265,1,pm,2,35.01237,34.930896,0.081474,0.994692,0.999999,35.129353,-0.186401,-0.13316,0.215835,0.001431,0.0,0.0,-0.061,0.027,-0.04154,-0.042029,1.0
TAO140W,MAM,2016-03-03T02:00Z,RSS_SMAP_SSS_L2C_r05800_20160303T025821_2016063_FNL_V06.0,2016-03-03T03:26:11Z,1.436,3,pm,1,34.330081,35.482463,-1.152382,0.977684,0.997474,34.932091,-0.691317,-0.585585,0.313021,0.521074,0.30912,0.0,-0.0615,-0.0705,-0.273687,-0.284619,1.0
KEO,SON,2015-09-14T01:00Z,RSS_SMAP_SSS_L2C_r03302_20150914T074129_2015257_FNL_V06.0,2015-09-14T08:15:52Z,7.265,2,pm,1,34.331851,34.549558,-0.217707,0.996332,0.999991,34.512909,-0.126291,-0.100992,0.268466,0.0,0.0,0.0,-0.344717,-0.304,-0.058489,-0.063414,1.3
KEO,SON,2015-09-27T04:00Z,RSS_SMAP_SSS_L2C_r03492_20150927T072926_2015270_FNL_V06.0,2015-09-27T08:03:45Z,4.063,2,pm,1,33.583762,34.374065,-0.790304,0.97576,0.995045,34.529747,-0.665919,-0.54493,0.211178,2.77584,2.599066,0.0,-0.124167,-0.1465,-0.495668,-0.543751,1.3
KEO,SON,2015-10-16T04:00Z,RSS_SMAP_SSS_L2C_r03770_20151016T074158_2015289_FNL_V06.0,2015-10-16T08:16:24Z,4.274,2,pm,1,33.999537,34.5755,-0.575963,0.996746,0.9992,34.590748,-0.084878,-0.107819,0.446684,1.258815,1.644907,0.0,0.000583,-0.001,-0.107937,-0.109804,1.3
KEO,SON,2015-10-27T16:00Z,RSS_SMAP_SSS_L2C_r03938_20151027T192334_2015300_FNL_V06.0,2015-10-27T20:31:33Z,4.526,2,am,1,33.128849,34.396864,-1.268015,0.995278,1.0,34.572487,-0.163262,-0.154738,0.390015,1.665574,2.323775,0.0,-0.030433,-0.016,-0.137155,-0.139044,1.3
KEO,SON,2015-11-22T05:00Z,RSS_SMAP_SSS_L2C_r04311_20151122T072928_2015326_FNL_V06.0,2015-11-22T08:06:13Z,3.104,3,pm,1,31.130993,34.342805,-3.211812,0.997108,0.99943,34.342805,-0.079735,-0.093264,0.242927,,0.608601,0.0,-0.04765,-0.028,-0.056158,-0.056497,1.3
KEO,MAM,2016-03-19T09:00Z,RSS_SMAP_SSS_L2C_r06044_20160319T192259_2016079_FNL_V06.0,2016-03-19T20:30:04Z,11.501,2,am,2,32.312356,34.486908,-2.174552,0.986703,1.0,34.804588,-0.46279,-0.487781,0.211577,3.546781,3.501761,0.0,-0.026933,-0.01,-0.391284,-0.431037,1.3
KEO,MAM,2016-04-18T23:00Z,RSS_SMAP_SSS_L2C_r06490_20160419T071637_2016110_FNL_V06.0,2016-04-19T07:52:19Z,8.872,1,pm,2,34.450501,34.272107,0.178394,0.981715,0.999286,34.765469,-0.610833,-0.666202,0.20687,0.0001,0.072487,0.0,-0.05285,-0.052,-0.607347,-0.65551,1.3
KEO,JJA,2016-06-09T04:00Z,RSS_SMAP_SSS_L2C_r07236_20160609T072831_2016161_FNL_V06.0,2016-06-09T08:05:17Z,4.088,3,pm,1,33.422003,34.871617,-1.449614,0.988605,0.997714,34.642189,-0.315569,-0.311642,0.266125,5.346962,3.832191,0.0,-0.0841,-0.093,-0.373296,-0.384402,1.3
KEO,JJA,2016-07-09T12:00Z,RSS_SMAP_SSS_L2C_r07682_20160709T192253_2016191_FNL_V06.0,2016-07-09T20:29:57Z,8.499,2,am,2,34.762351,34.063223,0.699128,0.995527,0.999987,34.589878,-0.154283,-0.14789,0.236774,0.002628,0.144806,0.0,-0.0044,-0.0125,-0.142622,-0.145085,1.3
KEO,SON,2016-10-13T17:00Z,RSS_SMAP_SSS_L2C_r09086_20161013T192257_2016287_FNL_V06.0,2016-10-13T20:30:03Z,3.501,2,am,2,33.37176,33.839659,-0.467899,0.996164,0.999898,34.602505,-0.1292,-0.219597,0.216963,0.767159,0.945144,0.0,0.009983,-0.0095,-0.190506,-0.198079,1.3
KEO,SON,2016-10-22T11:00Z,RSS_SMAP_SSS_L2C_r09218_20161022T195947_2016296_FNL_V06.0,2016-10-22T21:06:16Z,10.105,3,am,1,33.823318,34.385038,-0.56172,0.989225,0.999809,34.755413,-0.367859,-0.412637,0.227097,0.126463,0.217791,0.0,-0.0698,-0.054,-0.300858,-0.314496,1.3
KEO,JJA,2018-06-15T04:00Z,RSS_SMAP_SSS_L2C_r18000_20180615T072705_2018166_FNL_V06.0,2018-06-15T08:03:50Z,4.064,3,pm,1,32.139427,34.508595,-2.369168,0.989785,0.999546,34.719566,-0.338885,-0.360135,0.38426,11.581079,5.601138,0.0,-0.025567,-0.0325,-0.28313,-0.285524,1.3
KEO,JJA,2018-06-18T05:00Z,RSS_SMAP_SSS_L2C_r18044_20180618T073919_2018169_FNL_V06.0,2018-06-18T08:15:44Z,3.262,2,pm,1,33.214198,33.50966,-0.295461,0.988739,0.994829,34.668098,-0.211131,-0.21736,0.397195,10.692377,6.25042,0.0,-0.031933,-0.032,-0.300805,-0.306029,1.3
KEO,JJA,2018-07-14T01:00Z,RSS_SMAP_SSS_L2C_r18424_20180714T071445_2018195_FNL_V06.0,2018-07-14T07:50:58Z,6.85,2,pm,1,35.150074,34.356578,0.793496,1.0,0.99993,34.612156,0.002425,0.0,0.234853,0.0,0.0,0.0,-0.029333,-0.019,0.0,0.0,1.3
KEO,JJA,2018-07-26T20:00Z,RSS_SMAP_SSS_L2C_r18607_20180726T193223_2018207_FNL_V06.0,2018-07-26T20:39:51Z,0.664,3,am,2,33.103584,34.516283,-1.412699,0.994324,0.997443,34.566322,-0.107822,-0.151564,0.169595,1.290486,2.94424,0.0,-0.0319,-0.0855,-0.174183,-0.193385,1.3
KEO,SON,2018-10-13T02:00Z,RSS_SMAP_SSS_L2C_r19755_20181013T072732_2018286_FNL_V06.0,2018-10-13T08:01:49Z,6.03,1,pm,1,33.804826,35.063231,-1.258405,0.995685,0.978984,34.518143,0.576517,0.475064,0.285787,0.002981,0.159572,0.0,-0.0976,-0.0855,-0.086451,-0.087778,1.3
KEO,SON,2018-10-17T17:00Z,RSS_SMAP_SSS_L2C_r19821_20181017T194601_2018290_FNL_V06.0,2018-10-17T20:52:45Z,3.879,2,am,2,33.896067,34.14607,-0.250003,0.950227,0.998418,34.520626,-1.663579,-1.994099,0.181688,6.402521,4.394763,0.0,-0.194533,-0.1545,-1.14078,-1.605787,1.3
KEO,DJF,2019-02-22T14:00Z,RSS_SMAP_SSS_L2C_r21693_20190222T194502_2019053_FNL_V06.0,2019-02-22T20:51:49Z,6.864,2,am,2,34.341998,34.105097,0.236901,0.989112,0.99968,34.798492,-0.367741,-0.389227,0.304266,4.523356,5.849509,0.0,-0.010433,-0.01,-0.326486,-0.338322,1.3
KEO,MAM,2019-03-03T03:00Z,RSS_SMAP_SSS_L2C_r21817_20190303T071411_2019062_FNL_V06.0,2019-03-03T07:49:56Z,4.832,2,pm,2,32.612659,34.057687,-1.445028,0.994583,0.999532,34.839733,-0.172401,-0.139808,0.300269,2.725408,4.243788,0.0,0.001717,0.0025,-0.097219,-0.099376,1.3
KEO,MAM,2019-03-10T11:00Z,RSS_SMAP_SSS_L2C_r21927_20190310T194505_2019069_FNL_V06.0,2019-03-10T20:53:00Z,9.884,2,am,1,35.282015,34.515678,0.766337,0.992018,0.999951,34.850597,-0.276495,-0.272706,0.480743,0.213059,0.448058,0.0,-0.01215,-0.016,-0.272369,-0.274275,1.3
KEO,MAM,2019-03-15T12:00Z,RSS_SMAP_SSS_L2C_r22000_20190315T193253_2019074_FNL_V06.0,2019-03-15T20:39:48Z,8.663,2,am,2,31.763904,34.90267,-3.138766,0.995819,0.999993,34.852566,-0.145477,-0.15793,0.353409,10.720274,2.36807,0.0,0.016,0.0185,-0.130414,-0.134378,1.3
KEO,MAM,2019-05-29T15:00Z,RSS_SMAP_SSS_L2C_r23097_20190529T194546_2019149_FNL_V06.0,2019-05-29T20:51:26Z,5.857,2,am,1,35.137085,34.66886,0.468225,0.98751,1.0,34.730064,-0.433785,-0.399561,0.264113,0.539164,1.017658,0.0,-0.050633,-0.0575,-0.334465,-0.359282,1.3
KEO,JJA,2019-06-02T07:00Z,RSS_SMAP_SSS_L2C_r23148_20190602T072721_2019153_FNL_V06.0,2019-06-02T08:02:51Z,1.048,2,pm,2,34.681591,34.122591,0.559,0.985459,0.996324,34.716301,-0.377206,-0.378455,0.191063,4.098221,2.212962,0.0,-0.0087,-0.0065,-0.294473,-0.319934,1.3
KEO,DJF,2019-12-02T16:00Z,RSS_SMAP_SSS_L2C_r25832_20191202T195716_2019336_FNL_V06.0,2019-12-02T21:03:50Z,5.064,3,am,2,33.111403,34.534572,-1.423168,0.977703,0.999926,34.55291,-0.767895,-0.659729,0.189148,3.196059,2.81363,0.0,-0.046867,-0.037,-0.427933,-0.530667,1.3
KEO,DJF,2019-12-11T04:00Z,RSS_SMAP_SSS_L2C_r25956_20191211T072634_2019345_FNL_V06.0,2019-12-11T08:02:06Z,4.035,3,pm,2,33.247701,34.962909,-1.715208,0.997469,0.998024,34.578793,-0.019177,-0.013417,0.182244,0.910703,0.34373,0.0,-0.041683,-0.035,-0.063815,-0.065788,1.3
KEO,DJF,2019-12-22T02:00Z,RSS_SMAP_SSS_L2C_r26117_20191222T073902_2019356_FNL_V06.0,2019-12-22T08:14:23Z,6.24,2,pm,2,32.039886,33.591218,-1.551331,0.985372,0.999516,34.64193,-0.489985,-0.519933,0.243467,2.908262,1.427428,0.0,-0.017133,-0.007,-0.397043,-0.304536,1.3
KEO,DJF,2020-01-15T01:00Z,RSS_SMAP_SSS_L2C_r26468_20200115T073909_2020015_FNL_V06.0,2020-01-15T08:14:34Z,7.243,2,pm,2,35.316789,34.507737,0.809052,0.999766,0.999874,34.799046,-0.003743,0.000429,0.257367,0.008891,0.0,0.0,-0.089517,-0.0765,-0.002995,-0.003013,1.3
KEO,DJF,2020-02-26T03:00Z,RSS_SMAP_SSS_L2C_r27082_20200226T071444_2020057_FNL_V06.0,2020-02-26T07:50:23Z,4.84,2,pm,2,35.347534,34.695856,0.651677,0.998145,1.0,34.771004,-0.064507,-0.056373,0.277749,0.0,4e-06,0.0,-0.084367,-0.084,-0.054711,-0.056143,1.3
KEO,MAM,2020-04-18T14:00Z,RSS_SMAP_SSS_L2C_r27850_20200418T193259_2020109_FNL_V06.0,2020-04-18T20:38:41Z,6.645,2,am,1,34.22682,35.040152,-0.813332,0.998407,0.999996,34.763115,-0.055238,-0.055844,0.435641,0.0,0.0,0.0,-0.00695,-0.008,0.006444,0.007396,1.3
KEO,MAM,2020-04-26T14:00Z,RSS_SMAP_SSS_L2C_r27967_20200426T193256_2020117_FNL_V06.0,2020-04-26T20:39:49Z,6.664,2,am,2,33.000194,35.048656,-2.048462,0.913783,0.999906,34.711849,-2.989491,-3.210845,0.288135,3.963892,5.194649,0.0,-0.060417,-0.023,-0.855303,-1.713997,1.3
MOSEAN/WHOTS,DJF,2015-12-13T00:00Z,RSS_SMAP_SSS_L2C_r04616_20151213T035939_2015347_FNL_V06.0,2015-12-13T04:32:22Z,4.54,2,pm,2,34.497062,34.791521,-0.294459,0.999615,0.999857,35.059906,-0.008496,-0.052717,0.182456,0.220834,0.059628,0.0,-0.13969,-0.103,-0.037467,-0.038793,0.85
MOSEAN/WHOTS,JJA,2016-07-24T11:00Z,RSS_SMAP_SSS_L2C_r07899_20160724T152914_2016206_FNL_V06.0,2016-07-24T16:39:59Z,5.667,2,am,1,35.587008,34.896332,0.690676,0.998337,0.999296,34.98811,-0.033552,-0.05976,0.263016,0.011541,0.068273,0.0,0.00045,0.0005,-0.037638,-0.037565,0.8
MOSEAN/WHOTS,MAM,2017-05-24T09:00Z,RSS_SMAP_SSS_L2C_r12345_20170524T152747_2017144_FNL_V06.0,2017-05-24T16:37:28Z,7.625,2,am,2,35.401632,34.917845,0.483788,0.999794,0.999997,35.038891,-0.007114,-0.011166,0.209937,0.244606,0.086821,0.0,-0.052459,-0.0435,-0.002934,-0.002961,0.8
MOSEAN/WHOTS,DJF,2018-02-13T20:00Z,RSS_SMAP_SSS_L2C_r16228_20180214T033401_2018045_FNL_V06.0,2018-02-14T04:08:00Z,8.133,2,pm,1,35.591183,35.200477,0.390706,0.997948,1.0,35.06987,-0.071959,-0.066809,0.220343,0.014506,0.022834,0.0,-0.000267,-0.0015,-0.064692,-0.066342,0.97
MOSEAN/WHOTS,MAM,2018-04-13T18:00Z,RSS_SMAP_SSS_L2C_r17091_20180414T034618_2018104_FNL_V06.0,2018-04-14T04:19:07Z,10.319,1,pm,2,35.382103,34.858383,0.52372,0.999975,0.999902,35.022167,0.002542,0.007274,0.21867,0.00212,0.044874,0.0,0.012341,0.016,0.000209,0.000209,0.97
MOSEAN/WHOTS,JJA,2018-08-28T04:00Z,RSS_SMAP_SSS_L2C_r19080_20180828T034538_2018240_FNL_V06.0,2018-08-28T04:17:17Z,0.288,2,pm,1,33.245824,34.690863,-1.445038,0.996472,0.999143,35.167,-0.093922,-0.198198,0.313258,1.513638,2.416869,0.0,-0.032653,-0.0185,-0.03212,-0.033117,0.97
MOSEAN/WHOTS,SON,2018-10-19T20:00Z,RSS_SMAP_SSS_L2C_r19855_20181020T033341_2018293_FNL_V06.0,2018-10-20T04:05:47Z,8.096,1,pm,1,35.167903,34.837481,0.330423,0.99945,1.0,34.988056,-0.019258,0.0,0.206363,0.0,0.0,0.0,-0.068522,-0.076,0.0,0.0,0.72
MOSEAN/WHOTS,DJF,2019-02-10T12:00Z,RSS_SMAP_SSS_L2C_r21515_20190210T153907_2019041_FNL_V06.0,2019-02-10T16:47:25Z,4.79,2,am,1,35.250246,35.133387,0.11686,0.998881,0.999786,35.104008,-0.031789,-0.044948,0.551378,0.85047,0.514974,0.0,-0.034747,-0.034,-0.044561,-0.044728,0.72
MOSEAN/WHOTS,MAM,2019-05-04T13:00Z,RSS_SMAP_SSS_L2C_r22729_20190504T155151_2019124_FNL_V06.0,2019-05-04T17:00:23Z,4.007,2,am,1,33.905567,34.813008,-0.907441,0.99605,0.999728,35.147663,-0.129259,-0.130125,0.320146,1.930622,1.265709,0.0,-0.014963,-0.0345,-0.119085,-0.11979,0.72
MOSEAN/WHOTS,DJF,2021-12-04T22:00Z,RSS_SMAP_SSS_L2C_r36557_20211205T035611_2021339_FNL_V06.0,2021-12-05T04:29:54Z,6.498,2,pm,1,35.579665,35.058176,0.521489,0.999718,0.99942,35.178204,0.010465,0.019226,0.211701,0.010317,0.001045,0.0,-0.017498,-0.031,0.001477,0.001478,0.9
MOSEAN/WHOTS,DJF,2021-12-06T17:00Z,RSS_SMAP_SSS_L2C_r36586_20211207T033131_2021341_FNL_V06.0,2021-12-07T04:05:30Z,11.092,2,pm,1,31.000409,35.465701,-4.465292,0.881221,0.999473,35.16148,-4.157919,-4.321269,0.362107,,12.278164,0.0,-0.893848,-0.8395,-3.120894,-3.438833,0.9
MOSEAN/WHOTS,DJF,2021-12-30T21:00Z,RSS_SMAP_SSS_L2C_r36937_20211231T033110_2021365_FNL_V06.0,2021-12-31T04:03:19Z,7.055,2,pm,1,34.975588,34.857069,0.118519,0.998695,0.999992,34.857069,-0.045224,-0.081506,0.377662,,0.111931,0.0,0.000387,0.0005,-0.073966,-0.074076,0.9
MOSEAN/WHOTS,DJF,2023-01-25T04:00Z,RSS_SMAP_SSS_L2C_r42641_20230125T034407_2023025_FNL_V06.0,2023-01-25T04:18:07Z,0.302,1,pm,1,33.197564,34.765365,-1.567801,0.99474,0.999989,35.096188,-0.184243,-0.20253,0.432794,0.179599,0.516048,0.0,-0.704444,-0.006,-0.132781,-0.155853,0.75
MOSEAN/WHOTS,DJF,2023-02-03T14:00Z,RSS_SMAP_SSS_L2C_r42780_20230203T154958_2023034_FNL_V06.0,2023-02-03T16:59:21Z,2.989,2,am,2,34.378961,34.996316,-0.617354,0.997731,0.999125,35.087559,-0.048928,-0.044729,0.197398,0.422294,1.129635,0.0,-0.035293,-0.0215,-0.063933,-0.064627,0.75
Papa,JJA,2015-08-09T16:00Z,RSS_SMAP_SSS_L2C_r02780_20150809T150324_2015221_FNL_V06.0,2015-08-09T16:05:32Z,0.092,2,am,2,32.368423,31.642097,0.726327,0.998428,0.999962,32.496117,-0.049833,-0.039986,0.22111,2.966637,1.409249,0.0,-0.00455,-0.026,0.0,0.0,1.3
Papa,SON,2015-10-14T18:00Z,RSS_SMAP_SSS_L2C_r03752_20151015T020941_2015288_FNL_V06.0,2015-10-15T02:50:19Z,8.839,4,pm,2,32.478358,32.87793,-0.399573,0.991139,0.999752,32.503624,-0.279969,-0.320349,0.33093,2.188354,2.514677,0.0,-0.01545,-0.0115,-0.29438,-0.299994,1.3
Papa,SON,2015-10-30T20:00Z,RSS_SMAP_SSS_L2C_r03986_20151031T020945_2015304_FNL_V06.0,2015-10-31T02:49:15Z,6.821,1,pm,1,30.849571,32.638112,-1.788541,0.986298,0.999999,32.638112,-0.447198,-0.49651,0.373251,,0.000207,0.0,-0.06065,-0.073,-0.45447,-0.488019,1.3
Papa,DJF,2016-12-07T10:00Z,RSS_SMAP_SSS_L2C_r09888_20161207T152825_2016342_FNL_V06.0,2016-12-07T16:30:18Z,6.505,4,am,2,33.761266,31.881054,1.880212,1.0,1.0,32.689095,0.0,0.0,0.322892,0.000173,0.0,0.0,-0.034017,-0.0305,0.0,0.0,1.3
Papa,MAM,2017-04-24T18:00Z,RSS_SMAP_SSS_L2C_r11913_20170425T023258_2017115_FNL_V06.0,2017-04-25T03:13:19Z,9.222,4,pm,2,30.456205,32.698619,-2.242414,0.99547,0.999766,32.674709,-0.140361,-0.199184,0.46133,0.833124,0.306399,0.0,-0.024567,-0.019,-0.174448,-0.183226,1.3
Papa,MAM,2017-05-01T22:00Z,RSS_SMAP_SSS_L2C_r12015_20170502T015554_2017122_FNL_V06.0,2017-05-02T02:37:19Z,4.622,3,pm,1,31.444058,32.436721,-0.992663,0.999949,0.99954,32.653553,0.013386,0.012038,0.75782,0.92105,0.0,0.0,-0.001467,-0.001,0.0,0.0,1.3
Papa,JJA,2017-06-28T03:00Z,RSS_SMAP_SSS_L2C_r12849_20170628T023215_2017179_FNL_V06.0,2017-06-28T03:13:46Z,0.23,2,pm,1,32.259733,32.10084,0.158893,0.997507,1.0,32.51149,-0.081063,-0.076174,0.774161,1.084647,0.7676,0.0,-0.005883,-0.0055,-0.03221,-0.031666,1.3
Papa,SON,2017-09-04T22:00Z,RSS_SMAP_SSS_L2C_r13858_20170905T022018_2017248_FNL_V06.0,2017-09-05T03:01:02Z,5.017,4,pm,2,30.474382,32.128386,-1.654005,0.955965,0.999742,32.451408,-1.420637,-1.54922,0.379625,2.166688,1.17807,0.0,-0.060583,-0.056,-0.618804,-1.097304,1.3
Papa,SON,2018-09-03T03:00Z,RSS_SMAP_SSS_L2C_r19167_20180903T023153_2018246_FNL_V06.0,2018-09-03T03:12:13Z,0.204,3,pm,2,32.021448,32.045967,-0.024518,0.993918,0.999648,32.436832,-0.185887,-0.174459,0.233177,1.223631,1.945203,0.0,-0.01295,-0.01,-0.117639,-0.12845,1.3
Papa,DJF,2020-12-11T15:00Z,RSS_SMAP_SSS_L2C_r31320_20201212T015307_2020347_FNL_V06.0,2020-12-12T02:33:57Z,11.566,2,pm,2,31.467861,32.283551,-0.81569,0.996507,0.999648,32.453636,-0.101942,-0.101212,0.466246,3.008496,0.810702,0.0,-0.00695,-0.007,-0.103211,-0.106216,1.3
Papa,JJA,2022-06-23T00:00Z,RSS_SMAP_SSS_L2C_r39481_20220623T021751_2022174_FNL_V06.0,2022-06-23T02:57:13Z,2.954,4,pm,1,31.950082,32.4176,-0.467518,0.993478,0.999865,32.487244,-0.207467,-0.271004,0.51319,0.395818,2.511435,0.0,-0.013733,-0.0135,-0.227171,-0.239249,1.3
Papa,MAM,2023-04-28T00:00Z,RSS_SMAP_SSS_L2C_r44000_20230428T015302_2023118_FNL_V06.0,2023-04-28T02:34:27Z,2.574,3,pm,1,31.155631,31.778847,-0.623216,0.99824,0.996605,32.629456,0.053369,0.015602,0.549167,0.151452,0.52415,0.0,-0.017433,-0.0145,-0.068564,-0.077536,1.3
Papa,SON,2023-10-16T21:00Z,RSS_SMAP_SSS_L2C_r46516_20231017T024155_2023290_FNL_V06.0,2023-10-17T03:22:00Z,6.367,3,pm,2,32.008905,32.435567,-0.426662,0.99692,0.999701,32.312237,-0.089866,-0.087992,0.283353,0.005684,0.007376,0.0,-0.008983,-0.007,-0.097333,-0.097771,1.3
Papa,SON,2023-10-29T02:00Z,RSS_SMAP_SSS_L2C_r46691_20231029T015241_2023302_FNL_V06.0,2023-10-29T02:33:32Z,0.559,2,pm,2,31.795027,31.740485,0.054542,0.996721,0.999693,32.347569,-0.096145,-0.087505,0.532983,1.246318,3.182233,0.0,-0.0044,-0.0065,-0.036834,-0.038007,1.3
Papa,SON,2023-11-25T02:00Z,RSS_SMAP_SSS_L2C_r47086_20231125T020449_2023329_FNL_V06.0,2023-11-25T02:45:38Z,0.761,4,pm,2,32.704071,31.982107,0.721964,0.996679,0.998931,32.374523,-0.072892,-0.103649,0.365405,0.870729,1.017925,0.0,-0.008383,-0.009,-0.089015,-0.104028,1.3
Papa,DJF,2024-02-20T20:00Z,RSS_SMAP_SSS_L2C_r48373_20240221T020523_2024052_FNL_V06.0,2024-02-21T02:46:00Z,6.767,4,pm,2,31.523193,32.68084,-1.157647,0.997978,0.999977,32.462559,-0.064898,-0.077397,0.344971,0.551942,0.144757,0.0,-0.014117,-0.021,-0.060818,-0.074678,1.3
Papa,MAM,2024-03-14T15:00Z,RSS_SMAP_SSS_L2C_r48703_20240314T153811_2024074_FNL_V06.0,2024-03-14T16:39:49Z,1.664,2,am,2,30.858512,32.248914,-1.390402,0.98725,0.999717,32.44875,-0.404544,-0.387202,0.411272,1.266695,4.071369,0.0,-0.011133,-0.0195,-0.271419,-0.294012,1.3
Papa,SON,2024-09-21T08:00Z,RSS_SMAP_SSS_L2C_r51496_20240921T150138_2024265_FNL_V06.0,2024-09-21T16:03:45Z,8.063,4,am,2,33.239535,31.730518,1.509017,0.995225,0.999764,32.249302,-0.146389,-0.169051,0.338819,0.003676,0.000268,0.0,-0.020783,-0.0195,-0.150246,-0.152128,1.3
Papa,SON,2024-09-30T00:00Z,RSS_SMAP_SSS_L2C_r51620_20240930T023035_2024274_FNL_V06.0,2024-09-30T03:12:06Z,3.202,4,pm,1,26.748,32.316026,-5.568026,0.993265,0.999677,32.346199,-0.207392,-0.20541,0.907757,8.117883,7.649196,0.0,-0.015983,-0.015,-0.176246,-0.179085,1.3
Papa,DJF,2025-01-27T23:00Z,RSS_SMAP_SSS_L2C_r53375_20250128T023006_2025028_FNL_V06.0,2025-01-28T03:11:39Z,4.194,4,pm,1,31.040049,32.922814,-1.882765,0.992535,0.999651,32.533474,-0.231507,-0.242026,0.562628,2.056868,2.194142,0.0,-0.022,-0.018,-0.197954,-0.210733,1.3
