key,kind,label,n,clusters_station_season,clusters_station,stations,sum_num,sum_den,R,ss_lo,ss_hi,st_lo,st_hi,jk_lo,jk_hi,loo_lo,loo_hi,frac_den_nonneg,p5_gate_met,category,station_same_side,jackknife_same_side
T1,main,"T1 overpass [0,3) h after rain",16,8,5,5,-8.17761,-2.32187,3.52199,0.76307,12.95958,1.19891,16.74854,-3.47905,10.52302,2.27966,5.74105,0.0012,False,"compatible with R2, incompatible with R1",True,False
T2,main,"T2 overpass [3,6) h after rain",31,16,5,5,-26.94948,-10.73196,2.51114,1.13679,4.38661,0.68396,4.63613,0.0372,4.98508,1.89651,3.2533,0.0,True,"compatible with R2, incompatible with R1",True,False
T3,main,"T3 overpass [6,9) h after rain",23,10,4,4,-4.43786,-5.54248,0.8007,-4.89485,2.66908,-15.04006,1.36794,-5.36147,6.96286,-1.58967,1.16146,0.0251,False,not evaluable (unstable denominator or interval not computable),,
T4,main,"T4 overpass [9,12) h after rain",17,12,6,6,-9.81014,-11.27864,0.8698,0.21477,1.92351,0.27203,2.56206,-0.30429,2.04388,0.6118,1.27529,0.0,False,cannot distinguish in this class,True,True
W1,main,W1 overpass central cell IMERG > 0.1 mm/h,58,18,6,6,-46.48195,-23.43607,1.98335,1.22641,3.27871,0.8161,4.46603,-0.01969,3.98639,1.54949,2.70782,0.0,True,"compatible with R2, incompatible with R1",True,False
W0,main,W0 overpass central cell IMERG <= 0.1 mm/h,25,16,6,6,6.45399,-1.70881,-3.7769,-19.58402,2.20923,-10.79162,-0.34252,-10.93786,3.38407,-6.01143,-2.371,0.0263,False,not evaluable (unstable denominator or interval not computable),,
D1_6to12,descriptive,"D1 [6,12) h combined",40,16,6,6,-14.24799,-16.82112,0.84703,-0.05912,1.57597,0.1264,1.54328,-0.18448,1.87854,0.52574,1.05561,0.0,True,cannot distinguish in this class,True,True
D2_T1_noKEOPapa,descriptive,"D2 T1 [0,3) h excluding KEO/Papa",6,4,3,3,-6.47998,-0.79238,8.17785,-56.21665,471.89556,-56.21665,20.92169,-127.55735,143.91304,4.69612,52.71456,0.1088,False,not evaluable (unstable denominator or interval not computable),,
D2_T2_noKEOPapa,descriptive,"D2 T2 [3,6) h excluding KEO/Papa",13,9,3,3,-2.71028,-3.77588,0.71779,-0.47131,4.84075,0.35171,1.94176,0.24338,1.19219,0.64821,0.83673,0.0,False,cannot distinguish in this class,True,True
D2_T3_noKEOPapa,descriptive,"D2 T3 [6,9) h excluding KEO/Papa",6,4,2,2,2.25637,-0.15002,-15.04006,-43.88638,-10.39369,-24.29698,-13.86224,,,,,0.0,False,"compatible with R1, incompatible with R2",True,
D2_T4_noKEOPapa,descriptive,"D2 T4 [9,12) h excluding KEO/Papa",12,8,4,4,-4.7821,-9.92919,0.48162,-1.10005,0.87217,-0.82908,0.87288,-0.55268,1.51592,0.14558,0.62451,0.0,False,cannot distinguish in this class,True,True
D2_D1_noKEOPapa,descriptive,"D2 D1 [6,12) h excluding KEO/Papa",18,9,4,4,-2.52573,-10.07922,0.25059,-1.97865,0.59781,-1.25038,0.44592,-0.3463,0.84748,0.0741,0.35447,0.0,False,"compatible with R1, incompatible with R2",True,False
D3_6to12_W0,descriptive,"D3 [6,12) h and IMERG <= 0.1",21,15,6,6,5.43862,-1.65166,-3.29283,-18.60015,3.60872,-10.38916,-0.1573,-10.45494,3.86928,-5.55009,-1.74937,0.0317,False,not evaluable (unstable denominator or interval not computable),,
D3_6to12_W1,descriptive,"D3 [6,12) h and IMERG > 0.1 (comparison)",16,10,5,5,-13.5513,-10.51913,1.28825,0.44033,3.14823,-0.02569,4.6796,-0.91339,3.4899,0.89972,1.99877,0.0,False,cannot distinguish in this class,True,True
