product,station,season,onset_utc,post_utc,u_tr,u10_event,bin_t,bin_8,bin_e
RSS,TAO165E,MAM,2015-05-29T02:00Z,2015-05-29T07:18:08Z,3.431434,3.85727,L,L,L
RSS,TAO165E,JJA,2015-06-24T09:00Z,2015-06-24T19:12:10Z,6.210987,4.394168,M,L,L
RSS,TAO165E,JJA,2015-08-05T22:00Z,2015-08-06T07:04:05Z,5.850641,8.258077,L,L,M
RSS,TAO165E,JJA,2015-08-27T02:00Z,2015-08-27T06:53:55Z,3.818942,4.355236,L,L,L
RSS,TAO165E,SON,2015-09-23T03:00Z,2015-09-23T07:06:44Z,0.974201,2.280682,L,L,L
RSS,TAO165E,DJF,2019-12-06T07:00Z,2019-12-06T18:45:34Z,0.776826,5.103089,L,L,L
RSS,TAO165E,DJF,2020-02-06T09:00Z,2020-02-06T19:11:18Z,8.474466,5.523794,M,H,L
RSS,TAO165E,DJF,2020-02-11T14:00Z,2020-02-11T18:58:09Z,9.551882,8.738538,H,H,M
RSS,TAO165E,MAM,2020-03-17T15:00Z,2020-03-17T19:11:18Z,8.510681,6.296697,M,H,M
RSS,TAO165E,MAM,2020-03-24T19:00Z,2020-03-25T06:52:12Z,6.093286,11.206334,M,L,H
RSS,BOBOA,JJA,2016-06-13T07:00Z,2016-06-13T12:05:24Z,10.882808,9.8908,H,H,H
RSS,BOBOA,JJA,2016-07-07T14:00Z,2016-07-08T00:15:58Z,11.60531,11.921594,H,H,H
RSS,BOBOA,JJA,2016-07-15T19:00Z,2016-07-16T00:16:04Z,7.701261,8.266226,M,L,M
RSS,BOBOA,JJA,2017-06-17T00:00Z,2017-06-17T00:15:40Z,6.940732,7.854273,M,L,M
RSS,BOBOA,JJA,2017-06-26T01:00Z,2017-06-26T11:41:01Z,9.38529,9.730546,H,H,H
RSS,BOBOA,JJA,2017-06-29T13:00Z,2017-06-30T00:02:27Z,10.10236,7.74804,H,H,M
RSS,BOBOA,JJA,2017-07-12T06:00Z,2017-07-12T11:41:10Z,8.57587,8.593072,M,H,M
RSS,BOBOA,JJA,2017-08-16T17:00Z,2017-08-17T00:02:45Z,9.798148,9.06961,H,H,M
RSS,BOBOA,JJA,2017-08-24T11:00Z,2017-08-24T11:52:35Z,7.779125,8.464507,M,L,M
RSS,BOBOA,SON,2017-11-07T19:00Z,2017-11-08T00:15:06Z,7.185188,7.313754,M,L,M
RSS,TAO170W,DJF,2015-12-11T06:00Z,2015-12-11T17:09:31Z,2.131292,2.096284,L,L,L
RSS,TAO170W,MAM,2016-03-29T20:00Z,2016-03-30T05:15:53Z,7.464049,7.401275,M,L,M
RSS,TAO140W,MAM,2016-03-03T02:00Z,2016-03-03T03:26:11Z,2.68177,2.36609,L,L,L
RSS,KEO,SON,2015-09-14T01:00Z,2015-09-14T08:15:52Z,3.712106,3.546117,L,L,L
RSS,KEO,SON,2015-09-27T04:00Z,2015-09-27T08:03:45Z,5.703967,7.403086,L,L,M
RSS,KEO,SON,2015-10-16T04:00Z,2015-10-16T08:16:24Z,13.526551,13.390742,H,H,H
RSS,KEO,SON,2015-10-27T16:00Z,2015-10-27T20:31:33Z,16.278942,14.872567,H,H,H
RSS,KEO,SON,2015-11-22T05:00Z,2015-11-22T08:06:13Z,16.659206,13.997355,H,H,H
RSS,KEO,MAM,2016-03-19T09:00Z,2016-03-19T20:30:04Z,5.722075,12.18959,L,L,H
RSS,KEO,MAM,2016-04-18T23:00Z,2016-04-19T07:52:19Z,5.703967,4.973618,L,L,L
RSS,KEO,JJA,2016-06-09T04:00Z,2016-06-09T08:05:17Z,8.474466,9.648457,M,H,H
RSS,KEO,JJA,2016-07-09T12:00Z,2016-07-09T20:29:57Z,8.909054,8.223974,M,H,M
RSS,KEO,SON,2016-10-13T17:00Z,2016-10-13T20:30:03Z,11.197989,10.872451,H,H,H
RSS,KEO,SON,2016-10-22T11:00Z,2016-10-22T21:06:16Z,5.388215,5.724432,L,L,L
RSS,KEO,JJA,2018-06-15T04:00Z,2018-06-15T08:03:50Z,14.277367,13.951831,H,H,H
RSS,KEO,JJA,2018-06-18T05:00Z,2018-06-18T08:15:44Z,13.376732,12.16618,H,H,H
RSS,KEO,JJA,2018-07-14T01:00Z,2018-07-14T07:50:58Z,3.204093,4.036091,L,L,L
RSS,KEO,JJA,2018-07-26T20:00Z,2018-07-26T20:39:51Z,8.330723,8.58702,M,H,M
RSS,KEO,SON,2018-10-13T02:00Z,2018-10-13T08:01:49Z,12.523041,10.605743,H,H,H
RSS,KEO,SON,2018-10-17T17:00Z,2018-10-17T20:52:45Z,3.335983,4.292586,L,L,L
RSS,KEO,DJF,2019-02-22T14:00Z,2019-02-22T20:51:49Z,9.953954,11.61846,H,H,H
RSS,KEO,MAM,2019-03-03T03:00Z,2019-03-03T07:49:56Z,13.699677,13.027445,H,H,H
RSS,KEO,MAM,2019-03-10T11:00Z,2019-03-10T20:53:00Z,19.422395,14.299023,H,H,H
RSS,KEO,MAM,2019-03-15T12:00Z,2019-03-15T20:39:48Z,15.195708,6.942754,H,H,M
RSS,KEO,MAM,2019-05-29T15:00Z,2019-05-29T20:51:26Z,4.728503,8.606062,L,L,M
RSS,KEO,JJA,2019-06-02T07:00Z,2019-06-02T08:02:51Z,6.76278,8.127821,M,L,M
RSS,KEO,DJF,2019-12-02T16:00Z,2019-12-02T21:03:50Z,3.230586,7.701537,L,L,M
RSS,KEO,DJF,2019-12-11T04:00Z,2019-12-11T08:02:06Z,6.724847,7.79901,M,L,M
RSS,KEO,DJF,2019-12-22T02:00Z,2019-12-22T08:14:23Z,10.975783,7.805841,H,H,M
RSS,KEO,DJF,2020-01-15T01:00Z,2020-01-15T08:14:34Z,12.779486,10.53809,H,H,H
RSS,KEO,DJF,2020-02-26T03:00Z,2020-02-26T07:50:23Z,10.049748,11.168173,H,H,H
RSS,KEO,MAM,2020-04-18T14:00Z,2020-04-18T20:38:41Z,11.066816,12.285709,H,H,H
RSS,KEO,MAM,2020-04-26T14:00Z,2020-04-26T20:39:49Z,1.938057,6.519447,L,L,M
RSS,MOSEAN/WHOTS,DJF,2015-12-13T00:00Z,2015-12-13T04:32:22Z,4.847775,4.623016,L,L,L
RSS,MOSEAN/WHOTS,JJA,2016-07-24T11:00Z,2016-07-24T16:39:59Z,8.901956,8.91035,M,H,M
RSS,MOSEAN/WHOTS,MAM,2017-05-24T09:00Z,2017-05-24T16:37:28Z,7.543973,8.366381,M,L,M
RSS,MOSEAN/WHOTS,DJF,2018-02-13T20:00Z,2018-02-14T04:08:00Z,1.578993,4.378295,L,L,L
RSS,MOSEAN/WHOTS,MAM,2018-04-13T18:00Z,2018-04-14T04:19:07Z,9.470566,8.167035,H,H,M
RSS,MOSEAN/WHOTS,JJA,2018-08-28T04:00Z,2018-08-28T04:17:17Z,11.210133,11.188897,H,H,H
RSS,MOSEAN/WHOTS,SON,2018-10-19T20:00Z,2018-10-20T04:05:47Z,4.76826,4.506571,L,L,L
RSS,MOSEAN/WHOTS,DJF,2019-02-10T12:00Z,2019-02-10T16:47:25Z,12.442935,12.057431,H,H,H
RSS,MOSEAN/WHOTS,MAM,2019-05-04T13:00Z,2019-05-04T17:00:23Z,11.995838,10.52676,H,H,H
RSS,MOSEAN/WHOTS,DJF,2021-12-04T22:00Z,2021-12-05T04:29:54Z,3.96615,3.155351,L,L,L
RSS,MOSEAN/WHOTS,DJF,2021-12-06T17:00Z,2021-12-07T04:05:30Z,3.975855,7.825218,L,L,M
RSS,MOSEAN/WHOTS,DJF,2021-12-30T21:00Z,2021-12-31T04:03:19Z,10.8977,10.19584,H,H,H
RSS,MOSEAN/WHOTS,DJF,2023-01-25T04:00Z,2023-01-25T04:18:07Z,5.412082,5.17724,L,L,L
RSS,MOSEAN/WHOTS,DJF,2023-02-03T14:00Z,2023-02-03T16:59:21Z,9.875946,9.729392,H,H,H
RSS,Papa,JJA,2015-08-09T16:00Z,2015-08-09T16:05:32Z,6.577429,7.025316,M,L,M
RSS,Papa,SON,2015-10-14T18:00Z,2015-10-15T02:50:19Z,13.209346,15.209968,H,H,H
RSS,Papa,SON,2015-10-30T20:00Z,2015-10-31T02:49:15Z,8.595188,6.576404,M,H,M
RSS,Papa,DJF,2016-12-07T10:00Z,2016-12-07T16:30:18Z,4.045422,4.018168,L,L,L
RSS,Papa,MAM,2017-04-24T18:00Z,2017-04-25T03:13:19Z,5.593658,8.505001,L,L,M
RSS,Papa,MAM,2017-05-01T22:00Z,2017-05-02T02:37:19Z,9.884846,9.473275,H,H,H
RSS,Papa,JJA,2017-06-28T03:00Z,2017-06-28T03:13:46Z,11.357922,11.744994,H,H,H
RSS,Papa,SON,2017-09-04T22:00Z,2017-09-05T03:01:02Z,2.753744,3.531431,L,L,L
RSS,Papa,SON,2018-09-03T03:00Z,2018-09-03T03:12:13Z,6.875007,7.191454,M,L,M
RSS,Papa,DJF,2020-12-11T15:00Z,2020-12-12T02:33:57Z,11.02767,13.508443,H,H,H
RSS,Papa,JJA,2022-06-23T00:00Z,2022-06-23T02:57:13Z,9.995524,10.185656,H,H,H
RSS,Papa,MAM,2023-04-28T00:00Z,2023-04-28T02:34:27Z,7.062055,7.294439,M,L,M
RSS,Papa,SON,2023-10-16T21:00Z,2023-10-17T03:22:00Z,7.750152,13.318311,M,L,H
RSS,Papa,SON,2023-10-29T02:00Z,2023-10-29T02:33:32Z,14.613021,13.786097,H,H,H
RSS,Papa,SON,2023-11-25T02:00Z,2023-11-25T02:45:38Z,7.062055,9.735978,M,L,H
RSS,Papa,DJF,2024-02-20T20:00Z,2024-02-21T02:46:00Z,4.798576,9.325534,L,L,M
RSS,Papa,MAM,2024-03-14T15:00Z,2024-03-14T16:39:49Z,7.243133,7.001695,M,L,M
RSS,Papa,SON,2024-09-21T08:00Z,2024-09-21T16:03:45Z,9.072024,8.658562,M,H,M
RSS,Papa,SON,2024-09-30T00:00Z,2024-09-30T03:12:06Z,18.795931,16.260834,H,H,H
RSS,Papa,DJF,2025-01-27T23:00Z,2025-01-28T03:11:39Z,10.158494,7.771278,H,H,M
JPL,TAO165E,JJA,2015-06-24T09:00Z,2015-06-24T19:11:07Z,6.210987,4.394168,M,L,L
JPL,TAO165E,JJA,2015-08-05T22:00Z,2015-08-06T07:04:04Z,5.850641,8.258077,L,L,M
JPL,TAO165E,JJA,2015-08-27T02:00Z,2015-08-27T06:52:38Z,3.818942,4.355236,L,L,L
JPL,TAO165E,SON,2015-09-07T07:00Z,2015-09-07T07:05:10Z,2.444557,2.233601,L,L,L
JPL,TAO165E,SON,2015-09-23T03:00Z,2015-09-23T07:05:32Z,0.974201,2.280682,L,L,L
JPL,TAO165E,DJF,2019-12-06T07:00Z,2019-12-06T18:44:16Z,0.776826,5.103089,L,L,L
JPL,TAO165E,DJF,2020-02-06T09:00Z,2020-02-06T19:09:20Z,8.474466,5.523794,M,H,L
JPL,TAO165E,DJF,2020-02-11T14:00Z,2020-02-11T18:57:04Z,9.551882,8.738538,H,H,M
JPL,TAO165E,MAM,2020-03-17T15:00Z,2020-03-17T19:09:04Z,8.510681,6.296697,M,H,M
JPL,TAO165E,MAM,2020-03-24T19:00Z,2020-03-25T06:50:56Z,6.093286,11.206334,M,L,H
JPL,BOBOA,MAM,2016-05-22T05:00Z,2016-05-22T11:39:32Z,10.488057,8.336846,H,H,M
JPL,BOBOA,JJA,2016-06-13T07:00Z,2016-06-13T12:04:12Z,10.882808,9.8908,H,H,H
JPL,BOBOA,JJA,2016-07-07T14:00Z,2016-07-08T00:14:52Z,11.60531,11.921594,H,H,H
JPL,BOBOA,JJA,2016-07-15T19:00Z,2016-07-16T00:15:00Z,7.701261,8.266226,M,L,M
JPL,BOBOA,JJA,2017-06-17T00:00Z,2017-06-17T00:13:20Z,6.940732,7.854273,M,L,M
JPL,BOBOA,JJA,2017-06-26T01:00Z,2017-06-26T11:38:48Z,9.38529,9.730546,H,H,H
JPL,BOBOA,JJA,2017-06-29T13:00Z,2017-06-30T00:01:20Z,10.10236,7.74804,H,H,M
JPL,BOBOA,JJA,2017-07-12T06:00Z,2017-07-12T11:38:56Z,8.57587,8.593072,M,H,M
JPL,BOBOA,JJA,2017-08-16T17:00Z,2017-08-17T00:01:36Z,9.798148,9.06961,H,H,M
JPL,BOBOA,JJA,2017-08-24T11:00Z,2017-08-24T11:51:20Z,7.779125,8.464507,M,L,M
JPL,BOBOA,SON,2017-11-07T19:00Z,2017-11-08T00:14:00Z,7.185188,7.313754,M,L,M
JPL,TAO170W,DJF,2015-12-11T06:00Z,2015-12-11T17:08:22Z,2.131292,2.096284,L,L,L
JPL,TAO170W,MAM,2016-03-27T19:00Z,2016-03-28T05:39:00Z,4.852899,4.206148,L,L,L
JPL,TAO170W,MAM,2016-03-29T20:00Z,2016-03-30T05:14:40Z,7.464049,7.401275,M,L,M
JPL,TAO140W,MAM,2016-03-03T02:00Z,2016-03-03T03:23:44Z,2.68177,2.36609,L,L,L
JPL,KEO,SON,2015-09-14T01:00Z,2015-09-14T08:15:40Z,3.712106,3.546117,L,L,L
JPL,KEO,SON,2015-09-18T11:00Z,2015-09-18T21:05:34Z,12.892777,5.731129,H,H,L
JPL,KEO,SON,2015-09-27T04:00Z,2015-09-27T08:03:44Z,5.703967,7.403086,L,L,M
JPL,KEO,SON,2015-10-16T04:00Z,2015-10-16T08:16:10Z,13.526551,13.390742,H,H,H
JPL,KEO,SON,2015-10-27T16:00Z,2015-10-27T20:29:28Z,16.278942,14.872567,H,H,H
JPL,KEO,SON,2015-11-22T05:00Z,2015-11-22T08:03:46Z,16.659206,13.997355,H,H,H
JPL,KEO,DJF,2015-12-07T17:00Z,2015-12-07T21:05:22Z,13.436012,8.226992,H,H,M
JPL,KEO,MAM,2016-03-19T09:00Z,2016-03-19T20:28:52Z,5.722075,12.18959,L,L,H
JPL,KEO,MAM,2016-04-18T23:00Z,2016-04-19T07:51:04Z,5.703967,4.973618,L,L,L
JPL,KEO,JJA,2016-06-09T04:00Z,2016-06-09T08:02:48Z,8.474466,9.648457,M,H,H
JPL,KEO,JJA,2016-07-09T12:00Z,2016-07-09T20:28:44Z,8.909054,8.223974,M,H,M
JPL,KEO,SON,2016-10-13T17:00Z,2016-10-13T20:28:52Z,11.197989,10.872451,H,H,H
JPL,KEO,SON,2016-10-22T11:00Z,2016-10-22T21:05:20Z,5.388215,5.724432,L,L,L
JPL,KEO,JJA,2018-06-03T14:00Z,2018-06-03T20:51:28Z,4.386659,3.733412,L,L,L
JPL,KEO,JJA,2018-06-15T04:00Z,2018-06-15T08:01:20Z,14.277367,13.951831,H,H,H
JPL,KEO,JJA,2018-06-18T05:00Z,2018-06-18T08:13:28Z,13.376732,12.16618,H,H,H
JPL,KEO,JJA,2018-07-14T01:00Z,2018-07-14T07:48:40Z,3.204093,4.036091,L,L,L
JPL,KEO,JJA,2018-07-26T20:00Z,2018-07-26T20:38:16Z,8.330723,8.58702,M,H,M
JPL,KEO,SON,2018-10-13T02:00Z,2018-10-13T08:01:52Z,12.523041,10.605743,H,H,H
JPL,KEO,SON,2018-10-17T17:00Z,2018-10-17T20:51:44Z,3.335983,4.292586,L,L,L
JPL,KEO,DJF,2019-02-22T14:00Z,2019-02-22T20:50:40Z,9.953954,11.61846,H,H,H
JPL,KEO,MAM,2019-03-03T03:00Z,2019-03-03T07:48:32Z,13.699677,13.027445,H,H,H
JPL,KEO,MAM,2019-03-10T11:00Z,2019-03-10T20:50:48Z,19.422395,14.299023,H,H,H
JPL,KEO,MAM,2019-03-15T12:00Z,2019-03-15T20:38:40Z,15.195708,6.942754,H,H,M
JPL,KEO,MAM,2019-04-30T11:00Z,2019-04-30T21:03:28Z,14.296493,13.973956,H,H,H
JPL,KEO,MAM,2019-05-29T15:00Z,2019-05-29T20:51:28Z,4.728503,8.606062,L,L,M
JPL,KEO,JJA,2019-06-02T07:00Z,2019-06-02T08:01:36Z,6.76278,8.127821,M,L,M
JPL,KEO,JJA,2019-08-04T17:00Z,2019-08-04T21:03:28Z,6.373816,6.745642,M,L,M
JPL,KEO,DJF,2019-12-02T16:00Z,2019-12-02T21:02:24Z,3.230586,7.701537,L,L,M
JPL,KEO,DJF,2019-12-11T04:00Z,2019-12-11T08:00:48Z,6.724847,7.79901,M,L,M
JPL,KEO,DJF,2019-12-22T02:00Z,2019-12-22T08:13:04Z,10.975783,7.805841,H,H,M
JPL,KEO,DJF,2020-01-15T01:00Z,2020-01-15T08:13:20Z,12.779486,10.53809,H,H,H
JPL,KEO,DJF,2020-02-26T03:00Z,2020-02-26T07:49:04Z,10.049748,11.168173,H,H,H
JPL,KEO,MAM,2020-04-18T14:00Z,2020-04-18T20:38:40Z,11.066816,12.285709,H,H,H
JPL,KEO,MAM,2020-04-26T14:00Z,2020-04-26T20:38:40Z,1.938057,6.519447,L,L,M
JPL,MOSEAN/WHOTS,DJF,2015-12-13T00:00Z,2015-12-13T04:31:16Z,4.847775,4.623016,L,L,L
JPL,MOSEAN/WHOTS,JJA,2016-07-24T11:00Z,2016-07-24T16:37:44Z,8.901956,8.91035,M,H,M
JPL,MOSEAN/WHOTS,MAM,2017-05-24T09:00Z,2017-05-24T16:36:16Z,7.543973,8.366381,M,L,M
JPL,MOSEAN/WHOTS,DJF,2018-02-13T20:00Z,2018-02-14T04:05:52Z,1.578993,4.378295,L,L,L
JPL,MOSEAN/WHOTS,MAM,2018-04-13T18:00Z,2018-04-14T04:17:52Z,9.470566,8.167035,H,H,M
JPL,MOSEAN/WHOTS,JJA,2018-08-28T04:00Z,2018-08-28T04:17:12Z,11.210133,11.188897,H,H,H
JPL,MOSEAN/WHOTS,SON,2018-10-19T20:00Z,2018-10-20T04:05:28Z,4.76826,4.506571,L,L,L
JPL,MOSEAN/WHOTS,DJF,2019-02-10T12:00Z,2019-02-10T16:47:28Z,12.442935,12.057431,H,H,H
JPL,MOSEAN/WHOTS,MAM,2019-05-04T13:00Z,2019-05-04T17:00:00Z,11.995838,10.52676,H,H,H
JPL,MOSEAN/WHOTS,DJF,2021-12-04T22:00Z,2021-12-05T04:27:44Z,3.96615,3.155351,L,L,L
JPL,MOSEAN/WHOTS,DJF,2021-12-06T17:00Z,2021-12-07T04:03:12Z,3.975855,7.825218,L,L,M
JPL,MOSEAN/WHOTS,DJF,2021-12-30T21:00Z,2021-12-31T04:02:56Z,10.8977,10.19584,H,H,H
JPL,MOSEAN/WHOTS,MAM,2022-03-22T09:00Z,2022-03-22T16:45:36Z,8.006061,7.22796,M,H,M
JPL,MOSEAN/WHOTS,DJF,2023-01-21T23:00Z,2023-01-22T04:03:28Z,5.479193,6.110864,L,L,M
JPL,MOSEAN/WHOTS,DJF,2023-01-25T04:00Z,2023-01-25T04:15:44Z,5.412082,5.17724,L,L,L
JPL,MOSEAN/WHOTS,DJF,2023-02-03T14:00Z,2023-02-03T16:58:08Z,9.875946,9.729392,H,H,H
JPL,Papa,JJA,2015-08-09T16:00Z,2015-08-09T16:04:20Z,6.577429,7.025316,M,L,M
JPL,Papa,SON,2015-10-14T18:00Z,2015-10-15T02:49:04Z,13.209346,15.209968,H,H,H
JPL,Papa,SON,2015-10-30T20:00Z,2015-10-31T02:49:08Z,8.595188,6.576404,M,H,M
JPL,Papa,SON,2016-09-21T14:00Z,2016-09-21T16:42:12Z,17.359103,17.235643,H,H,H
JPL,Papa,DJF,2016-12-07T10:00Z,2016-12-07T16:29:08Z,4.045422,4.018168,L,L,L
JPL,Papa,MAM,2017-04-24T18:00Z,2017-04-25T03:12:08Z,5.593658,8.505001,L,L,M
JPL,Papa,MAM,2017-05-01T22:00Z,2017-05-02T02:35:28Z,9.884846,9.473275,H,H,H
JPL,Papa,JJA,2017-06-28T03:00Z,2017-06-28T03:11:28Z,11.357922,11.744994,H,H,H
JPL,Papa,SON,2017-09-04T22:00Z,2017-09-05T02:59:36Z,1.803362,3.531431,L,L,L
JPL,Papa,SON,2018-09-03T03:00Z,2018-09-03T03:11:04Z,6.875007,7.191454,M,L,M
JPL,Papa,DJF,2020-12-11T15:00Z,2020-12-12T02:32:48Z,11.02767,13.508443,H,H,H
JPL,Papa,JJA,2022-06-23T00:00Z,2022-06-23T02:57:20Z,9.995524,10.185656,H,H,H
JPL,Papa,MAM,2023-04-28T00:00Z,2023-04-28T02:32:32Z,7.062055,7.294439,M,L,M
JPL,Papa,SON,2023-10-16T21:00Z,2023-10-17T03:21:04Z,7.750152,13.318311,M,L,H
JPL,Papa,SON,2023-10-29T02:00Z,2023-10-29T02:32:32Z,14.613021,13.786097,H,H,H
JPL,Papa,SON,2023-11-25T02:00Z,2023-11-25T02:44:48Z,7.062055,9.735978,M,L,H
JPL,Papa,DJF,2024-02-20T20:00Z,2024-02-21T02:44:48Z,4.798576,9.325534,L,L,M
JPL,Papa,MAM,2024-03-14T15:00Z,2024-03-14T16:38:56Z,7.243133,7.001695,M,L,M
JPL,Papa,SON,2024-09-21T08:00Z,2024-09-21T16:02:40Z,9.072024,8.658562,M,H,M
JPL,Papa,DJF,2025-01-27T23:00Z,2025-01-28T03:09:20Z,10.158494,7.771278,H,H,M
