product,key,kind,label,n,clusters_station_season,clusters_station,stations,sum_num,sum_den,R,ss_lo,ss_hi,st_lo,st_hi,jk_lo,jk_hi,loo_lo,loo_hi,frac_den_nonneg,slope,slope_lo,slope_hi,p5_gate_met,category,station_same_side,jackknife_same_side
RSS,TL,reported,RSS overpass wind class L,27,15,6,6,-17.09385,-21.98783,0.77742,0.33908,1.30358,0.42024,1.3996,0.13895,1.4159,0.68363,1.01309,0.0,0.61489,0.20455,1.0303,False,cannot distinguish,True,True
RSS,TM,reported,RSS overpass wind class M,25,13,6,6,-5.57816,-3.23802,1.72271,-0.64395,6.17388,-0.45899,4.66168,-0.99484,4.44025,0.9977,2.25996,0.0,1.01539,-0.65854,2.14931,False,cannot distinguish,True,True
RSS,TH,main,RSS overpass wind class H,35,13,5,5,-26.70308,-4.6491,5.7437,2.10342,13.57949,1.3727,7.73824,0.95909,10.52832,4.83244,7.19881,0.0,2.61845,1.02966,5.79525,True,"lower > 0.65: compatible with R2, incompatible with R1",True,True
RSS,EL,sensitivity,RSS event-level u10 class L,20,13,6,6,-3.86519,-12.27001,0.31501,-0.46552,0.88707,-0.03668,0.87412,-0.05071,0.68073,0.23429,0.40064,0.0,0.23881,0.01352,0.98301,False,cannot distinguish,True,True
RSS,EM,sensitivity,RSS event-level u10 class M,34,17,6,6,-22.48013,-13.06037,1.72125,0.86976,3.4096,0.87055,3.8851,0.26637,3.17613,1.36379,2.22386,0.0,1.01075,0.72199,2.13304,True,"lower > 0.65: compatible with R2, incompatible with R1",True,False
RSS,EH,sensitivity,RSS event-level u10 class H,33,13,5,5,-23.02976,-4.54458,5.06753,1.62766,12.40533,0.96803,6.6678,1.38869,8.74636,4.24312,6.10379,0.0,2.3226,0.37069,4.90399,True,"lower > 0.65: compatible with R2, incompatible with R1",True,True
RSS,B8L,sensitivity,RSS overpass wind <= 8 m/s,43,20,7,7,-19.79113,-23.6247,0.83773,0.28028,1.61675,0.4376,1.68726,0.1306,1.54486,0.73418,1.12092,0.0,0.60554,0.19763,1.02279,True,cannot distinguish,True,True
RSS,B8H,sensitivity,RSS overpass wind > 8 m/s,44,14,5,5,-29.58395,-6.25025,4.73324,2.07391,9.96845,1.37622,6.04221,1.00505,8.46144,3.67922,5.7414,0.0,2.67062,1.0722,4.76622,True,"lower > 0.65: compatible with R2, incompatible with R1",True,True
RSS,TH_noKEOPapa,descriptive,RSS TH excluding KEO/Papa,12,5,3,3,-2.85906,-1.45084,1.97062,-0.13971,9.05314,-0.85429,6.37871,-12.27744,16.21869,0.58712,5.85576,0.0,1.80579,0.4968,9.5529,False,cannot distinguish,True,True
RSS,B8H_noKEOPapa,descriptive,RSS > 8 m/s excluding KEO/Papa,16,6,3,3,-3.29723,-1.88073,1.75317,0.04068,5.40169,-0.24418,4.54207,-7.62746,11.1338,0.88145,4.29264,0.0,1.83716,0.64278,6.90381,False,cannot distinguish,True,True
RSS,TL_R1m_matched,descriptive,RSS TL same-time mooring 1 m sum obs1 / sum rim1,27,15,6,6,-3.69497,-10.64783,0.34702,0.16916,0.48658,0.19093,0.51219,0.02461,0.66942,0.25649,0.44646,0.0,0.26613,0.10383,0.32321,False,"upper < 0.65: compatible with R1, incompatible with R2",True,False
RSS,TM_R1m_matched,descriptive,RSS TM same-time mooring 1 m sum obs1 / sum rim1,25,13,6,6,-0.84932,-3.33531,0.25465,0.10096,0.63817,0.06652,0.72615,-0.1362,0.64549,0.13348,0.33761,0.0,0.14047,0.04208,0.33404,False,"upper < 0.65: compatible with R1, incompatible with R2",False,True
RSS,TH_R1m_matched,descriptive,RSS TH same-time mooring 1 m sum obs1 / sum rim1,35,13,5,5,-0.47674,-4.90317,0.09723,-0.01314,0.20639,-0.08622,0.18336,-0.13578,0.33025,0.0208,0.15036,0.0,0.03602,-0.03019,0.09895,True,"upper < 0.65: compatible with R1, incompatible with R2",True,True
RSS,B8L_R1m_matched,descriptive,RSS B8L same-time mooring 1 m sum obs1 / sum rim1,43,20,7,7,-4.25341,-12.56264,0.33858,0.18771,0.4772,0.20777,0.53842,0.0649,0.61225,0.25818,0.42185,0.0,0.26155,0.10338,0.3117,True,"upper < 0.65: compatible with R1, incompatible with R2",True,True
RSS,B8H_R1m_matched,descriptive,RSS B8H same-time mooring 1 m sum obs1 / sum rim1,44,14,5,5,-0.76763,-6.32367,0.12139,0.04762,0.19472,0.00167,0.17786,-0.02707,0.26985,0.06938,0.14864,0.0,0.07424,0.00037,0.12625,True,"upper < 0.65: compatible with R1, incompatible with R2",True,True
JPL,TL,reported,JPL overpass wind class L,30,15,6,6,-13.32707,-23.81208,0.55968,0.12189,1.23246,0.24869,1.18669,-0.05292,1.17227,0.36953,0.71041,0.0,0.42261,0.19805,0.84816,True,cannot distinguish,True,True
JPL,TM,reported,JPL overpass wind class M,27,13,6,6,-3.28329,-3.77308,0.87019,-1.25157,5.44603,-0.99969,2.94224,-0.53928,2.27966,0.48872,1.26061,0.0001,0.38674,-1.73377,2.81433,False,cannot distinguish,True,True
JPL,TH,main,JPL overpass wind class H,39,14,5,5,-21.98042,-6.85362,3.20713,1.15053,5.97971,1.99379,6.13927,1.57455,4.8397,2.77165,3.51629,0.0,1.78781,1.10127,3.26136,True,"lower > 0.65: compatible with R2, incompatible with R1",True,True
JPL,EL,sensitivity,JPL event-level u10 class L,23,13,6,6,-6.24935,-15.02117,0.41604,-0.12562,1.10844,-0.27287,1.04743,0.0143,0.81777,0.32658,0.53301,0.0,0.23931,0.14189,0.62482,False,cannot distinguish,True,True
JPL,EM,sensitivity,JPL event-level u10 class M,39,18,6,6,-20.16875,-14.49952,1.39099,0.62158,3.00438,0.87669,4.04146,-0.28452,3.06651,1.08719,1.99532,0.0,0.81041,0.39423,1.90424,True,cannot distinguish,False,True
JPL,EH,sensitivity,JPL event-level u10 class H,34,13,5,5,-12.17268,-4.91809,2.47508,-0.64527,8.30835,-0.40808,4.81674,-0.84794,5.79811,1.6427,3.31464,0.0,0.6666,-1.03794,2.95117,True,cannot distinguish,True,True
JPL,B8L,sensitivity,JPL overpass wind <= 8 m/s,47,20,7,7,-17.57402,-25.90819,0.67832,0.15926,1.52165,0.3988,1.51768,0.06944,1.2872,0.55574,0.84691,0.0,0.428,0.20034,0.86831,True,cannot distinguish,True,True
JPL,B8H,sensitivity,JPL overpass wind > 8 m/s,49,15,5,5,-21.01676,-8.53059,2.46369,0.57692,4.94949,1.21869,4.24974,0.91166,4.01573,2.21217,2.94902,0.0,1.47526,0.50553,2.68388,True,cannot distinguish,False,False
JPL,TH_noKEOPapa,descriptive,JPL TH excluding KEO/Papa,13,6,3,3,-7.56394,-1.57183,4.81218,1.84058,11.17859,1.56523,10.521,-9.33514,18.9595,2.9594,8.45192,0.0,3.50472,0.84459,10.5706,False,"lower > 0.65: compatible with R2, incompatible with R1",True,False
JPL,B8H_noKEOPapa,descriptive,JPL > 8 m/s excluding KEO/Papa,18,7,3,3,-7.43015,-2.04957,3.62523,1.44299,7.16559,1.69842,6.37858,-3.63433,10.8848,2.70122,5.47321,0.0,3.19887,0.93111,7.58291,False,"lower > 0.65: compatible with R2, incompatible with R1",True,False
