cruise,onset,acc24,cluster,disp_km,lat,snake_z,snake_obs,snake_rim,snake_s0,snake_npre,snake_npost,la1m_z,la1m_obs,la1m_rim,la1m_s0,la1m_npre,la1m_npost,tsg5_z,tsg5_obs,tsg5_rim,tsg5_s0,tsg5_npre,tsg5_npost,rain_hours_0_12
LA2,2016-09-05T08:00:00Z,31.65,LA2-W36,29.8,27.563,0.0,,,,0,0,1.0,-0.01875,-0.22286,35.3645,6,6,2.0,-0.01617,-0.19425,35.3707,6,6,8
LA2,2016-09-20T10:00:00Z,18.28,LA2-W38,53.0,10.933,0.0,,,,0,0,1.0,0.05887,-0.06218,32.6539,6,6,2.0,0.06115,-0.06157,32.6568,6,6,7
LA2,2016-09-24T04:00:00Z,34.84,LA2-W38,33.0,10.505,0.0,,,,0,0,1.0,-0.26503,-0.83117,33.239,6,6,2.0,-0.23902,-0.58844,33.2392,6,6,6
LA2,2016-09-26T08:00:00Z,22.26,LA2-W39,24.1,11.762,0.0,,,,0,0,1.0,0.0784,-0.06537,32.6212,6,6,2.0,0.08008,-0.0622,32.6218,6,6,1
LA2,2016-09-26T22:00:00Z,13.93,LA2-W39,10.2,11.804,0.0,,,,0,0,1.0,0.09595,-0.10984,32.787,6,6,2.0,0.0969,-0.09216,32.7876,6,6,3
LA2,2016-10-01T14:00:00Z,25.08,LA2-W39,5.2,10.657,0.0,,,,0,0,1.0,-0.0625,-0.35107,32.515,6,6,2.0,-0.0501,-0.26041,32.5153,6,6,4
LA2,2016-10-02T11:00:00Z,58.71,LA2-W39,9.2,10.625,0.0,,,,0,0,1.0,-0.49669,-0.79898,32.5681,6,6,2.0,-0.44705,-0.37092,32.7224,6,6,9
LA2,2016-10-03T18:00:00Z,35.33,LA2-W40,32.2,10.458,0.0,,,,0,0,1.0,-0.88427,-1.19103,32.6008,6,6,2.0,-0.58694,-0.55242,32.6027,6,6,5
LA2,2016-10-05T16:00:00Z,47.5,LA2-W40,12.3,10.459,0.0,,,,0,0,1.0,-0.35639,-0.86353,32.1189,6,6,2.0,-0.28729,-0.56006,32.1194,6,6,6
LA2,2016-10-06T06:00:00Z,22.42,LA2-W40,12.4,10.487,0.0,,,,0,0,1.0,0.03483,0.14749,32.2298,6,6,2.0,0.03649,0.13198,32.2308,6,6,5
LA2,2016-10-07T21:00:00Z,38.33,LA2-W40,23.0,10.357,0.0,,,,0,0,1.0,-0.20469,-0.03961,32.4818,6,6,2.0,-0.20399,-0.03567,32.4837,6,6,4
LA2,2016-10-08T07:00:00Z,47.26,LA2-W40,48.8,10.32,0.0,,,,0,0,1.0,0.22359,-0.02913,32.3321,6,6,2.0,0.22569,-0.02604,32.3346,6,6,6
LA2,2016-10-09T00:00:00Z,11.38,LA2-W40,41.8,11.333,0.0,,,,0,0,1.0,0.09009,-0.05133,32.193,6,6,2.0,0.10524,-0.02062,32.2317,6,6,4
LA3,2016-12-10T20:00:00Z,10.41,LA3-W49,36.3,8.269,0.0,,,,0,0,1.0,,,,0,0,2.0,-0.0268,-0.0085,32.2079,6,6,2
LA3,2016-12-11T12:00:00Z,12.94,LA3-W49,48.9,8.345,0.0,,,,0,0,1.0,,,,0,0,2.0,0.05905,-0.11167,32.0911,6,6,3
LA3,2016-12-15T06:00:00Z,69.48,LA3-W50,43.1,7.653,0.0,,,,0,0,1.0,,,,0,0,2.0,0.03428,-0.08815,32.4745,6,6,9
LA4,2017-08-19T07:00:00Z,18.74,LA4-W33,23.9,14.268,0.0,,,,0,0,1.0,-0.10444,-0.52335,34.1515,6,6,2.0,-0.0883,-0.3726,34.1392,6,6,2
LA4,2017-08-20T02:00:00Z,10.42,LA4-W33,54.0,13.272,0.0,,,,0,0,1.0,-0.21253,0.05507,34.1703,6,6,2.0,-0.20754,0.05094,34.1715,6,6,2
LA4,2017-08-24T03:00:00Z,76.42,LA4-W34,16.5,10.701,0.0,,,,0,0,1.0,-0.62739,-1.62617,33.622,6,6,2.0,-0.14965,-0.65078,33.6132,6,6,6
LA4,2017-08-24T17:00:00Z,41.47,LA4-W34,27.3,10.424,0.0,,,,0,0,1.0,-0.33137,0.21687,33.4729,6,6,2.0,-0.27439,0.09956,33.4831,6,6,9
LA4,2017-08-29T05:00:00Z,51.37,LA4-W35,20.7,10.973,0.0,,,,0,0,1.0,-0.50568,-0.59678,33.4864,6,6,2.0,-0.41871,-0.46738,33.4848,6,6,9
LA7,2018-04-11T22:00:00Z,48.52,LA7-W15,28.8,9.427,0.0,,,,0,3,1.0,-0.27627,-0.44646,33.64,6,6,2.0,,,,0,0,9
LA7,2018-04-13T03:00:00Z,11.09,LA7-W15,56.4,9.406,0.0,,,,0,1,1.0,0.03946,0.27997,33.8691,6,6,2.0,,,,0,0,7
LA7,2018-04-15T06:00:00Z,10.89,LA7-W15,31.0,8.075,0.0,,,,0,0,1.0,0.10544,-0.05332,33.9014,6,6,2.0,,,,0,0,3
LA7,2018-04-15T15:00:00Z,47.86,LA7-W15,27.1,7.758,0.0,,,,0,0,1.0,0.21145,-0.23754,34.0722,6,6,2.0,,,,0,0,3
LA7,2018-04-16T13:00:00Z,63.14,LA7-W16,9.4,6.883,0.0,,,,0,0,1.0,-0.29135,-0.66494,34.3124,6,6,2.0,,,,0,0,2
LA7,2018-04-17T06:00:00Z,30.19,LA7-W16,3.1,6.522,0.0,,,,0,0,1.0,-0.12063,-0.25065,34.2278,6,6,2.0,,,,0,0,4
LA7,2018-04-18T11:00:00Z,63.75,LA7-W16,22.5,6.314,0.0,,,,0,0,1.0,0.03197,-0.18768,34.3263,6,6,2.0,,,,0,0,2
LA7,2018-04-19T03:00:00Z,352.65,LA7-W16,30.7,6.042,0.0,,,,0,0,1.0,0.00251,-0.36814,34.3391,6,6,2.0,,,,0,0,6
LA7,2018-04-21T09:00:00Z,80.52,LA7-W16,47.1,7.986,0.0,,,,0,0,1.0,-0.00262,-0.01005,34.4468,6,6,2.0,,,,0,0,4
