station,season,onset_utc,post_rev,dt_post_h,n_ref,node,y_R,x_R,y_J,x_J,x_J60,d,imerg_post,cmorph_foot_post_J
TAO165E,JJA,2015-06-24T09:00Z,2109,10.203,3,am,-0.093899,-0.338325,-0.099168,-0.279543,-0.253694,0.005269,0.001374,0.010582
TAO165E,JJA,2015-08-05T22:00Z,2731,9.068,2,pm,-0.230926,-0.455831,-0.463587,-0.416261,-0.400696,0.232661,0.924826,1.492971
TAO165E,JJA,2015-08-27T02:00Z,3038,4.899,1,pm,-1.024826,-0.104827,-1.467506,-0.064885,-0.076566,0.44268,1.274027,0.614826
TAO165E,SON,2015-09-23T03:00Z,3433,4.112,3,pm,0.251961,-2.683834,-0.172538,-2.518258,-2.461835,0.424499,0.728386,1.398407
TAO165E,DJF,2019-12-06T07:00Z,25889,11.76,2,am,-0.83635,-3.817427,-0.953837,-5.499655,-5.431944,0.117487,2.40969,3.033599
TAO165E,DJF,2020-02-06T09:00Z,26796,10.188,1,am,-0.741982,-0.082744,-0.430219,-0.085389,-0.088135,-0.311763,0.010419,0.41737
TAO165E,DJF,2020-02-11T14:00Z,26869,4.969,2,am,-1.36597,-0.264221,-2.211598,-0.355952,-0.357842,0.845628,2.19197,5.467645
TAO165E,MAM,2020-03-17T15:00Z,27381,4.189,3,am,0.073721,-0.100899,0.200749,-0.089852,-0.104261,-0.127028,0.44699,0.463638
TAO165E,MAM,2020-03-24T19:00Z,27491,11.87,2,pm,0.294622,-0.153148,0.317933,-0.146575,-0.150788,-0.023311,0.0,0.0
BOBOA,JJA,2016-06-13T07:00Z,7297,5.09,2,pm,-0.109015,-0.218152,-0.577487,-0.209685,-0.196168,0.468472,2.772426,3.142154
BOBOA,JJA,2016-07-07T14:00Z,7655,10.266,2,am,-0.185438,-0.485649,0.167573,-0.407434,-0.391831,-0.353011,3.226767,3.566182
BOBOA,JJA,2016-07-15T19:00Z,7772,5.268,2,am,-0.238922,-0.002809,-0.012831,-0.002577,-0.002927,-0.226091,0.0,0.0
BOBOA,JJA,2017-06-17T00:00Z,12686,0.261,2,am,-0.388963,-0.095167,-0.033659,-0.104232,-0.103729,-0.355304,0.64861,1.06959
BOBOA,JJA,2017-06-26T01:00Z,12825,10.684,2,pm,0.30454,-0.066097,-0.605043,-0.045609,-0.03039,0.909583,1.894514,3.113754
BOBOA,JJA,2017-06-29T13:00Z,12876,11.041,1,am,0.296108,-0.053211,0.017337,-0.053203,-0.044632,0.278771,0.0,0.0
BOBOA,JJA,2017-07-12T06:00Z,13059,5.686,2,pm,-0.46058,-0.212689,-0.403855,-0.172638,-0.184694,-0.056725,2.732903,1.504919
BOBOA,JJA,2017-08-16T17:00Z,13578,7.046,2,am,0.411445,-0.016934,0.779913,-0.019191,-0.028273,-0.368468,0.0,0.009402
BOBOA,JJA,2017-08-24T11:00Z,13688,0.877,2,pm,-1.308441,0.321195,-1.279798,0.374227,0.36311,-0.028643,3.277004,1.956431
BOBOA,SON,2017-11-07T19:00Z,14792,5.252,2,am,0.645773,-0.029072,0.318211,-0.038747,-0.032952,0.327561,0.225438,0.174413
TAO170W,DJF,2015-12-11T06:00Z,4594,11.159,2,am,0.271325,-0.134982,0.305202,-0.257267,-0.234853,-0.033878,0.000364,0.0
TAO170W,MAM,2016-03-29T20:00Z,6196,9.265,1,pm,0.081474,-0.186401,0.108292,-0.179943,-0.172723,-0.026818,0.001431,0.0
TAO140W,MAM,2016-03-03T02:00Z,5800,1.436,3,pm,-1.152382,-0.691317,-0.781328,-0.534792,-0.523999,-0.371053,0.521074,0.260566
KEO,SON,2015-09-14T01:00Z,3302,7.265,2,pm,-0.217707,-0.126291,-0.163901,-0.05535,-0.061012,-0.053806,0.0,0.0
KEO,SON,2015-09-27T04:00Z,3492,4.063,2,pm,-0.790304,-0.665919,-0.485435,-0.552024,-0.559158,-0.304869,2.77584,3.018258
KEO,SON,2015-10-16T04:00Z,3770,4.274,2,pm,-0.575963,-0.084878,-1.479472,-0.113116,-0.114312,0.903509,1.258815,1.843427
KEO,SON,2015-10-27T16:00Z,3938,4.526,2,am,-1.268015,-0.163262,-0.209392,-0.152869,-0.154235,-1.058623,1.665574,2.387852
KEO,SON,2015-11-22T05:00Z,4311,3.104,3,pm,-3.211812,-0.079735,-3.370408,-0.083292,-0.080649,0.158596,,0.595514
KEO,MAM,2016-03-19T09:00Z,6044,11.501,2,am,-2.174552,-0.46279,1.719641,-0.415822,-0.410605,-3.894193,3.546781,4.659908
KEO,MAM,2016-04-18T23:00Z,6490,8.872,1,pm,0.178394,-0.610833,0.016447,-0.621547,-0.599017,0.161947,0.0001,0.090296
KEO,JJA,2016-06-09T04:00Z,7236,4.088,3,pm,-1.449614,-0.315569,-0.201215,-0.346943,-0.342832,-1.248399,5.346962,2.870409
KEO,JJA,2016-07-09T12:00Z,7682,8.499,2,am,0.699128,-0.154283,1.16872,-0.146959,-0.143064,-0.469592,0.002628,0.15657
KEO,SON,2016-10-13T17:00Z,9086,3.501,2,am,-0.467899,-0.1292,-1.918276,-0.137532,-0.120982,1.450377,0.767159,1.163437
KEO,SON,2016-10-22T11:00Z,9218,10.105,2,am,-0.708792,-0.36567,0.478365,-0.388172,-0.383093,-1.187157,0.126463,0.369993
KEO,JJA,2018-06-15T04:00Z,18000,4.064,3,pm,-2.369168,-0.338885,-0.299082,-0.332155,-0.319508,-2.070085,11.581079,5.204984
KEO,JJA,2018-06-18T05:00Z,18044,3.262,2,pm,-0.295461,-0.211131,-1.320958,-0.21565,-0.221247,1.025497,10.692377,6.910812
KEO,JJA,2018-07-14T01:00Z,18424,6.85,2,pm,0.793496,0.002425,0.227631,0.002517,0.00214,0.565864,0.0,0.0
KEO,JJA,2018-07-26T20:00Z,18607,0.664,3,am,-1.412699,-0.107822,-1.122447,-0.136089,-0.147021,-0.290252,1.290486,3.126851
KEO,SON,2018-10-13T02:00Z,19755,6.03,1,pm,-1.258405,0.576517,-0.588386,0.681493,0.708748,-0.670018,0.002981,0.123688
KEO,SON,2018-10-17T17:00Z,19821,3.879,2,am,-0.250003,-1.663579,-1.042832,-2.07523,-1.961249,0.792829,6.402521,5.3198
KEO,DJF,2019-02-22T14:00Z,21693,6.864,2,am,0.236901,-0.367741,-0.567625,-0.384627,-0.374534,0.804525,4.523356,6.094816
KEO,MAM,2019-03-03T03:00Z,21817,4.832,2,pm,-1.445028,-0.172401,-2.24793,-0.166122,-0.170146,0.802901,2.725408,4.268365
KEO,MAM,2019-03-10T11:00Z,21927,9.884,2,am,0.766337,-0.276495,1.843884,-0.251699,-0.251513,-1.077547,0.213059,0.354596
KEO,MAM,2019-03-15T12:00Z,22000,8.663,2,am,-3.138766,-0.145477,-0.276297,-0.130505,-0.12754,-2.862468,10.720274,2.236707
KEO,MAM,2019-05-29T15:00Z,23097,5.857,1,am,0.587649,-0.433785,-0.261316,-0.428129,-0.41816,0.848965,0.539164,0.911656
KEO,JJA,2019-06-02T07:00Z,23148,1.048,2,pm,0.559,-0.377206,0.41165,-0.382345,-0.382151,0.14735,4.098221,2.298857
KEO,DJF,2019-12-02T16:00Z,25832,5.064,3,am,-1.423168,-0.767895,-1.239716,-0.774656,-0.801386,-0.183452,3.196059,2.835821
KEO,DJF,2019-12-11T04:00Z,25956,4.035,3,pm,-1.715208,-0.019177,-0.944816,-0.012048,-0.008637,-0.770391,0.910703,0.262971
KEO,DJF,2019-12-22T02:00Z,26117,6.24,2,pm,-1.551331,-0.489985,0.669408,-0.492205,-0.506012,-2.220739,2.908262,1.413717
KEO,DJF,2020-01-15T01:00Z,26468,7.243,2,pm,0.809052,-0.003743,0.205816,-0.003504,-0.004022,0.603236,0.008891,0.0
KEO,DJF,2020-02-26T03:00Z,27082,4.84,2,pm,0.651677,-0.064507,0.711656,-0.058279,-0.062497,-0.059979,0.0,1.1e-05
KEO,MAM,2020-04-18T14:00Z,27850,6.645,2,am,-0.813332,-0.055238,-1.114438,-0.059414,-0.060153,0.301106,0.0,7.5e-05
KEO,MAM,2020-04-26T14:00Z,27967,6.664,2,am,-2.048462,-2.989491,-0.88637,-3.072492,-2.970133,-1.162091,3.963892,5.476747
MOSEAN/WHOTS,DJF,2015-12-13T00:00Z,4616,4.54,2,pm,-0.294459,-0.008496,-0.907685,-0.013151,-0.010131,0.613226,0.220834,0.093694
MOSEAN/WHOTS,JJA,2016-07-24T11:00Z,7899,5.667,2,am,0.690676,-0.033552,0.928677,-0.052315,-0.054893,-0.238001,0.011541,0.059947
MOSEAN/WHOTS,MAM,2017-05-24T09:00Z,12345,7.625,2,am,0.483788,-0.007114,0.524196,-0.014348,-0.01561,-0.040409,0.244606,0.179219
MOSEAN/WHOTS,DJF,2018-02-13T20:00Z,16228,8.133,2,pm,0.390706,-0.071959,-0.106655,-0.094394,-0.08598,0.497361,0.014506,0.11056
MOSEAN/WHOTS,MAM,2018-04-13T18:00Z,17091,10.319,1,pm,0.52372,0.002542,-0.335689,0.002402,0.001179,0.859409,0.00212,0.01892
MOSEAN/WHOTS,JJA,2018-08-28T04:00Z,19080,0.288,2,pm,-1.445038,-0.093922,-1.502994,-0.104881,-0.098158,0.057955,1.513638,2.313181
MOSEAN/WHOTS,SON,2018-10-19T20:00Z,19855,8.096,1,pm,0.330423,-0.019258,0.089118,-0.016618,-0.014296,0.241305,0.0,0.0
MOSEAN/WHOTS,DJF,2019-02-10T12:00Z,21515,4.79,2,am,0.11686,-0.031789,-0.829127,-0.046369,-0.040953,0.945987,0.85047,0.62928
MOSEAN/WHOTS,MAM,2019-05-04T13:00Z,22729,4.007,2,am,-0.907441,-0.129259,-1.498784,-0.158969,-0.157513,0.591343,1.930622,1.253826
MOSEAN/WHOTS,DJF,2021-12-04T22:00Z,36557,6.498,2,pm,0.521489,0.010465,0.025366,0.003024,0.002033,0.496123,0.010317,0.005997
MOSEAN/WHOTS,DJF,2021-12-06T17:00Z,36586,11.092,2,pm,-4.465292,-4.157919,-3.981941,-4.196516,-4.147806,-0.483352,,11.769691
MOSEAN/WHOTS,DJF,2021-12-30T21:00Z,36937,7.055,2,pm,0.118519,-0.045224,0.470055,-0.044853,-0.041692,-0.351535,,0.127784
MOSEAN/WHOTS,DJF,2023-01-25T04:00Z,42641,0.302,1,pm,-1.567801,-0.184243,-0.797411,-0.163604,-0.175654,-0.77039,0.179599,0.461661
MOSEAN/WHOTS,DJF,2023-02-03T14:00Z,42780,2.989,2,am,-0.617354,-0.048928,-0.355497,-0.032468,-0.027983,-0.261857,0.422294,0.812381
Papa,JJA,2015-08-09T16:00Z,2780,0.092,2,am,0.726327,-0.049833,0.131586,-0.063399,-0.070623,0.594741,2.966637,1.728105
Papa,SON,2015-10-14T18:00Z,3752,8.839,4,pm,-0.399573,-0.279969,-0.17003,-0.273574,-0.266097,-0.229542,2.188354,2.17226
Papa,SON,2015-10-30T20:00Z,3986,6.821,1,pm,-1.788541,-0.447198,0.815955,-0.428639,-0.399477,-2.604496,,0.01326
Papa,DJF,2016-12-07T10:00Z,9888,6.505,4,am,1.880212,0.0,1.915924,0.0,1.1e-05,-0.035712,0.000173,0.0
Papa,MAM,2017-04-24T18:00Z,11913,9.222,4,pm,-2.242414,-0.140361,-1.81967,-0.156058,-0.149772,-0.422744,0.833124,0.349358
Papa,MAM,2017-05-01T22:00Z,12015,4.622,3,pm,-0.992663,0.013386,-0.820329,0.013117,0.010189,-0.172334,0.92105,0.000366
Papa,JJA,2017-06-28T03:00Z,12849,0.23,2,pm,0.158893,-0.081063,-1.051227,-0.069797,-0.068726,1.21012,1.084647,0.673084
Papa,SON,2017-09-04T22:00Z,13858,5.017,4,pm,-1.654005,-1.420637,-0.954242,-1.492405,-1.424697,-0.699763,2.166688,1.52255
Papa,SON,2018-09-03T03:00Z,19167,0.204,3,pm,-0.024518,-0.185887,-0.06867,-0.180122,-0.174903,0.044152,1.223631,1.889227
Papa,DJF,2020-12-11T15:00Z,31320,11.566,2,pm,-0.81569,-0.101942,1.108838,-0.104297,-0.105729,-1.924527,3.008496,0.832061
Papa,JJA,2022-06-23T00:00Z,39481,2.954,4,pm,-0.467518,-0.207467,-1.496659,-0.244303,-0.234602,1.029141,0.395818,2.102351
Papa,MAM,2023-04-28T00:00Z,44000,2.574,3,pm,-0.623216,0.053369,-0.357612,0.047925,0.049316,-0.265604,0.151452,0.457686
Papa,SON,2023-10-16T21:00Z,46516,6.367,3,pm,-0.426662,-0.089866,1.103542,-0.087865,-0.088595,-1.530204,0.005684,0.007915
Papa,SON,2023-10-29T02:00Z,46691,0.559,2,pm,0.054542,-0.096145,1.13072,-0.104285,-0.104235,-1.076178,1.246318,3.218184
Papa,SON,2023-11-25T02:00Z,47086,0.761,4,pm,0.721964,-0.072892,-0.291147,-0.048361,-0.040207,1.013111,0.870729,1.059605
Papa,DJF,2024-02-20T20:00Z,48373,6.767,4,pm,-1.157647,-0.064898,-0.495295,-0.055489,-0.055125,-0.662352,0.551942,0.086346
Papa,MAM,2024-03-14T15:00Z,48703,1.664,2,am,-1.390402,-0.404544,-2.754313,-0.399274,-0.398925,1.363911,1.266695,4.286272
Papa,SON,2024-09-21T08:00Z,51496,8.063,4,am,1.509017,-0.146389,0.168868,-0.140601,-0.13482,1.340149,0.003676,0.000438
Papa,DJF,2025-01-27T23:00Z,53375,4.194,4,pm,-1.882765,-0.231507,-1.825662,-0.26223,-0.256174,-0.057103,2.056868,2.715023
