station,season,onset_utc,post_gid,post_utc,dt_post_h,n_ref,node,sat_post,sat_ref,y,F_post,F_ref,S0,x,x_pix0,sig,imerg_c_post,rain_foot_cmorph_post,dropped_w_post
TAO165E,JJA,2015-06-24T09:00Z,SMAP_L2B_SSS_02109_20150624T175724_R17000_V5.0,2015-06-24T19:11:07Z,10.185,3,am,34.227151,34.32632,-0.099168,0.98809,0.99618,34.554001,-0.279543,-0.295829,0.199218,0.001374,0.010582,0.0
TAO165E,JJA,2015-08-05T22:00Z,SMAP_L2B_SSS_02731_20150806T063930_R17000_V5.0,2015-08-06T07:04:04Z,9.068,2,pm,33.355943,33.81953,-0.463587,0.986976,0.999116,34.289001,-0.416261,-0.456758,0.233282,0.924826,1.492971,0.0
TAO165E,JJA,2015-08-27T02:00Z,SMAP_L2B_SSS_03038_20150827T062758_R17000_V5.0,2015-08-27T06:52:38Z,4.877,1,pm,33.483155,34.950661,-1.467506,0.998007,0.999892,34.422001,-0.064885,-0.024074,0.22176,1.274027,0.614826,0.0
TAO165E,SON,2015-09-07T07:00Z,SMAP_L2B_SSS_03199_20150907T064036_R17000_V5.0,2015-09-07T07:05:10Z,0.086,2,pm,34.032816,34.535514,-0.502698,0.993709,0.998886,34.306,-0.177614,-0.127636,0.210853,0.102543,0.324755,0.0
TAO165E,SON,2015-09-23T03:00Z,SMAP_L2B_SSS_03433_20150923T064059_R17000_V5.0,2015-09-23T07:05:32Z,4.092,3,pm,34.156962,34.3295,-0.172538,0.924266,0.997546,34.365002,-2.518258,-2.920177,0.209656,0.728386,1.398407,0.0
TAO165E,DJF,2019-12-06T07:00Z,SMAP_L2B_SSS_25889_20191206T173026_R17000_V5.0,2019-12-06T18:44:16Z,11.738,2,am,33.520046,34.473882,-0.953837,0.840981,1.0,34.584999,-5.499655,-4.282465,0.17044,2.40969,3.033599,0.0
TAO165E,DJF,2020-02-06T09:00Z,SMAP_L2B_SSS_26796_20200206T175530_R17000_V5.0,2020-02-06T19:09:20Z,10.156,1,am,33.65115,34.08137,-0.430219,0.997338,0.999804,34.630001,-0.085389,-0.048044,0.270409,0.010419,0.41737,0.0
TAO165E,DJF,2020-02-11T14:00Z,SMAP_L2B_SSS_26869_20200211T174312_R17000_V5.0,2020-02-11T18:57:04Z,4.951,2,am,32.503682,34.71528,-2.211598,0.98817,0.998426,34.706001,-0.355952,-0.261998,0.265617,2.19197,5.467645,0.0
TAO165E,MAM,2020-03-17T15:00Z,SMAP_L2B_SSS_27381_20200317T175529_R17000_V5.0,2020-03-17T19:09:04Z,4.151,3,am,34.626224,34.425475,0.200749,0.997285,0.999858,34.923,-0.089852,-0.07522,0.215085,0.44699,0.463638,0.0
TAO165E,MAM,2020-03-24T19:00Z,SMAP_L2B_SSS_27491_20200325T062614_R17000_V5.0,2020-03-25T06:50:56Z,11.849,2,pm,35.035993,34.71806,0.317933,0.995803,0.999999,34.928001,-0.146575,-0.165888,0.232471,0.0,0.0,0.0
BOBOA,MAM,2016-05-22T05:00Z,SMAP_L2B_SSS_06975_20160522T111039_R17000_V5.0,2016-05-22T11:39:32Z,6.659,2,pm,32.170573,33.154664,-0.984092,0.996407,0.999319,33.319,-0.097018,-0.049973,0.309243,0.088366,0.0,0.0
BOBOA,JJA,2016-06-13T07:00Z,SMAP_L2B_SSS_07297_20160613T113535_R17000_V5.0,2016-06-13T12:04:12Z,5.07,2,pm,32.277144,32.854631,-0.577487,0.993639,0.999907,33.451,-0.209685,-0.132116,0.279082,2.772426,3.142154,0.0
BOBOA,JJA,2016-07-07T14:00Z,SMAP_L2B_SSS_07655_20160707T230514_R17000_V5.0,2016-07-08T00:14:52Z,10.248,2,am,32.875744,32.708171,0.167573,0.987134,0.999508,32.927002,-0.407434,-0.45334,0.321965,3.226767,3.566182,0.0
BOBOA,JJA,2016-07-15T19:00Z,SMAP_L2B_SSS_07772_20160715T230520_R17000_V5.0,2016-07-16T00:15:00Z,5.25,2,am,32.936389,32.94922,-0.012831,0.999911,0.999989,33.061001,-0.002577,0.0,0.245723,0.0,0.0,0.0
BOBOA,JJA,2017-06-17T00:00Z,SMAP_L2B_SSS_12686_20170616T230343_R17000_V5.0,2017-06-17T00:13:20Z,0.222,2,am,33.333341,33.367,-0.033659,0.996673,0.999803,33.306,-0.104232,-0.116377,0.269989,0.64861,1.06959,0.0
BOBOA,JJA,2017-06-26T01:00Z,SMAP_L2B_SSS_12825_20170626T110959_R17000_V5.0,2017-06-26T11:38:48Z,10.647,2,pm,32.761563,33.366607,-0.605043,0.990411,0.991766,33.670002,-0.045609,-0.096072,0.342452,1.894514,3.113754,0.0
BOBOA,JJA,2017-06-29T13:00Z,SMAP_L2B_SSS_12876_20170629T225132_R17000_V5.0,2017-06-30T00:01:20Z,11.022,2,am,33.252459,33.333627,-0.081167,0.998335,0.999891,33.301003,-0.051805,-0.106837,0.29162,0.0,0.0,0.0
BOBOA,JJA,2017-07-12T06:00Z,SMAP_L2B_SSS_13059_20170712T111006_R17000_V5.0,2017-07-12T11:38:56Z,5.649,2,pm,32.593132,32.996987,-0.403855,0.994752,0.999979,33.028,-0.172638,-0.108976,0.305395,2.732903,1.504919,0.0
BOBOA,JJA,2017-08-16T17:00Z,SMAP_L2B_SSS_13578_20170816T225151_R17000_V5.0,2017-08-17T00:01:36Z,7.027,2,am,33.224765,32.444852,0.779913,0.99798,0.998568,32.66,-0.019191,-0.011611,0.278603,0.0,0.009402,0.0
BOBOA,JJA,2017-08-24T11:00Z,SMAP_L2B_SSS_13688_20170824T112238_R17000_V5.0,2017-08-24T11:51:20Z,0.856,2,pm,31.500332,32.780131,-1.279798,0.997055,0.985585,32.625999,0.374227,0.349548,0.255176,3.277004,1.956431,0.0
BOBOA,SON,2017-11-07T19:00Z,SMAP_L2B_SSS_14792_20171107T230422_R17000_V5.0,2017-11-08T00:14:00Z,5.233,2,am,32.894954,32.576742,0.318211,0.998824,0.999995,33.094002,-0.038747,-0.157897,0.24582,0.225438,0.174413,0.0
TAO170W,DJF,2015-12-11T06:00Z,SMAP_L2B_SSS_04594_20151211T155425_R17000_V5.0,2015-12-11T17:08:22Z,11.139,2,am,34.109194,33.803992,0.305202,0.992356,0.999681,35.121002,-0.257267,-0.267446,0.188358,0.000364,0.0,0.0
TAO170W,MAM,2016-03-27T19:00Z,SMAP_L2B_SSS_06167_20160328T051435_R17000_V5.0,2016-03-28T05:39:00Z,10.65,1,pm,35.450127,34.970765,0.479362,1.0,0.999995,35.088001,0.000151,0.0,0.284552,,0.0,0.0
TAO170W,MAM,2016-03-29T20:00Z,SMAP_L2B_SSS_06196_20160330T044958_R17000_V5.0,2016-03-30T05:14:40Z,9.244,2,pm,35.079056,35.210446,-0.13139,0.994862,0.999998,35.053001,-0.180018,-0.13287,0.252315,0.001431,0.0,0.0
TAO140W,MAM,2016-03-03T02:00Z,SMAP_L2B_SSS_05800_20160303T025911_R17000_V5.0,2016-03-03T03:23:44Z,1.396,3,pm,34.699354,35.480682,-0.781328,0.982511,0.997818,34.939003,-0.534792,-0.584556,0.209187,0.521074,0.260566,0.0
KEO,SON,2015-09-14T01:00Z,SMAP_L2B_SSS_03302_20150914T074219_R17000_V5.0,2015-09-14T08:15:40Z,7.261,2,pm,34.490767,34.654668,-0.163901,0.998363,0.999969,34.457001,-0.05535,-0.100829,0.238129,0.0,0.0,0.0
KEO,SON,2015-09-18T11:00Z,SMAP_L2B_SSS_03368_20150918T200053_R17000_V5.0,2015-09-18T21:05:34Z,10.093,2,am,33.123737,34.322086,-1.198349,0.971147,0.99998,34.454002,-0.993409,-1.001044,0.391706,1.499919,1.289155,0.0
KEO,SON,2015-09-27T04:00Z,SMAP_L2B_SSS_03492_20150927T073017_R17000_V5.0,2015-09-27T08:03:44Z,4.062,3,pm,34.06984,34.483607,-0.413767,0.978433,0.995954,34.527,-0.604942,-0.614692,0.301824,2.77584,3.018258,0.0
KEO,SON,2015-10-16T04:00Z,SMAP_L2B_SSS_03770_20151016T074250_R17000_V5.0,2015-10-16T08:16:10Z,4.269,2,pm,33.392214,34.871687,-1.479472,0.995973,0.999241,34.609001,-0.113116,-0.107876,0.342358,1.258815,1.843427,0.0
KEO,SON,2015-10-27T16:00Z,SMAP_L2B_SSS_03938_20151027T192425_R17000_V5.0,2015-10-27T20:29:28Z,4.491,2,am,34.314516,34.523908,-0.209392,0.99558,1.0,34.587002,-0.152869,-0.157487,0.385168,1.665574,2.387852,0.0
KEO,SON,2015-11-22T05:00Z,SMAP_L2B_SSS_04311_20151122T073019_R17000_V5.0,2015-11-22T08:03:46Z,3.063,3,pm,30.912065,34.282472,-3.370408,0.997103,0.999499,34.767002,-0.083292,-0.094267,0.334866,,0.595514,0.0
KEO,DJF,2015-12-07T17:00Z,SMAP_L2B_SSS_04538_20151207T200041_R17000_V5.0,2015-12-07T21:05:22Z,4.089,1,am,31.924165,33.962464,-2.038299,0.98269,0.99939,34.767002,-0.580601,-0.549729,0.278627,3.354587,2.014942,0.0
KEO,MAM,2016-03-19T09:00Z,SMAP_L2B_SSS_06044_20160319T192351_R17000_V5.0,2016-03-19T20:28:52Z,11.481,2,am,36.242964,34.523323,1.719641,0.988083,1.0,34.892002,-0.415822,-0.442,0.443312,3.546781,4.659908,0.0
KEO,MAM,2016-04-18T23:00Z,SMAP_L2B_SSS_06490_20160419T071728_R17000_V5.0,2016-04-19T07:51:04Z,8.851,1,pm,34.312598,34.296151,0.016447,0.981474,0.999288,34.890999,-0.621547,-0.668607,0.338333,0.0001,0.090296,0.0
KEO,JJA,2016-06-09T04:00Z,SMAP_L2B_SSS_07236_20160609T072922_R17000_V5.0,2016-06-09T08:02:48Z,4.047,3,pm,34.433964,34.635179,-0.201215,0.987764,0.99769,34.954002,-0.346943,-0.310624,0.305664,5.346962,2.870409,0.0
KEO,JJA,2016-07-09T12:00Z,SMAP_L2B_SSS_07682_20160709T192343_R17000_V5.0,2016-07-09T20:28:44Z,8.479,2,am,35.321999,34.153279,1.16872,0.995742,0.999994,34.560001,-0.146959,-0.148541,0.292768,0.002628,0.15657,0.0
KEO,SON,2016-10-13T17:00Z,SMAP_L2B_SSS_09086_20161013T192350_R17000_V5.0,2016-10-13T20:28:52Z,3.481,2,am,32.420539,34.338815,-1.918276,0.995954,0.99991,34.762001,-0.137532,-0.238783,0.267553,0.767159,1.163437,0.0
KEO,SON,2016-10-22T11:00Z,SMAP_L2B_SSS_09218_20161022T200037_R17000_V5.0,2016-10-22T21:05:20Z,10.089,2,am,34.756179,34.277814,0.478365,0.98854,0.99975,34.626999,-0.388172,-0.410705,0.248226,0.126463,0.369993,0.0
KEO,JJA,2018-06-03T14:00Z,SMAP_L2B_SSS_17832_20180603T194634_R17000_V5.0,2018-06-03T20:51:28Z,6.858,2,am,34.449365,34.953176,-0.503811,0.995781,0.990069,34.639999,0.197851,0.08287,0.274157,0.00167,0.021019,0.0
KEO,JJA,2018-06-15T04:00Z,SMAP_L2B_SSS_18000_20180615T072754_R17000_V5.0,2018-06-15T08:01:20Z,4.022,3,pm,34.38818,34.687262,-0.299082,0.990063,0.99962,34.754002,-0.332155,-0.360492,0.404037,11.581079,5.204984,0.0
KEO,JJA,2018-06-18T05:00Z,SMAP_L2B_SSS_18044_20180618T074009_R17000_V5.0,2018-06-18T08:13:28Z,3.224,2,pm,33.284673,34.605631,-1.320958,0.988739,0.994963,34.645,-0.21565,-0.217215,0.356148,10.692377,6.910812,0.0
KEO,JJA,2018-07-14T01:00Z,SMAP_L2B_SSS_18424_20180714T071502_R17000_V5.0,2018-07-14T07:48:40Z,6.811,2,pm,35.184736,34.957104,0.227631,1.0,0.999927,34.539001,0.002517,0.0,0.224311,0.0,0.0,0.0
KEO,JJA,2018-07-26T20:00Z,SMAP_L2B_SSS_18607_20180726T193313_R17000_V5.0,2018-07-26T20:38:16Z,0.638,3,am,33.633439,34.755886,-1.122447,0.993544,0.997475,34.615002,-0.136089,-0.151777,0.261608,1.290486,3.126851,0.0
KEO,SON,2018-10-13T02:00Z,SMAP_L2B_SSS_19755_20181013T072821_R17000_V5.0,2018-10-13T08:01:52Z,6.031,2,pm,33.724759,34.308772,-0.584013,0.995985,0.98773,34.473999,0.284609,0.193251,0.258728,0.002981,0.123688,0.0
KEO,SON,2018-10-17T17:00Z,SMAP_L2B_SSS_19821_20181017T194649_R17000_V5.0,2018-10-17T20:51:44Z,3.862,2,am,33.063961,34.106793,-1.042832,0.93861,0.998746,34.509003,-2.07523,-1.993427,0.25237,6.402521,5.3198,0.0
KEO,DJF,2019-02-22T14:00Z,SMAP_L2B_SSS_21693_20190222T194553_R17000_V5.0,2019-02-22T20:50:40Z,6.844,2,am,34.046135,34.61376,-0.567625,0.988599,0.999649,34.807999,-0.384627,-0.389333,0.366042,4.523356,6.094816,0.0
KEO,MAM,2019-03-03T03:00Z,SMAP_L2B_SSS_21817_20190303T071458_R17000_V5.0,2019-03-03T07:48:32Z,4.809,2,pm,32.450341,34.698271,-2.24793,0.994488,0.999261,34.804001,-0.166122,-0.139665,0.364224,2.725408,4.268365,0.0
KEO,MAM,2019-03-10T11:00Z,SMAP_L2B_SSS_21927_20190310T194555_R17000_V5.0,2019-03-10T20:50:48Z,9.847,2,am,35.939214,34.09533,1.843884,0.992724,0.999954,34.813,-0.251699,-0.272412,0.556903,0.213059,0.354596,0.0
KEO,MAM,2019-03-15T12:00Z,SMAP_L2B_SSS_22000_20190315T193341_R17000_V5.0,2019-03-15T20:38:40Z,8.644,3,am,34.831053,34.744816,0.086237,0.996245,0.999994,34.834,-0.130594,-0.157846,0.49211,10.720274,2.236707,0.0
KEO,MAM,2019-04-30T11:00Z,SMAP_L2B_SSS_22673_20190430T195848_R17000_V5.0,2019-04-30T21:03:28Z,10.058,3,am,34.427659,34.22889,0.198769,0.99181,0.99984,34.823002,-0.279621,-0.293416,0.509016,1.100274,3.012362,0.0
KEO,MAM,2019-05-29T15:00Z,SMAP_L2B_SSS_23097_20190529T194636_R17000_V5.0,2019-05-29T20:51:28Z,5.858,1,am,34.596452,34.857768,-0.261316,0.987674,1.0,34.734001,-0.428129,-0.399606,0.326593,0.539164,0.911656,0.0
KEO,JJA,2019-06-02T07:00Z,SMAP_L2B_SSS_23148_20190602T072809_R17000_V5.0,2019-06-02T08:01:36Z,1.027,3,pm,34.951272,34.906581,0.044692,0.985017,0.997329,34.678001,-0.426959,-0.418607,0.272199,4.098221,2.298857,0.0
KEO,JJA,2019-08-04T17:00Z,SMAP_L2B_SSS_24077_20190804T195847_R17000_V5.0,2019-08-04T21:03:28Z,4.058,3,am,33.945154,34.694644,-0.74949,0.984612,1.0,34.569,-0.531938,-0.478075,0.23069,1.737186,1.89543,0.0
KEO,DJF,2019-12-02T16:00Z,SMAP_L2B_SSS_25832_20191202T195748_R17000_V5.0,2019-12-02T21:02:24Z,5.04,3,am,33.13782,34.377536,-1.239716,0.977461,0.999933,34.472,-0.774656,-0.658184,0.237361,3.196059,2.835821,0.0
KEO,DJF,2019-12-11T04:00Z,SMAP_L2B_SSS_25956_20191211T072724_R17000_V5.0,2019-12-11T08:00:48Z,4.013,3,pm,33.683843,34.62866,-0.944816,0.997702,0.998051,34.602001,-0.012048,-0.013426,0.295255,0.910703,0.262971,0.0
KEO,DJF,2019-12-22T02:00Z,SMAP_L2B_SSS_26117_20191222T073950_R17000_V5.0,2019-12-22T08:13:04Z,6.218,2,pm,35.37458,34.705172,0.669408,0.985437,0.99964,34.653999,-0.492205,-0.520114,0.373299,2.908262,1.413717,0.0
KEO,DJF,2020-01-15T01:00Z,SMAP_L2B_SSS_26468_20200115T074000_R17000_V5.0,2020-01-15T08:13:20Z,7.222,2,pm,34.679877,34.474061,0.205816,0.999781,0.999882,34.731003,-0.003504,0.000428,0.363762,0.008891,0.0,0.0
KEO,DJF,2020-02-26T03:00Z,SMAP_L2B_SSS_27082_20200226T071531_R17000_V5.0,2020-02-26T07:49:04Z,4.818,2,pm,35.268582,34.556926,0.711656,0.998325,1.0,34.788002,-0.058279,-0.0564,0.382103,0.0,1.1e-05,0.0
KEO,MAM,2020-04-18T14:00Z,SMAP_L2B_SSS_27850_20200418T193347_R17000_V5.0,2020-04-18T20:38:40Z,6.644,3,am,33.888759,34.924505,-1.035746,0.998288,0.999976,34.82,-0.058786,-0.055936,0.389996,0.0,7.5e-05,0.0
KEO,MAM,2020-04-26T14:00Z,SMAP_L2B_SSS_27967_20200426T193344_R17000_V5.0,2020-04-26T20:38:40Z,6.644,3,am,33.867533,34.946346,-1.078814,0.911107,0.999933,34.597,-3.073088,-3.201367,0.321315,3.963892,5.476747,0.0
MOSEAN/WHOTS,DJF,2015-12-13T00:00Z,SMAP_L2B_SSS_04616_20151213T040031_R17000_V5.0,2015-12-13T04:31:16Z,4.521,2,pm,33.985427,34.893111,-0.907685,0.999512,0.999887,35.065002,-0.013151,-0.052725,0.251804,0.220834,0.093694,0.0
MOSEAN/WHOTS,JJA,2016-07-24T11:00Z,SMAP_L2B_SSS_07899_20160724T153003_R17000_V5.0,2016-07-24T16:37:44Z,5.629,2,am,35.694078,34.765401,0.928677,0.997819,0.999316,34.966,-0.052315,-0.059722,0.318523,0.011541,0.059947,0.0
MOSEAN/WHOTS,MAM,2017-05-24T09:00Z,SMAP_L2B_SSS_12345_20170524T152836_R17000_V5.0,2017-05-24T16:36:16Z,7.604,2,am,35.317514,34.793318,0.524196,0.999578,0.999987,35.062,-0.014348,-0.011173,0.303471,0.244606,0.179219,0.0
MOSEAN/WHOTS,DJF,2018-02-13T20:00Z,SMAP_L2B_SSS_16228_20180214T033451_R17000_V5.0,2018-02-14T04:05:52Z,8.098,2,pm,34.984107,35.090762,-0.106655,0.997293,0.999999,34.875,-0.094394,-0.066438,0.25392,0.014506,0.11056,0.0
MOSEAN/WHOTS,MAM,2018-04-13T18:00Z,SMAP_L2B_SSS_17091_20180414T034706_R17000_V5.0,2018-04-14T04:17:52Z,10.298,1,pm,34.878721,35.21441,-0.335689,0.99999,0.999922,34.953003,0.002402,0.00726,0.338065,0.00212,0.01892,0.0
MOSEAN/WHOTS,JJA,2018-08-28T04:00Z,SMAP_L2B_SSS_19080_20180828T034628_R17000_V5.0,2018-08-28T04:17:12Z,0.287,2,pm,33.716875,35.219869,-1.502994,0.996181,0.999166,35.142002,-0.104881,-0.198057,0.324319,1.513638,2.313181,0.0
MOSEAN/WHOTS,SON,2018-10-19T20:00Z,SMAP_L2B_SSS_19855_20181020T033431_R17000_V5.0,2018-10-20T04:05:28Z,8.091,1,pm,35.139099,35.049981,0.089118,0.999522,1.0,34.797001,-0.016618,0.0,0.288596,0.0,0.0,0.0
MOSEAN/WHOTS,DJF,2019-02-10T12:00Z,SMAP_L2B_SSS_21515_20190210T153955_R17000_V5.0,2019-02-10T16:47:28Z,4.791,2,am,34.546865,35.375992,-0.829127,0.998495,0.999815,35.118,-0.046369,-0.044966,0.377897,0.85047,0.62928,0.0
MOSEAN/WHOTS,MAM,2019-05-04T13:00Z,SMAP_L2B_SSS_22729_20190504T155240_R17000_V5.0,2019-05-04T17:00:00Z,4.0,2,am,33.353387,34.852171,-1.498784,0.995351,0.999872,35.160999,-0.158969,-0.130174,0.306082,1.930622,1.253826,0.0
MOSEAN/WHOTS,DJF,2021-12-04T22:00Z,SMAP_L2B_SSS_36557_20211205T035701_R18240_V5.0,2021-12-05T04:27:44Z,6.462,2,pm,35.259558,35.234192,0.025366,0.999401,0.999315,35.202,0.003024,0.019646,0.279873,0.010317,0.005997,0.0
MOSEAN/WHOTS,DJF,2021-12-06T17:00Z,SMAP_L2B_SSS_36586_20211207T033222_R18240_V5.0,2021-12-07T04:03:12Z,11.053,2,pm,31.557702,35.539643,-3.981941,0.879911,0.99932,35.144001,-4.196516,-4.319121,0.240729,,11.769691,0.0
MOSEAN/WHOTS,DJF,2021-12-30T21:00Z,SMAP_L2B_SSS_36937_20211231T033201_R18240_V5.0,2021-12-31T04:02:56Z,7.049,2,pm,35.481067,35.011013,0.470055,0.998711,0.999991,35.035,-0.044853,-0.081922,0.319758,,0.127784,0.0
MOSEAN/WHOTS,MAM,2022-03-22T09:00Z,SMAP_L2B_SSS_38129_20220322T153757_R18290_V5.0,2022-03-22T16:45:36Z,7.76,2,am,34.818892,34.980458,-0.161567,0.997788,0.999998,35.098999,-0.07754,-0.061615,0.366487,0.81953,1.071883,0.0
MOSEAN/WHOTS,DJF,2023-01-21T23:00Z,SMAP_L2B_SSS_42597_20230122T033235_R18290_V5.0,2023-01-22T04:03:28Z,5.058,2,pm,34.311295,35.082282,-0.770987,0.993917,0.994724,35.077,-0.028293,-0.225257,0.234036,0.521294,0.528195,0.0
MOSEAN/WHOTS,DJF,2023-01-25T04:00Z,SMAP_L2B_SSS_42641_20230125T034452_R18290_V5.0,2023-01-25T04:15:44Z,0.262,2,pm,34.104712,34.606709,-0.501997,0.995328,0.996953,35.112,-0.057032,-0.000943,0.228046,0.179599,0.461661,0.0
MOSEAN/WHOTS,DJF,2023-02-03T14:00Z,SMAP_L2B_SSS_42780_20230203T155049_R18290_V5.0,2023-02-03T16:58:08Z,2.969,2,am,34.550189,34.905686,-0.355497,0.997984,0.998909,35.093002,-0.032468,-0.04343,0.287469,0.422294,0.812381,0.0
Papa,JJA,2015-08-09T16:00Z,SMAP_L2B_SSS_02780_20150809T150416_R17000_V5.0,2015-08-09T16:04:20Z,0.072,3,am,32.206585,32.36892,-0.162335,0.997986,0.999961,32.431,-0.064038,-0.039906,0.357624,2.966637,1.728105,0.0
Papa,SON,2015-10-14T18:00Z,SMAP_L2B_SSS_03752_20151015T021031_R17000_V5.0,2015-10-15T02:49:04Z,8.818,4,pm,32.463906,32.633936,-0.17003,0.991331,0.999742,32.524002,-0.273574,-0.320549,0.480089,2.188354,2.17226,0.0
Papa,SON,2015-10-30T20:00Z,SMAP_L2B_SSS_03986_20151031T021034_R17000_V5.0,2015-10-31T02:49:08Z,6.819,1,pm,33.161566,32.345611,0.815955,0.986803,0.999999,32.483002,-0.428639,-0.49415,0.681786,,0.01326,0.0
Papa,SON,2016-09-21T14:00Z,SMAP_L2B_SSS_08762_20160921T154231_R17000_V5.0,2016-09-21T16:42:12Z,2.703,4,am,33.839649,32.603152,1.236497,0.997298,0.999972,32.516998,-0.086969,-0.072069,0.644115,5.01634,1.65488,0.0
Papa,DJF,2016-12-07T10:00Z,SMAP_L2B_SSS_09888_20161207T152917_R17000_V5.0,2016-12-07T16:29:08Z,6.486,4,am,34.30182,32.385896,1.915924,1.0,1.0,32.68,0.0,0.0,0.523519,0.000173,0.0,0.0
Papa,MAM,2017-04-24T18:00Z,SMAP_L2B_SSS_11913_20170425T023348_R17000_V5.0,2017-04-25T03:12:08Z,9.202,4,pm,31.635321,33.454991,-1.81967,0.99496,0.999749,32.59,-0.156058,-0.198895,0.476699,0.833124,0.349358,0.0
Papa,MAM,2017-05-01T22:00Z,SMAP_L2B_SSS_12015_20170502T015645_R17000_V5.0,2017-05-02T02:35:28Z,4.591,3,pm,31.820994,32.641323,-0.820329,0.999941,0.999538,32.571999,0.013117,0.012243,0.705652,0.92105,0.000366,0.0
Papa,JJA,2017-06-28T03:00Z,SMAP_L2B_SSS_12849_20170628T023306_R17000_V5.0,2017-06-28T03:11:28Z,0.191,3,pm,31.79793,32.824011,-1.026081,0.997852,1.0,32.493,-0.069797,-0.076131,0.560555,1.084647,0.673084,0.0
Papa,SON,2017-09-04T22:00Z,SMAP_L2B_SSS_13858_20170905T022106_R17000_V5.0,2017-09-05T02:59:36Z,4.993,4,pm,31.435104,32.389347,-0.954242,0.953603,0.999621,32.431,-1.492405,-1.610381,0.339681,2.166688,1.52255,0.0
Papa,SON,2018-09-03T03:00Z,SMAP_L2B_SSS_19167_20180903T023242_R17000_V5.0,2018-09-03T03:11:04Z,0.184,3,pm,32.081118,32.149788,-0.06867,0.993996,0.99957,32.312,-0.180122,-0.173788,0.363711,1.223631,1.889227,0.0
Papa,DJF,2020-12-11T15:00Z,SMAP_L2B_SSS_31320_20201212T015358_R17000_V5.0,2020-12-12T02:32:48Z,11.547,2,pm,32.5257,31.416863,1.108838,0.996452,0.999661,32.500999,-0.104297,-0.10136,0.580286,3.008496,0.832061,0.0
Papa,JJA,2022-06-23T00:00Z,SMAP_L2B_SSS_39481_20220623T021847_R18290_V5.0,2022-06-23T02:57:20Z,2.956,4,pm,31.191509,32.688168,-1.496659,0.992333,0.99987,32.414001,-0.244303,-0.270393,0.503226,0.395818,2.102351,0.0
Papa,MAM,2023-04-28T00:00Z,SMAP_L2B_SSS_44000_20230428T015353_R18290_V5.0,2023-04-28T02:32:32Z,2.542,3,pm,31.966084,32.323696,-0.357612,0.998422,0.996953,32.622002,0.047925,0.015599,0.593502,0.151452,0.457686,0.0
Papa,SON,2023-10-16T21:00Z,SMAP_L2B_SSS_46516_20231017T024235_R18290_V5.0,2023-10-17T03:21:04Z,6.351,4,pm,33.523595,32.400363,1.123232,0.997067,0.999768,32.341,-0.087367,-0.088342,0.39829,0.005684,0.007915,0.0
Papa,SON,2023-10-29T02:00Z,SMAP_L2B_SSS_46691_20231029T015332_R18290_V5.0,2023-10-29T02:32:32Z,0.542,2,pm,33.103202,31.972482,1.13072,0.996447,0.999659,32.472,-0.104285,-0.087841,0.570908,1.246318,3.218184,0.0
Papa,SON,2023-11-25T02:00Z,SMAP_L2B_SSS_47086_20231125T020608_R18290_V5.0,2023-11-25T02:44:48Z,0.747,4,pm,32.536026,32.827172,-0.291147,0.997448,0.998942,32.362999,-0.048361,-0.103612,0.482694,0.870729,1.059605,0.0
Papa,DJF,2024-02-20T20:00Z,SMAP_L2B_SSS_48373_20240221T020613_R19240_V5.0,2024-02-21T02:44:48Z,6.747,4,pm,32.678263,33.173557,-0.495295,0.998273,0.99998,32.504002,-0.055489,-0.077495,0.491082,0.551942,0.086346,0.0
Papa,MAM,2024-03-14T15:00Z,SMAP_L2B_SSS_48703_20240314T153902_R19240_V5.0,2024-03-14T16:38:56Z,1.649,3,am,32.192973,34.637279,-2.444306,0.987424,0.999788,32.465,-0.40139,-0.389324,0.543297,1.266695,4.286272,0.0
Papa,SON,2024-09-21T08:00Z,SMAP_L2B_SSS_51496_20240921T150230_R19240_V5.0,2024-09-21T16:02:40Z,8.044,4,am,32.617917,32.449049,0.168868,0.995417,0.999766,32.327,-0.140601,-0.169458,0.387038,0.003676,0.000438,0.0
Papa,DJF,2025-01-27T23:00Z,SMAP_L2B_SSS_53375_20250128T023057_R19240_V5.0,2025-01-28T03:09:20Z,4.156,4,pm,31.461862,33.287524,-1.825662,0.991561,0.999627,32.510002,-0.26223,-0.241852,0.539025,2.056868,2.715023,0.0
