lat_lo,lat_hi,W_all_PgC,dep_PgC,turb_PgC,skin_PgC,int|whole_0_PgC,int|whole_0.25_PgC,int|whole_0.5_PgC,int|whole_0.75_PgC,int|whole_1_PgC,int|whole_1.25_PgC,int|whole_1.5_PgC,int|whole_1.75_PgC,int|whole_2_PgC,int|whole_2.5_PgC,int|whole_3_PgC,int|hist_0_PgC,int|hist_0.25_PgC,int|hist_0.5_PgC,int|hist_0.75_PgC,int|hist_1_PgC,int|hist_1.25_PgC,int|hist_1.5_PgC,int|hist_1.75_PgC,int|hist_2_PgC,int|hist_2.5_PgC,int|hist_3_PgC,int|s20_1_PgC,int|z5_1_PgC,gi|whole_0_PgC,gi|whole_0.25_PgC,gi|whole_0.5_PgC,gi|whole_0.75_PgC,gi|whole_1_PgC,gi|whole_1.25_PgC,gi|whole_1.5_PgC,gi|whole_1.75_PgC,gi|whole_2_PgC,gi|whole_2.5_PgC,gi|whole_3_PgC,gi|hist_0_PgC,gi|hist_0.25_PgC,gi|hist_0.5_PgC,gi|hist_0.75_PgC,gi|hist_1_PgC,gi|hist_1.25_PgC,gi|hist_1.5_PgC,gi|hist_1.75_PgC,gi|hist_2_PgC,gi|hist_2.5_PgC,gi|hist_3_PgC,gi|s20_1_PgC,gi|z5_1_PgC
-60,-55,0.00583446339,0.002630732,-8.98998319e-07,-0.00181607107,-0.000659109735,-0.00134025978,-0.00202196529,-0.00270422858,-0.00338705197,-0.00407043784,-0.00475438826,-0.0054388972,-0.00612393473,-0.00749548065,-0.00886877702,-0.000846231069,-0.00148281498,-0.00211847751,-0.00275322187,-0.00338705197,-0.00401997236,-0.00465198797,-0.00528310407,-0.00591332615,-0.00717111087,-0.00842538812,-0.00172134086,-0.0026267633,0,-0.000680972985,-0.00136250128,-0.0020445872,-0.00272723307,-0.00341044126,-0.00409421384,-0.00477854478,-0.00546340413,-0.00683459311,-0.00820753185,-0.000187083115,-0.000823498408,-0.00145899292,-0.00209356983,-0.00272723307,-0.00335998717,-0.00399183705,-0.00462278799,-0.00525284545,-0.0065103026,-0.00776425443,-0.00106181267,-0.00196705751
-55,-50,-0.0698274361,0.00379086055,-0.00012283075,-0.00175674309,-0.00132976394,-0.00247965887,-0.00363025736,-0.00478156125,-0.00593357239,-0.00708629267,-0.00823972378,-0.00939386588,-0.0105487161,-0.0128604681,-0.0151747218,-0.00163981916,-0.00271503645,-0.00378906607,-0.00486191041,-0.00593357239,-0.00700405542,-0.00807336323,-0.00914149984,-0.0102084695,-0.0123389254,-0.014464767,-0.00303046304,-0.00472197374,0,-0.00114753123,-0.00229576522,-0.00344470379,-0.00459434881,-0.00574470214,-0.0068957655,-0.00804753904,-0.00920001987,-0.0115070307,-0.0138165406,-0.000309416806,-0.00138242376,-0.00245424642,-0.00352488713,-0.00459434881,-0.00566263483,-0.00672974892,-0.00779569506,-0.00886047747,-0.0109865686,-0.0131080582,-0.00169718789,-0.00338545825
-50,-45,-0.16876403,0.00393697566,-0.000346906564,-0.00152896085,-0.0017892086,-0.00313897569,-0.00448957179,-0.00584099889,-0.00719325894,-0.00854635394,-0.0099002842,-0.0112550459,-0.0126106303,-0.0153242302,-0.018041013,-0.00214951791,-0.00341260074,-0.00467424993,-0.00593446825,-0.00719325894,-0.00845062568,-0.00970657241,-0.0109611033,-0.0122142228,-0.0147162457,-0.0172126785,-0.00360219994,-0.0056456235,0,-0.00134386882,-0.00268856437,-0.00403408863,-0.00538044355,-0.00672763112,-0.00807565167,-0.0094245015,-0.0107741718,-0.013475938,-0.0161808797,-0.000358731689,-0.00161629232,-0.00287242932,-0.00412714534,-0.00538044355,-0.00663232753,-0.00788280115,-0.00913186851,-0.0103795339,-0.0128706767,-0.0153562664,-0.00180519329,-0.00384016695
-45,-40,-0.320590073,0.00382716858,-0.000796008668,-0.00126333619,-0.00209243781,-0.00352048356,-0.00494958003,-0.00637972984,-0.00781093564,-0.00924320006,-0.0106765164,-0.0121108851,-0.0135463085,-0.0164202725,-0.0192983134,-0.00247696548,-0.00381324599,-0.00514766497,-0.0064802266,-0.00781093564,-0.0091397973,-0.0104668171,-0.0117920009,-0.0131153546,-0.0157565969,-0.0183905949,-0.00394354363,-0.00600909536,0,-0.00141539351,-0.00283183294,-0.00424932091,-0.00566786005,-0.00708745299,-0.00850809314,-0.00992978082,-0.0113525185,-0.0142010973,-0.0170537355,-0.000381125327,-0.00170556546,-0.00302816517,-0.00434892849,-0.00566786005,-0.00698496489,-0.00830024841,-0.00961371628,-0.0109253744,-0.0135432856,-0.016154032,-0.0018346125,-0.00388211102
-40,-35,-0.34471758,0.00343218114,-0.00122602751,-0.00101258737,-0.00221751517,-0.00361519989,-0.0050142088,-0.0064145463,-0.00781621679,-0.00921922396,-0.010623568,-0.0120292453,-0.0134362393,-0.0162540309,-0.0190765388,-0.00260020913,-0.00390781665,-0.00521301448,-0.00651581123,-0.00781621679,-0.00911424202,-0.0104098985,-0.0117031982,-0.0129941537,-0.0155690834,-0.0181347915,-0.00397918689,-0.00586483869,0,-0.00138225574,-0.00276582847,-0.00415072255,-0.00553694237,-0.00692449162,-0.00831337058,-0.00970357554,-0.0110950903,-0.0138819041,-0.0166734123,-0.000378471433,-0.00167164655,-0.00296244433,-0.00425087308,-0.00553694237,-0.00682066274,-0.00810204545,-0.0093811023,-0.0106578455,-0.0132044409,-0.0157419337,-0.00174204623,-0.00360673088
-35,-30,-0.201634304,0.00256407313,-0.000946406548,-0.000771356,-0.0015849649,-0.00270343602,-0.00382326821,-0.00494446696,-0.00606703783,-0.00719098611,-0.00831630724,-0.00944296653,-0.010570912,-0.0128304503,-0.0150945159,-0.00190085633,-0.00294616904,-0.00398896126,-0.00502924595,-0.00606703783,-0.00710235282,-0.00813520763,-0.00916561949,-0.0101936059,-0.0122423734,-0.0142816515,-0.00294485808,-0.00430365142,0,-0.00110896632,-0.00221928851,-0.00333097206,-0.00444402251,-0.00555844515,-0.00667423548,-0.00779135885,-0.00890976358,-0.0111502067,-0.0133951604,-0.000313250919,-0.00134967675,-0.00238360518,-0.00341504893,-0.00444402251,-0.00547054161,-0.00649462273,-0.00751628288,-0.0085355394,-0.0105669115,-0.0125888791,-0.00134820455,-0.00269495646
-30,-25,-0.125634331,0.00189413869,-0.000714258714,-0.000770749303,-0.00115216944,-0.00205165349,-0.00295274725,-0.00385546058,-0.00475980351,-0.0056657858,-0.00657337978,-0.00748243451,-0.00839276679,-0.0102166449,-0.0120437979,-0.00141940198,-0.00225919522,-0.00309583636,-0.00392935967,-0.00475980351,-0.00558720853,-0.00641161641,-0.00723306903,-0.00805160795,-0.00968010746,-0.0112974309,-0.00218619093,-0.00312668604,0,-0.000893995365,-0.00178959632,-0.00268681275,-0.00358565464,-0.00448613176,-0.00538821645,-0.00629175778,-0.00719657263,-0.0090094049,-0.0108255011,-0.000265681346,-0.00110034016,-0.00193186527,-0.00276029072,-0.00358565464,-0.00440799747,-0.00522736065,-0.00604378585,-0.00685731443,-0.00847584363,-0.0100832626,-0.00102761148,-0.00196186349
-25,-20,-0.0814662466,0.00155245093,-0.000638845881,-0.00078806016,-0.00102288883,-0.00179770087,-0.0025743089,-0.00335272601,-0.00413296543,-0.00491503991,-0.00569890591,-0.00648440326,-0.00727128326,-0.00884809532,-0.0104269224,-0.0012674924,-0.00198926568,-0.00270740177,-0.00342195005,-0.00413296543,-0.00484050582,-0.00554463052,-0.00624539908,-0.00694287052,-0.008328153,-0.00970092573,-0.00188834092,-0.00258853584,0,-0.000770738104,-0.00154326842,-0.002317604,-0.00309375809,-0.00387174341,-0.0046515165,-0.00543291772,-0.00621569918,-0.00778430989,-0.00935493257,-0.000243388175,-0.000961359873,-0.0016757118,-0.00238649301,-0.00309375809,-0.00379756464,-0.00449797167,-0.00519503843,-0.00588882369,-0.00726677962,-0.00863228529,-0.00086060909,-0.00155690741
-20,-15,-0.0263708274,0.00157640115,-0.00040395695,-0.000816911545,-0.000788500044,-0.00162067492,-0.00245522581,-0.00329217343,-0.00413153873,-0.00497332069,-0.00581734692,-0.00666313727,-0.00751009099,-0.00920559007,-0.0109012182,-0.00106312628,-0.00183794962,-0.00260754919,-0.00337203851,-0.00413153873,-0.00488617277,-0.00563606211,-0.00638132501,-0.00712207553,-0.00859047235,-0.0100420707,-0.0017552172,-0.00241034184,0,-0.000829643855,-0.00166166054,-0.00249607074,-0.00333289541,-0.00417213357,-0.00501361305,-0.00585685416,-0.006701257,-0.00839165244,-0.0100821781,-0.000273837139,-0.00104629995,-0.00181355392,-0.00257571215,-0.00333289541,-0.00408522624,-0.00483282577,-0.00557581194,-0.00631429849,-0.00777820449,-0.00922535973,-0.000963781852,-0.00161682846
-15,-10,0.0631598733,0.00225952183,0.000165503017,-0.000756885951,-0.000236543332,-0.0015106206,-0.0027892908,-0.00407259718,-0.00536058359,-0.00665328355,-0.00795041558,-0.0092509342,-0.0105536483,-0.0131606372,-0.015763214,-0.00069545622,-0.00187715914,-0.00304841681,-0.00420947129,-0.00536058359,-0.0065020216,-0.00763405253,-0.00875693834,-0.00987093303,-0.0120732171,-0.0142427384,-0.00166539677,-0.00237984065,0,-0.00127425628,-0.00255310698,-0.00383659537,-0.00512476529,-0.00641765022,-0.00771496775,-0.00901567005,-0.0103185643,-0.0129258974,-0.015528791,-0.000459073675,-0.00164093494,-0.00281233887,-0.00397352839,-0.00512476529,-0.00626631817,-0.00739845487,-0.00852143795,-0.00963552193,-0.0118379625,-0.0140076135,-0.00142892892,-0.00214284543
-10,-5,0.168885646,0.00257768824,0.00123007651,-0.000652934129,0.000922476983,-0.000642573341,-0.00221477944,-0.00379421853,-0.00538096897,-0.00697497409,-0.00857527644,-0.010179838,-0.0117861444,-0.014994949,-0.0181873093,0.000301122711,-0.00114414697,-0.00257256747,-0.00398465988,-0.00538096897,-0.00676203824,-0.00812839687,-0.00948055325,-0.0108189919,-0.0134565302,-0.0160443967,-0.000819583244,-0.0012954911,0,-0.00156925173,-0.00314566944,-0.00472933043,-0.0063203131,-0.00791856067,-0.0095231132,-0.0111319252,-0.0127424722,-0.0159596996,-0.0191603774,-0.000623096883,-0.00207223741,-0.00350446677,-0.00492030937,-0.0063203131,-0.00770502433,-0.00907497484,-0.0104306754,-0.0117726129,-0.0144170203,-0.0170115965,-0.00174632708,-0.00222313781
-5,0,0.211900524,0.00225219375,0.00211271377,-0.000544487977,0.00189552433,0.000376917606,-0.00115069786,-0.00268743256,-0.0042333987,-0.00578844032,-0.00735050288,-0.00891577402,-0.010480875,-0.0135994745,-0.0166892316,0.00123229501,-0.000165989825,-0.00154247722,-0.00289799613,-0.0042333987,-0.00554952172,-0.00684716816,-0.00812709904,-0.00939003068,-0.0118675408,-0.0142845745,0.000285837068,0.000206980738,0,-0.00152576032,-0.00306054892,-0.00460447643,-0.00615765517,-0.00771992899,-0.00928923944,-0.0108617625,-0.0124341058,-0.0155671142,-0.0186711239,-0.000666319404,-0.00207117993,-0.00345412915,-0.00481600174,-0.00615765517,-0.00747993117,-0.0087836373,-0.0100695388,-0.0113383559,-0.0138273958,-0.0162556591,-0.00161695275,-0.00169608796
0,5,0.141666291,0.00302365532,0.00221724874,-0.00044352869,0.0019012486,-2.53693476e-05,-0.0019621324,-0.00390915152,-0.00586653924,-0.00783430321,-0.00981111761,-0.0117938756,-0.013779312,-0.0177459383,-0.0216911133,0.00107227185,-0.000697251344,-0.0024430772,-0.00416592172,-0.00586653924,-0.007545688,-0.00920411089,-0.010842525,-0.0124616165,-0.0156444103,-0.0187573199,-0.000130152609,-0.000296147458,0,-0.00193416684,-0.00387849569,-0.00583309761,-0.00779808523,-0.00977346613,-0.0117579115,-0.0137483053,-0.0157413719,-0.0197232045,-0.0236834633,-0.000832136497,-0.00260858889,-0.00436124437,-0.0060908236,-0.00779808523,-0.00948379157,-0.0111486892,-0.0127934988,-0.0144189096,-0.0176141253,-0.0207391857,-0.00203960805,-0.00220676778
5,10,0.0471855166,0.00481098785,0.0011937995,-0.000446120664,0.000679171591,-0.00216954346,-0.00503084333,-0.00790485754,-0.0107917174,-0.0136913986,-0.0166025768,-0.0195217898,-0.0224448711,-0.0282885275,-0.0341111696,-0.000410293563,-0.00304918235,-0.00565848367,-0.0082390346,-0.0107917174,-0.0133174194,-0.0158170106,-0.0182913319,-0.0207411891,-0.0255705444,-0.030310765,-0.00247765788,-0.00345857816,0,-0.00285287256,-0.00571834016,-0.00859653239,-0.0114875806,-0.0143914594,-0.0173068375,-0.0202302451,-0.0231575075,-0.0290094662,-0.0348403167,-0.00109112332,-0.00373386882,-0.00634695846,-0.00893123367,-0.0114875806,-0.0140168902,-0.0165200353,-0.0189978599,-0.0214511721,-0.0262873015,-0.031034128,-0.00316121146,-0.00414312161
10,15,-0.0124973339,0.00267141628,0.000297069906,-0.000762430801,-0.000104107751,-0.00156357035,-0.0030276621,-0.0044964229,-0.0059698932,-0.00744808139,-0.00893073552,-0.0104170925,-0.0119059954,-0.0148865296,-0.0178645503,-0.000617999358,-0.00197158288,-0.00331460131,-0.00464728873,-0.0059698932,-0.00728266685,-0.00858585993,-0.00987971734,-0.0111644765,-0.0137076054,-0.0162169647,-0.00189800069,-0.00276914778,0,-0.00146005067,-0.00292473327,-0.00439408775,-0.00586815455,-0.00734694199,-0.00883019752,-0.0103171567,-0.0118066603,-0.0147883815,-0.017767564,-0.000514248887,-0.00186836194,-0.00321189157,-0.0045450728,-0.00586815455,-0.00718138976,-0.00848502944,-0.00977931915,-0.0110644969,-0.0136084244,-0.0161185343,-0.00179433044,-0.00266465748
15,20,-0.0468099412,0.00132358523,4.8321143e-05,-0.000750741587,-0.000250801997,-0.000975028382,-0.00170130574,-0.00242965305,-0.00316008956,-0.0038926199,-0.00462705749,-0.00536298753,-0.00609970577,-0.00757334347,-0.0090441028,-0.000493374786,-0.00116700571,-0.00183592372,-0.00250024411,-0.00316008956,-0.00381558441,-0.00446685138,-0.00511400969,-0.00575717399,-0.00703195376,-0.00829200503,-0.00118589839,-0.00174523831,0,-0.000724104211,-0.00145026039,-0.00217848752,-0.00290880486,-0.00364121696,-0.00437553655,-0.00511134775,-0.00584794462,-0.00732132979,-0.00879182177,-0.000242621797,-0.000916130298,-0.00158491855,-0.00224910236,-0.00290880486,-0.00356415082,-0.00421526333,-0.00486226193,-0.00550526159,-0.00677969837,-0.00803938989,-0.000935059871,-0.0014936067
20,25,-0.0567780581,0.000975444962,-0.00016548698,-0.000604578744,-0.000419113436,-0.000938295567,-0.00145868987,-0.00198030615,-0.00250315435,-0.00302724431,-0.00355256344,-0.0040789581,-0.00460615664,-0.00566150069,-0.00671657791,-0.000586287028,-0.00106938325,-0.00154986223,-0.00202776929,-0.00250315435,-0.00297606967,-0.00344656844,-0.00391470369,-0.00438052763,-0.00530544371,-0.00622170448,-0.00104732824,-0.0015009032,0,-0.000517870468,-0.00103695246,-0.00155725579,-0.00207879038,-0.00260156609,-0.00312557024,-0.0036506487,-0.00417652996,-0.0052292354,-0.00628167029,-0.000166871549,-0.000648727319,-0.00112796803,-0.00160463908,-0.00207879038,-0.00255047424,-0.00301974386,-0.00348665227,-0.00395125169,-0.00487372575,-0.00578755381,-0.000627231116,-0.00107893999
25,30,-0.0765047633,0.00114703071,-0.000490623109,-0.000461381085,-0.000772728075,-0.00132524918,-0.00187869923,-0.0024330836,-0.00298840775,-0.00354467696,-0.0041018788,-0.00465996209,-0.00521883788,-0.00633866193,-0.00746065769,-0.00094170731,-0.00145610608,-0.00196867713,-0.00247943786,-0.00298840775,-0.00349560751,-0.00400105852,-0.00450478244,-0.00500680096,-0.00600580757,-0.0069982466,-0.00142514509,-0.00197596074,0,-0.000548604149,-0.00109813542,-0.00164859919,-0.00220000092,-0.00275234588,-0.00330562147,-0.0038597762,-0.00441472081,-0.00552667412,-0.00664078835,-0.000167936299,-0.000678664079,-0.00118757215,-0.00169467794,-0.00220000092,-0.00270356181,-0.00320538198,-0.0037054831,-0.00420388681,-0.0051956877,-0.00618095272,-0.000648248844,-0.00119411875
30,35,-0.131095008,0.00176755918,-0.000729974763,-0.000412765366,-0.00116657938,-0.00197438729,-0.00278326285,-0.00359321192,-0.00440424043,-0.00521635416,-0.00602953487,-0.00684366502,-0.00765862059,-0.00929059483,-0.0109247481,-0.00139999006,-0.00215419794,-0.00290629383,-0.00365629983,-0.00440424043,-0.00515014137,-0.00589402877,-0.00663592871,-0.00737586684,-0.00884995733,-0.0103164922,-0.00217549593,-0.00312065139,0,-0.000799223656,-0.00159951135,-0.00240086893,-0.00320330233,-0.0040068173,-0.00481139559,-0.0056169195,-0.00642326493,-0.00803800736,-0.00965491414,-0.00023112675,-0.000977291665,-0.00172136082,-0.00246335623,-0.00320330233,-0.00394122475,-0.00467714956,-0.00541110274,-0.00614310988,-0.00760138533,-0.00905216724,-0.00099832375,-0.00193163295
35,40,-0.18134174,0.00231646919,-0.000899764533,-0.000431227686,-0.00148709384,-0.00254579939,-0.00360559642,-0.00466648892,-0.00572848089,-0.0067915758,-0.00785575812,-0.00892101865,-0.00998732334,-0.0121228576,-0.0142619394,-0.00177451184,-0.0027661101,-0.00375562998,-0.00474308277,-0.00572848089,-0.0067118375,-0.00769316616,-0.00867248067,-0.00964979493,-0.0115984783,-0.0135393267,-0.00284878253,-0.00423858517,0,-0.00104620765,-0.0020935012,-0.00314188465,-0.00419136198,-0.00524193665,-0.00629359303,-0.00734632191,-0.0084000894,-0.0105105345,-0.0126245102,-0.000284143553,-0.00126401631,-0.00224183606,-0.00321761387,-0.00419136198,-0.00516309332,-0.00613282127,-0.00710055943,-0.00806632149,-0.00999197219,-0.0119098823,-0.00134575316,-0.00271798591
40,45,-0.139903345,0.00235222197,-0.000651101956,-0.000470214822,-0.00123870368,-0.00215619677,-0.00307447652,-0.00399354544,-0.0049134061,-0.00583406105,-0.00675550415,-0.0076777127,-0.00860066803,-0.0104487576,-0.0122996151,-0.00148431972,-0.00234377802,-0.0032017741,-0.0040583144,-0.0049134061,-0.00576705688,-0.00661927466,-0.00747006752,-0.00831944357,-0.0100139777,-0.0117029416,-0.00244626536,-0.00369358913,0,-0.000908560461,-0.00181790383,-0.00272803262,-0.00363894937,-0.00455065665,-0.00546314831,-0.0063764017,-0.00729039823,-0.00912055979,-0.0109534761,-0.000243264544,-0.0010943473,-0.0019439847,-0.00279218303,-0.00363894937,-0.00448429126,-0.00532821649,-0.00617073301,-0.00701184884,-0.00868991038,-0.0103624647,-0.00119597034,-0.00243100141
45,50,-0.0535020382,0.00187401044,-0.000318529212,-0.000504467842,-0.000804977161,-0.00142232138,-0.00204009898,-0.00265831123,-0.00327695942,-0.00389604434,-0.00451554432,-0.00513544438,-0.00575574878,-0.00699754728,-0.00824086855,-0.000974236649,-0.00155109617,-0.00212716698,-0.00270245324,-0.00327695942,-0.00385069003,-0.00442364954,-0.00499584226,-0.00556727237,-0.00670786082,-0.00784544574,-0.00166913782,-0.0025019168,0,-0.000613513882,-0.0012274596,-0.00184183842,-0.00245665163,-0.00307190004,-0.00368756202,-0.00430362248,-0.00492008567,-0.00615419754,-0.00738982714,-0.000168240422,-0.000741511988,-0.00131400159,-0.00188571333,-0.00245665163,-0.00302682096,-0.00359622572,-0.00416487019,-0.00473275849,-0.00586628248,-0.00699682818,-0.000858090316,-0.00168699186
50,55,-0.00892248812,0.00136416594,-0.000263024409,-0.00046273751,-0.000599093285,-0.00100251122,-0.00140623437,-0.00181026374,-0.00221460036,-0.00261924526,-0.00302419849,-0.00342945798,-0.00383501515,-0.004646975,-0.00545996543,-0.000713747995,-0.00108976382,-0.00146524309,-0.00184018783,-0.00221460036,-0.00258848322,-0.00296183912,-0.00333467088,-0.00370698138,-0.00445005042,-0.00519106991,-0.00120095616,-0.00171013587,0,-0.000401144095,-0.000802592157,-0.0012043452,-0.00160640426,-0.00200877034,-0.00241144351,-0.00281442175,-0.00321769658,-0.00402508907,-0.00483350988,-0.000114041501,-0.00048792694,-0.000861281196,-0.00123410622,-0.00160640426,-0.00197817779,-0.00234942946,-0.00272016203,-0.00309037831,-0.00382927358,-0.00456613851,-0.000597676005,-0.00110560193
55,60,-0.0341701485,0.000955143473,-0.000300493973,-0.000463368803,-0.000500552714,-0.000762677017,-0.00102504976,-0.00128767203,-0.00155054494,-0.00181366596,-0.00207703368,-0.00234064032,-0.00260447008,-0.00313273501,-0.00366170118,-0.000578456052,-0.000822129523,-0.00106536652,-0.00130817048,-0.00155054494,-0.00179249344,-0.00203401947,-0.00227512647,-0.00251581789,-0.0029959674,-0.0034744944,-0.000916315712,-0.00120933789,0,-0.000259767233,-0.000519781335,-0.000780043397,-0.00104055452,-0.00130131222,-0.00156231508,-0.00182355542,-0.00208501747,-0.00260854328,-0.00313276709,-7.71702914e-05,-0.000318657581,-0.00055971514,-0.000800346306,-0.00104055452,-0.00128034322,-0.00151971581,-0.00175867567,-0.00199722614,-0.00247311209,-0.00294739949,-0.000409284391,-0.00070320229
