month,W_all,dep,turb,skin,int|whole_1,dil|whole_1,int|s20_1,dil|s20_1,n_W,n_D
200001,-0.109677251,0.00494295622,-0.000361202352,-0.00149322857,-0.0106477676,-0.00827813914,-0.00416800959,-0.00299457255,8.52275213e+09,2.93715241e+09
200002,-0.0987511214,0.00445153617,0.000312945101,-0.00143166417,-0.00893646117,-0.00772188891,-0.00330260292,-0.00295051825,7.97206613e+09,2.90361279e+09
200003,-0.113436981,0.00468775467,0.000736501901,-0.00151433914,-0.009018244,-0.00790623251,-0.00306493357,-0.00302376741,8.52082963e+09,3.06268722e+09
200004,-0.132173828,0.00490914996,0.000283645452,-0.00148405465,-0.00976929693,-0.00806628995,-0.00352038948,-0.00297526125,8.24763024e+09,2.93314787e+09
200005,-0.150503203,0.00474658083,-4.36493619e-05,-0.00159489636,-0.0100532825,-0.00798549777,-0.00379936485,-0.0029306276,8.52277445e+09,2.90305636e+09
200006,-0.137184553,0.00452307041,-0.000378910434,-0.00158835985,-0.00959069551,-0.00753922194,-0.00393151036,-0.00282853852,8.24798448e+09,2.82026514e+09
200007,-0.100376575,0.00466589796,-0.000148544434,-0.00169177522,-0.00971874576,-0.00780159915,-0.00383753471,-0.0029364185,8.5229173e+09,2.87433525e+09
200008,-0.0806949827,0.00449659949,-0.000145092591,-0.0016979684,-0.00957645195,-0.00771503964,-0.0037916541,-0.00288552386,8.5229173e+09,2.81475532e+09
200009,-0.0921663141,0.00461696659,-0.000168373737,-0.00154683779,-0.00988477548,-0.00792556987,-0.00385837346,-0.00291552383,8.24798448e+09,2.76272197e+09
200010,-0.12634243,0.0049879222,-0.000732330947,-0.00162788787,-0.0108373888,-0.00811986609,-0.00455733793,-0.00299659843,8.5229173e+09,2.79168884e+09
200011,-0.135390759,0.00471182718,-0.000682466744,-0.00146466551,-0.0105669141,-0.0078472118,-0.00433901459,-0.0028205954,8.24798448e+09,2.71303626e+09
200012,-0.165199379,0.0051358145,-0.000422928777,-0.00155696969,-0.0109753423,-0.00875417656,-0.00450089528,-0.00329138176,8.52275213e+09,2.79410696e+09
