lat_lo,basin_code,W_all_PgC,dep_PgC,turb_PgC,skin_PgC,int|whole_1_PgC,int|s20_1_PgC
-60,-100,1.13330379e-05,1.40405918e-06,6.00596983e-08,-3.60762661e-07,-2.25987135e-06,-9.67770623e-07
-60,10,0.00582313035,0.00262932794,-9.59058018e-07,-0.0018157103,-0.0033847921,-0.00172037309
-55,-100,-0.00014723722,8.27310435e-06,-8.57069504e-07,-3.5292028e-06,-1.05059031e-05,-5.97511447e-06
-55,10,-0.0696801989,0.00378258745,-0.000121973681,-0.00175321388,-0.00592306649,-0.00302448793
-50,-100,-0.000345966694,1.13974072e-05,-1.93395099e-06,-3.68927646e-06,-1.6832743e-05,-9.3936771e-06
-50,1,-0.0381691855,0.00106331172,-9.62644933e-05,-0.000374281877,-0.00179757795,-0.000887876285
-50,2,-0.0803087585,0.00132395574,-0.000171194079,-0.000565362005,-0.00251010566,-0.00125069395
-50,3,-0.0499401188,0.00153831079,-7.75140407e-05,-0.000585627688,-0.00286874259,-0.00145423602
-45,-100,-0.00113252513,2.11039635e-05,-7.3134429e-06,-4.92953987e-06,-3.56529096e-05,-2.05085769e-05
-45,1,-0.0794889224,0.00109564077,-0.00023203538,-0.000298873202,-0.00211266662,-0.00106187384
-45,2,-0.103137872,0.00140499215,-0.000280209908,-0.000466872062,-0.00284419331,-0.00137584752
-45,3,-0.136830754,0.0013054317,-0.000276449937,-0.000492661382,-0.0028184228,-0.00148531369
-40,-100,-0.00202659769,2.195857e-05,-1.03307711e-05,-6.51922271e-06,-5.01600865e-05,-2.67198575e-05
-40,1,-0.0820137803,0.000969575439,-0.000346744724,-0.000225130466,-0.00213852106,-0.00108761987
-40,2,-0.114347353,0.00148665536,-0.000494765724,-0.00037461445,-0.00337192312,-0.00163981708
-40,3,-0.14632985,0.000953991773,-0.000374186289,-0.000406323234,-0.00225561252,-0.00122503008
-35,-100,-0.0010122207,1.27293051e-05,-4.42700579e-06,-5.77480942e-06,-3.17584226e-05,-1.51536886e-05
-35,1,-0.0398558363,0.000667011949,-0.000172998884,-0.000178982111,-0.00148509856,-0.000694701159
-35,2,-0.0877217274,0.00141285786,-0.000549228048,-0.000326136246,-0.00331471386,-0.00159633942
-35,3,-0.0730445196,0.000471474015,-0.000219752611,-0.000260462834,-0.00123546699,-0.000638663809
-30,-100,-0.000276236957,1.288219e-05,-2.59704806e-06,-5.47817947e-06,-3.81527987e-05,-1.36100873e-05
-30,1,-0.00664169476,0.000374607728,-4.33014345e-06,-0.000177876684,-0.000810969074,-0.000298333772
-30,2,-0.0636663187,0.00122458385,-0.000547353641,-0.000321817034,-0.00306294124,-0.00144542749
-30,3,-0.0550500805,0.000282064918,-0.000159977882,-0.000265577406,-0.000847740391,-0.000428819576
-25,-100,-0.000366582865,2.2672564e-05,2.98867425e-08,-8.13586415e-06,-5.54562157e-05,-1.82984049e-05
-25,1,0.0115349518,0.000157407175,5.30808878e-05,-0.000184241069,-0.000334910941,-8.29009096e-05
-25,2,-0.0377839876,0.00113059925,-0.000612997291,-0.000329459269,-0.00304616964,-0.00144532878
-25,3,-0.0548506279,0.000241771947,-7.89593644e-05,-0.000266223958,-0.000696428635,-0.000341812828
-20,-100,0.000775043029,3.97043545e-05,1.61036604e-06,-7.42954335e-06,-0.000104748272,-3.20543093e-05
-20,1,0.0158062908,9.06186478e-05,3.41614864e-05,-0.000183286848,-0.000203078619,-5.32566466e-05
-20,2,-0.00436024234,0.00100181209,-0.000452175996,-0.000368676827,-0.00276664503,-0.0012210103
-20,3,-0.0385919189,0.000444266064,1.24471929e-05,-0.000257518327,-0.0010570668,-0.000448895941
-15,-100,0.000713662368,2.87853415e-05,1.95366242e-05,-3.72495574e-06,-6.63688103e-05,-5.68787163e-06
-15,1,0.0145036408,6.58400444e-05,3.32622786e-05,-0.000177036786,-0.000145853044,-3.53818011e-05
-15,2,0.0584577593,0.00127040937,-8.24318531e-06,-0.000380860976,-0.00304778166,-0.000965575948
-15,3,-0.0105151892,0.00089448707,0.000120947299,-0.000195263233,-0.00210058008,-0.000658751151
-10,-100,0.000906213619,8.98612044e-05,3.84769761e-05,-6.03382022e-06,-0.00025187478,-4.19393341e-05
-10,1,0.019071738,0.000100985931,9.11648647e-05,-0.000150770682,-0.000180319173,6.15084811e-07
-10,2,0.143512028,0.00126290657,0.000953764861,-0.000375162614,-0.00236684676,-5.08137877e-05
-10,3,0.00539566721,0.00112393453,0.000146669811,-0.000120967013,-0.00258192826,-0.000727445207
-5,-100,0.00153515543,0.000156285587,6.0099027e-05,-6.07540983e-06,-0.000471537561,-8.49143222e-05
-5,1,0.0210196976,0.000290627932,0.000364089635,-0.000122730371,-0.000375436516,0.000144741975
-5,2,0.175995063,0.000944294029,0.00136090495,-0.000335716872,-0.00148107365,0.000554826892
-5,3,0.0133506083,0.000860986201,0.000327620155,-7.99653248e-05,-0.00190535097,-0.000328817477
0,-100,0.000481544271,0.000102057407,4.46117845e-05,-2.9007601e-06,-0.00031784774,-5.67757892e-05
0,1,0.0136500139,0.000743982051,0.000656987993,-8.18995268e-05,-0.00116152134,0.000148421901
0,2,0.11339697,0.00159239208,0.00121874165,-0.000280686078,-0.00310686435,-4.6077599e-05
0,3,0.0141377631,0.00058522378,0.000296907319,-7.80423251e-05,-0.00128030581,-0.000175721122
5,-100,0.000975629328,7.14216914e-05,2.49192346e-05,-5.61663264e-06,-0.000223363237,-4.69215207e-05
5,1,0.00169352582,0.000766420984,0.000111560812,-9.71696064e-05,-0.00181084966,-0.000435495379
5,2,0.0256097661,0.00351026879,0.000925890968,-0.000235048134,-0.00779820259,-0.00174393687
5,3,0.0189065955,0.000462876381,0.000131428487,-0.00010828629,-0.000959301913,-0.000251304117
10,-100,0.00223165213,5.92733428e-05,1.87829195e-05,-1.1079073e-05,-0.000139232852,-3.55139964e-05
10,1,-0.0108432182,0.000280531414,6.35881647e-05,-0.000205749404,-0.000636296887,-0.000172675866
10,2,-0.0234734714,0.00197499037,0.000179129373,-0.000426336703,-0.00447519948,-0.00143254289
10,3,0.0218172779,0.00010137169,8.34657181e-05,-8.93739143e-05,-0.000143724957,-2.52216722e-06
10,56,-0.00222957432,0.000255249461,-4.7896269e-05,-2.98917058e-05,-0.000575439026,-0.000254745769
15,-100,0.00127777534,4.03640852e-05,2.91243151e-05,-8.79049886e-06,-9.06864906e-05,-1.03423531e-05
15,1,-0.0151173007,0.000133802403,5.17151568e-07,-0.000224047198,-0.000306100696,-0.000129108108
15,2,-0.0486196539,0.000957995695,-1.5902666e-05,-0.000442354476,-0.00236757589,-0.000908863813
15,3,0.0166746443,4.78929301e-05,4.12573332e-05,-5.86106886e-05,-7.8271417e-05,-5.28184896e-06
15,56,-0.00102540621,0.000143530117,-6.67499077e-06,-1.69387249e-05,-0.000317455059,-0.000132302272
20,-100,0.000866402439,2.85965092e-05,2.31744198e-05,-8.76526852e-06,-5.57948837e-05,-5.92366632e-06
20,1,-0.0121219206,0.00016484702,-2.34256987e-05,-0.000204244305,-0.000401817388,-0.000164885293
20,2,-0.0531110467,0.000751949182,-0.000184435422,-0.000360935799,-0.00199123724,-0.000865912905
20,3,0.00735791371,7.33050286e-06,9.52950948e-06,-2.88896728e-05,-8.07084061e-06,1.84770273e-06
20,56,0.000230593148,2.27217473e-05,9.67021182e-06,-1.74369929e-06,-4.62339952e-05,-1.24540822e-05
25,-100,0.00127036998,8.60221577e-06,9.53856147e-06,-6.91869088e-06,-1.16262686e-05,1.92614887e-06
25,1,-0.0157293994,0.000285935385,-3.89165413e-05,-0.000160902185,-0.000649855997,-0.000263249958
25,2,-0.065412628,0.000846518238,-0.000474764643,-0.00028861634,-0.00232540763,-0.00117304243
25,3,3.77661408e-05,1.19714712e-07,3.53741916e-07,-1.00583389e-07,-4.87144785e-08,2.09971349e-07
25,8,0.00332912803,5.85516053e-06,1.3165772e-05,-4.84328611e-06,-1.46913565e-06,9.01117671e-06
30,-100,-0.000930245562,2.4888837e-05,-1.26686889e-05,-4.86682439e-06,-6.52647156e-05,-3.09576534e-05
30,1,-0.0289862721,0.000480020724,-9.1944452e-05,-0.000150966954,-0.00106577111,-0.000479210863
30,2,-0.10117849,0.00126264962,-0.000625361622,-0.000256931587,-0.00327320461,-0.00166532741
30,4,0,0,0,0,0,0
35,-100,-0.00163094669,2.31271892e-05,-1.36760527e-05,-7.26339946e-06,-6.77870634e-05,-3.1977287e-05
35,1,-0.0544653688,0.000673181056,-0.000198911296,-0.00015007386,-0.00158386158,-0.000774966886
35,2,-0.119001008,0.00154713129,-0.000639452904,-0.00025540027,-0.00384343997,-0.00193658101
35,4,0,0,0,0,0,0
35,12,-0.00624441659,7.30296618e-05,-4.77242805e-05,-1.84901575e-05,-0.000233392277,-0.000105257355
40,-100,-0.00113005969,3.95730619e-05,-1.66341234e-05,-9.93007699e-06,-7.5140525e-05,-4.11614245e-05
40,1,-0.0511255056,0.000766566214,-0.000241164849,-0.000146806897,-0.00173466466,-0.000841087926
40,2,-0.0821266604,0.00148990709,-0.000357132141,-0.000291534787,-0.00297187648,-0.00149464689
40,4,0,0,0,0,0,0
40,6,0,0,0,0,0,0
40,12,-0.00552111957,5.61756008e-05,-3.61708425e-05,-2.19430608e-05,-0.00013172444,-6.93691182e-05
45,-100,-0.000922735068,4.22183624e-05,-7.3731662e-06,-9.51191642e-06,-6.10177932e-05,-3.21334287e-05
45,1,-0.0455061306,0.000637697779,-0.000156548699,-0.000148095888,-0.00131056149,-0.000645502527
45,2,-0.00632242524,0.00118311322,-0.000144487678,-0.000341120057,-0.00188007829,-0.000975735669
45,6,0,0,0,0,0,0
45,12,-0.000750747356,1.09810756e-05,-1.01196682e-05,-5.73997974e-06,-2.53018436e-05,-1.57661955e-05
50,-100,-0.000926530926,4.13079279e-05,-1.65483732e-05,-8.88093215e-06,-6.36263058e-05,-4.18890157e-05
50,1,-0.0433578006,0.000552428685,-0.000139602676,-0.000157764171,-0.00105355458,-0.000545243117
50,2,0.0354938972,0.000768923394,-0.000105007929,-0.000295667074,-0.00109371652,-0.000611165932
50,5,0,0,0,0,0,0
50,12,-0.000132053766,1.50593734e-06,-1.86543111e-06,-4.25332617e-07,-3.70296055e-06,-2.65809516e-06
55,-100,-0.000652977882,4.39540997e-05,-1.83976423e-05,-1.55253578e-05,-6.49403214e-05,-4.42215862e-05
55,1,-0.0407635628,0.000516993355,-0.000142441296,-0.00024112123,-0.000916491479,-0.000501825158
55,2,0.00724639217,0.000394196019,-0.000139655034,-0.000206722215,-0.000569113144,-0.000370268967
55,5,0,0,0,0,0,0
