platform,onset,acc24,cluster,disp_km,so_top_z,so_top_obs,so_top_rim,so_top_s0,so_top_npre,so_top_npost,so_1m_z,so_1m_obs,so_1m_rim,so_1m_s0,so_1m_npre,so_1m_npost,tsg5_z,tsg5_obs,tsg5_rim,tsg5_s0,tsg5_npre,tsg5_npost,rain_hours_0_12
TN2018,2018-08-24T07:00:00Z,19.27,TN2018-W34,60.1,,,,,,,,,,,,,5.0,-0.00422,-0.06505,33.9516,6,6,5
TN2018,2018-08-25T02:00:00Z,15.1,TN2018-W34,8.4,,,,,,,,,,,,,5.0,-0.0395,0.01064,33.9122,6,6,2
TN2018,2018-08-25T13:00:00Z,13.87,TN2018-W34,8.4,,,,,,,,,,,,,5.0,0.03379,-0.01792,34.0014,6,6,5
TN2018,2018-09-02T07:00:00Z,67.37,TN2018-W35,22.8,,,,,,,,,,,,,5.0,-0.03906,-0.02358,33.9702,6,6,5
TN2018,2018-09-02T16:00:00Z,77.4,TN2018-W35,26.9,,,,,,,,,,,,,5.0,-0.17289,-0.03996,33.8763,6,6,10
TN2018,2018-09-04T15:00:00Z,28.32,TN2018-W36,18.0,,,,,,,,,,,,,5.0,0.09872,-0.05276,33.5364,6,6,9
TN2018,2018-09-07T16:00:00Z,24.02,TN2018-W36,135.1,,,,,,,,,,,,,5.0,-0.07267,-0.12761,33.9037,6,6,3
TN2018,2018-09-08T04:00:00Z,35.34,TN2018-W36,73.3,,,,,,,,,,,,,5.0,0.13474,0.04286,33.9573,6,6,1
TN2018,2018-09-19T00:00:00Z,23.18,TN2018-W38,5.5,,,,,,,,,,,,,5.0,-0.01449,-0.03377,34.1447,6,6,2
TN2018,2018-09-19T18:00:00Z,26.48,TN2018-W38,135.8,,,,,,,,,,,,,5.0,0.04918,-0.07235,34.3372,6,6,5
TN2018,2018-09-20T04:00:00Z,15.66,TN2018-W38,40.5,,,,,,,,,,,,,5.0,0.00172,0.01743,34.4826,6,6,3
TN2018,2018-09-27T14:00:00Z,29.54,TN2018-W39,8.7,0.36,-0.00171,-0.01373,34.1005,6,6,,,,,,,5.0,-0.00119,0.00461,34.1023,6,6,3
TN2018,2018-09-28T00:00:00Z,29.13,TN2018-W39,10.6,0.36,-0.0325,-1.23572,34.1009,6,6,,,,,,,5.0,-0.00792,-0.12003,34.1031,6,6,3
TN2018,2018-10-01T18:00:00Z,12.22,TN2018-W40,5.6,,,,,,,,,,,,,5.0,0.0086,-0.00776,34.0168,6,6,2
TN2018,2018-10-02T02:00:00Z,11.45,TN2018-W40,4.8,,,,,,,,,,,,,5.0,0.00596,-0.00152,34.0195,6,6,4
TN2018,2018-10-02T11:00:00Z,10.97,TN2018-W40,0.9,,,,,,,,,,,,,5.0,-0.01392,-0.0571,34.0311,6,6,3
SR2019,2019-09-07T23:00:00Z,61.39,SR2019-W36,27.5,0.35,0.03916,-0.25374,34.0566,6,6,1.16,0.04056,-0.23927,34.0565,6,6,3.0,0.04148,-0.17369,34.0542,6,6,1
SR2019,2019-09-08T19:00:00Z,45.75,SR2019-W36,6.5,0.35,-0.05952,-1.52576,34.1298,6,6,1.16,-0.02643,-1.12506,34.13,6,6,3.0,-0.01525,-0.41061,34.1263,6,6,5
SR2019,2019-09-10T16:00:00Z,33.91,SR2019-W37,23.3,0.35,-0.04684,-0.37835,34.1285,6,6,,,,,,,3.0,-0.03051,-0.17676,34.1316,6,6,3
SR2019,2019-09-11T04:00:00Z,23.78,SR2019-W37,25.8,0.35,-0.05905,0.00208,34.0962,6,6,,,,,,,3.0,-0.05817,0.00197,34.0971,6,6,5
SR2019,2019-09-16T13:00:00Z,41.29,SR2019-W38,2.9,0.35,0.0162,-0.13242,34.1246,6,6,1.16,0.01719,-0.12011,34.1246,6,6,3.0,0.0169,-0.06944,34.1208,6,6,8
SR2019,2019-09-19T23:00:00Z,60.34,SR2019-W38,24.5,,,,,,,,,,,,,3.0,-0.04468,-0.24845,33.9765,6,6,7
