platform,onset,acc24,cluster,disp_km,s086_z,s086_obs,s086_rim,s086_s0,s086_npre,s086_npost,s21_z,s21_obs,s21_rim,s21_s0,s21_npre,s21_npost,tsg5_z,tsg5_obs,tsg5_rim,tsg5_s0,tsg5_npre,tsg5_npost,rain_hours_0_12
S1M,2012-09-25T10:00:00Z,90.62,2012-09,0.0,0.865,-0.21672,-0.73756,37.639,6,6,2.1,-0.14037,-0.16363,37.6351,6,6,5.2,-0.11301,-0.00842,37.6399,6,6,3
S1M,2012-10-26T16:00:00Z,30.87,2012-10,0.0,0.865,-0.01987,-0.07938,37.5771,6,6,2.1,-0.01351,-0.05895,37.5705,6,6,5.2,-0.0063,-0.019,37.5738,6,6,4
S1M,2012-11-12T16:00:00Z,32.85,2012-11,0.0,0.865,-0.00603,-0.06978,37.6116,6,6,2.1,-0.00572,-0.06245,37.6061,6,6,5.2,-0.00561,-0.03562,37.6117,6,6,6
S1M,2012-11-18T08:00:00Z,13.23,2012-11,0.0,0.865,-0.00119,-0.02994,37.5817,6,6,2.1,-0.00077,-0.02638,37.5759,6,6,5.2,-0.00097,-0.01439,37.5816,6,6,1
S1M,2012-11-22T01:00:00Z,16.37,2012-11,0.0,0.865,-0.00564,-0.05476,37.5892,6,6,2.1,-0.00443,-0.04651,37.5835,6,6,5.2,-0.00313,-0.02218,37.5894,6,6,2
S1M,2012-12-06T00:00:00Z,22.99,2012-12,0.0,0.865,-0.05214,-0.24041,37.5578,6,6,2.1,-0.04844,-0.20615,37.5413,6,6,5.2,-0.0445,-0.09601,37.547,6,6,5
S1M,2012-12-26T22:00:00Z,23.9,2012-12,0.0,0.865,-0.02075,-0.03149,37.4561,6,6,2.1,-0.02079,-0.02743,37.4413,6,6,5.2,-0.02026,-0.01189,37.4465,6,6,3
S1M,2013-01-13T03:00:00Z,14.19,2013-01,0.0,0.865,-0.01227,-0.05442,37.4559,6,6,2.1,-0.0105,-0.04749,37.4426,6,6,5.2,-0.00963,-0.02768,37.4483,6,6,6
S1M,2013-02-24T02:00:00Z,16.97,2013-02,0.0,0.865,-0.01865,-0.0758,37.4486,6,6,2.1,-0.01633,-0.06813,37.4446,6,6,5.2,-0.01399,-0.03837,37.4518,6,6,5
S1M,2013-03-12T17:00:00Z,28.49,2013-03,0.0,0.865,-0.01075,-0.0818,37.4327,6,6,2.1,-0.00957,-0.07323,37.4386,6,6,5.2,-0.00905,-0.04251,37.4458,6,6,6
S1M,2013-05-06T10:00:00Z,10.61,2013-05,0.0,0.865,-0.00353,-0.02634,37.3861,6,6,2.1,-0.0046,-0.02408,37.4349,6,6,5.2,-0.00365,-0.01521,37.4377,6,6,1
S1M,2013-09-13T09:00:00Z,29.96,2013-09,0.0,0.865,-0.18013,-0.92715,37.6561,6,6,2.1,-0.14684,-0.56843,37.5969,6,6,5.2,-0.07245,-0.1278,37.4721,6,6,3
S1M,2013-09-22T09:00:00Z,12.95,2013-09,0.0,0.865,-0.12167,-0.22944,37.4691,6,6,2.1,-0.03285,-0.12239,37.3873,6,6,5.2,-0.00981,-0.03339,37.2469,6,6,3
