stage	file	product_code	original_sha256	released_sha256	bytes	treatment
p1	p1/p1_summary.json	P1S	e5074419f477896ea864a9e3382aa13034b50ae2a96446cae665b22302909d9d	37c26d083afdc5cba8d5574b8bde0e1460f7e421d3d2fc480a5b68c06ce84040	18161	Chinese strings translated (docs/translation-table.tsv); descriptive fields that the current scripts no longer write removed: 1; text as written by the current scripts, differing from the reference-run output (no numbers changed): gates.D5.on_fail_note, gates.D4_info.note, branch_no05m_info.note; keys as written by the current scripts, differing from the reference-run output (docs/translation-table.tsv): params_fixed
p1	p1/p1_events.csv	P1E	6fae39d25e3461476721469c1b1c26b1dd6ab87580f5aff1d4ea279bddc0259e	e1e5c918fd4cc2ca8069a476149048527145bdbf2e409f725c49367b4a1c47d7	49227	171 categorical cells translated (docs/translation-table.tsv)
p1b	p1b/p1b_summary.json	P1bS	f3499247c12b762f90d2b3c06dd911e698d12612d2d6556a817fb66a4a5d53d2	55e817688dd57d5b82e2bceed19068b1420e7535ccdcce4b635ee0f973a72ae2	112541	Chinese strings translated (docs/translation-table.tsv); removed fields with local paths: p1_events_csv; descriptive fields that the current scripts no longer write removed: 1; text as written by the current scripts, differing from the reference-run output (no numbers changed): design_ref, verdict_note
p1b	p1b/p1b_events_new.csv	P1bE	6d78cea415e8b2ad7d74ee65dd0b919668300db3847775817a014ee7f8f6b11c	6d78cea415e8b2ad7d74ee65dd0b919668300db3847775817a014ee7f8f6b11c	105743	byte-identical
p1b	p1b/p1b_stations.json	P1bST	fd93ee92f2af2ebf29d39c32a672edbc4377b9227c0c3f0fcbb9bf1a3dcee58c	0c7487c698ea99ff82bbe4a232da8c105675fbea2a70ca407d5a714b8caffdac	121175	Chinese strings translated (docs/translation-table.tsv); descriptive fields that the current scripts no longer write removed: 1; text as written by the current scripts, differing from the reference-run output (no numbers changed): o_group.excluded_upfront[1].reason
p2	p2/p2_summary.json	P2S	246bb0d57eb5edc84fa37221bc46696edfe17909e01e51571d4bb2ebbe3fbc31	3a24d3fc739a858def0d3fe0a79621d162fa2c2bf217b375a76e883763abf34e	23795	Chinese strings translated (docs/translation-table.tsv); removed fields with local paths: inputs.p1_events_csv; inputs.p1b_dir; descriptive fields that the current scripts no longer write removed: 2; text as written by the current scripts, differing from the reference-run output (no numbers changed): implementation_choices, sensitivity.status, exploratory_k27.status, exploratory_k27.reference_main_path_R_RIM_0.5m_point.note, descriptive_info.note
p2	p2/p2_events.csv	P2E	f7804c011a0f75f4f8046f13bd09d39acd1655fa812035917efe9b62c7655428	fa2821fcb9bc63775bb567f596d00b3129e0ae13dea8f2dddaa4b5f549c14013	88617	646 categorical cells translated (docs/translation-table.tsv)
p2	p2/p2_d3.json	P2D3	40d933570bdc88a2bb7bca8badac4c42bdd229c9cd374c2b190a02ca62f5fac2	7223c5e0c7712fa41b5cf02fec42d767a9ef47e7b4a5979ce1df44910f002bc6	847	Chinese strings translated (docs/translation-table.tsv)
p2	p2/p2_glodap.json	(P2 dir, unregistered)	9385c632325493b253dc70ba3b5df9dcdb34ab99eaa1166cf63438d220ca5a71	5577e4ce9c647db97e22833fa6e60e30c27f2cdefd5362ab687649119e678bcd	2197	Chinese strings translated (docs/translation-table.tsv)
p2	p2/cmorph_pixels.csv	D-P2PIX	8e58c8c95ab68a7e683108cb67bcf8bad15e08d74899859f6d497ec16069af3e	8e58c8c95ab68a7e683108cb67bcf8bad15e08d74899859f6d497ec16069af3e	14479045	byte-identical
p2-sens	p2-sens/p2_sensitivity.json	P2SENS	c911b96a8f06c893615093190771fad8f5d1daa4016ec9599ad1f7fa8a335c1f	52c0a9c3aa2bf581b58fd2b5816fca1ca5f2049d20de861b4147471117b9d4a2	9190	Chinese strings translated (docs/translation-table.tsv); removed fields with local paths: inputs.p1_events_csv; inputs.p1b_dir; inputs.resume_from; primary_d3_reference.source; descriptive fields that the current scripts no longer write removed: 1; text as written by the current scripts, differing from the reference-run output (no numbers changed): status
p3-global	p3-global/selftest.json	P3T	ab0087afc4981d0e756f67e2639229b4f75deb009f934549ce71061c6a0e1fdf	216254992631df963d2d92d431994f6d8cab8143b4dabf84c65bea4c832d83a4	12815	Chinese strings translated (docs/translation-table.tsv); removed fields with local paths: parts.capsule_synthetic.capsule_run.python; parts.real_block.capsule_run.python; capsule.dir
p3-global	p3-global/p3a_repro.json	P3A	4719c0a0e9794a8893d6c9d79d46c9848ef93313f4aa40f739654d74b7c23bd5	b98aee8e9a909a6b9a438e3e26f84ae5a19f4b6f258c44e828b781a5af65f331	7581	Chinese strings translated (docs/translation-table.tsv); removed fields with local paths: static.basin_file
p3-global	p3-global/p3b_curves.json	P3B	2bdbe143ccaa0ec3d81dda573416aecdb2a85cf5686b00adbba04851cc0fcbda	1249e130740af40f7781d52e126a4223cd8c07670c6e6968c848dbfbeb29053a	40394	Chinese strings translated (docs/translation-table.tsv); text as written by the current scripts, differing from the reference-run output (no numbers changed): definitions.U_pp, checks_non_gate.note
p3-global	p3-global/p3_run.json	P3R	7826022185707cd034f3b9dc161748555bac2e2da29e370dd8b3e995ea99468e	75f9fbb7de245394103f460468f0d6ba34fbc52f6b2b99579b48de48f205f37a	8027	removed fields with local paths: results.[0].info_path; results.[1].info_path; results.[2].info_path; results.[3].info_path; results.[4].info_path; results.[5].info_path; results.[6].info_path; results.[7].info_path; results.[8].info_path; results.[9].info_path; results.[10].info_path; results.[11].info_path
p3-global	p3-global/p3_bands.csv	P3BAND	56b37976cfc0675df56cb2e450699b669f6953f09fbc48b2b86b376b0df33033	56b37976cfc0675df56cb2e450699b669f6953f09fbc48b2b86b376b0df33033	19145	byte-identical
p3-global	p3-global/p3_regions.csv	P3REG	9ccf4c798533b3eb43aa3a91aebc9551385e949ab14f1f71ae51f243ab2c90bf	9ccf4c798533b3eb43aa3a91aebc9551385e949ab14f1f71ae51f243ab2c90bf	9358	byte-identical
p3-global	p3-global/p3_monthly.csv	P3MON	729ab3902d225151a4330eaf95e724ccdc1d745856d1a91bf645f95042279cbf	729ab3902d225151a4330eaf95e724ccdc1d745856d1a91bf645f95042279cbf	1919	byte-identical
p3c	p3c/p3c_decision.json	P3C	8a88e2226cb491713329ed03baea17d21a3760debe927a24450d378acc80f57d	81958938bfd8470fe28fe02b58730a626ba1336623a355d55950ec497df97822	5190	Chinese strings translated (docs/translation-table.tsv); descriptive fields that the current scripts no longer write removed: 1
p4-explore	p4-explore/p4_explore.json	PX	4fb8bf94087157d15785eab80200ad82ec774aac5683ebfbcd0e113519472c6b	63d715e403f9029131d4743e84d6d800f3cfa15428802c2ee44050458d6acb05	9580	Chinese strings translated (docs/translation-table.tsv); removed fields with local paths: inputs_dir; text as written by the current scripts, differing from the reference-run output (no numbers changed): status; keys as written by the current scripts, differing from the reference-run output (docs/translation-table.tsv): GR_band_abs_s_minus_1_P30
p4-mech	p4-mech/p4_mech_summary.json	P4S	e3e2bf7b70fadcf2b797c7e0d5c2ae9a8ff7376890aa228a5e2f076d2f710300	8a14027dd82f1ee5c795530c0a10ca6de3cfe53f092823838d0a94af136989bd	19525	Chinese strings translated (docs/translation-table.tsv); descriptive fields that the current scripts no longer write removed: 2; text as written by the current scripts, differing from the reference-run output (no numbers changed): verdict.rule
p4-mech	p4-mech/p4_mech_events.csv	P4E	c5feedaa508f490f70ef9ec11999966084c20f14efc9a049a09991238fce6dd7	8822bb26be4e29b10164c19c478aae59e9ef1175da967e3893940533afa6ba26	216915	646 categorical cells translated (docs/translation-table.tsv)
p4b	p4b/p4b_summary.json	P4BS	3a66947bc2b2461ee01c232bc1d8214d2460e86034b75a3866804990e736128f	5ddeabcfde68419a62d2bbf304d94370fc216b4c8204c19b8905d8f0c8dff7d3	33405	Chinese strings translated (docs/translation-table.tsv); descriptive fields that the current scripts no longer write removed: 1; text as written by the current scripts, differing from the reference-run output (no numbers changed): E1.ii.p2_sens_reference.src, total.label; keys as written by the current scripts, differing from the reference-run output (docs/translation-table.tsv): first_round_verdict_unchanged
p4b	p4b/p4b_events.csv	P4BE	b02aa1e6fa3e24aa20583c778fd4547822a5bd6e9951e34756c3d33b1c662f92	8bdde7d14e52acf5156b4854b69e67f9648c8f65aa737b05fce425c80946885a	149527	646 categorical cells translated (docs/translation-table.tsv)
p4b	p4b/p4b_e1_null.csv	(P4b dir, unregistered)	4edff4d60d4f05030063747603485a6a91948e7659b5550bc5e49e0128aca47c	4edff4d60d4f05030063747603485a6a91948e7659b5550bc5e49e0128aca47c	547281	byte-identical
p4c	p4c/p4c.json	P4C	f3d5e708f0dfa1d225776b74f236e78776f1945e8df887ae3b66e862eb91ebeb	f3d5e708f0dfa1d225776b74f236e78776f1945e8df887ae3b66e862eb91ebeb	18976	byte-identical
p4d	p4d/p4d.json	P4D	afafb228dad5a877453357430128dfb605c1bcf40a195bf8d6b3db3a5a9f3373	afafb228dad5a877453357430128dfb605c1bcf40a195bf8d6b3db3a5a9f3373	6790	byte-identical
p4e	p4e/p4e_summary.json	P4ES	0a04f55a383b828dfbfb0c9933d7d63352f13000e3de5d18bca529e5001ba489	776ab0dfe3b025ff37a96786868c451edc852f534d1ec5570dac7e4df62520d6	156369	Chinese strings translated (docs/translation-table.tsv); descriptive fields that the current scripts no longer write removed: 1; keys as written by the current scripts, differing from the reference-run output (docs/translation-table.tsv): smooth_judgment
p4e	p4e/p4e_events.csv	P4EE	9e4fefd618d9f62e040084c21c2fa54417b008b725d429973bf97537c631d08a	ea59a4035c8fdfda452e3b23cf8b5e2d8d3659bf1d999baa6996d7c4ccc71c82	50228	387 categorical cells translated (docs/translation-table.tsv)
p4f	p4f/p4f.json	P4F	78ef0912e66b79a994291cec119d65cdb9c58266ab36709ea6d7cc2a901f0318	84bd4ad260adc8fea0a37ed4a4572969dccbab9088b519b46227d5f317b1796b	5385	Chinese strings translated (docs/translation-table.tsv)
p5-beta	p5-beta/p5_beta_summary.json	P5BS	7e61b80f0bdc632dedd3fbd097693abe4481fe4b441ff16409276d019205cd44	a304ddd8d7262693349cd8d509e72f337b724aa092030b84545d39765b76af54	36325	Chinese strings translated (docs/translation-table.tsv); removed fields with local paths: inputs.p2_dir; inputs.p4_events; descriptive fields that the current scripts no longer write removed: 2; keys as written by the current scripts, differing from the reference-run output (docs/translation-table.tsv): s6_8p2
p5-beta	p5-beta/p5_beta_events.csv	P5BS (events)	0c426207deef307981bda21794888fc1d063135bc5a42657b0eb57f85d9edbe3	7a3406392a207e4a88c32c41c24e0f09a33c945922b9b45b7929736d42a6d58b	253221	646 categorical cells translated (docs/translation-table.tsv)
p5-sss	p5-sss/p5_summary.json	P5SS	e5f66e65fb13d812683eee58c0f9182906f51f1cd3356247bd284bd00385ab4f	5b87c3820209e9bf82796c18c2a6a6cc9f52bc2e9420b9480c65190080d666ae	7081	Chinese strings translated (docs/translation-table.tsv); descriptive fields that the current scripts no longer write removed: 1; text as written by the current scripts, differing from the reference-run output (no numbers changed): nature
p5-sss	p5-sss/p5_power.json	P5SP	af131da8868c1d53a1a4d0dfeabc9fb3f71ec8140e3fe769e2752f65ef91970b	94d37850bafa2ab286664970571b61f2ad8703cefcf4b0ee5e4a464cc9be4d99	817	Chinese strings translated (docs/translation-table.tsv); text as written by the current scripts, differing from the reference-run output (no numbers changed): note
p5-sss	p5-sss/p5_events.csv	P5SE	7a6d70758d575d180d9f0100579a9b7f6bc014350c9080ca9b5ab84ffd6985fa	7a6d70758d575d180d9f0100579a9b7f6bc014350c9080ca9b5ab84ffd6985fa	23310	byte-identical
p6	p6/p6_summary.json	P6S	d8fb7e896305eb62dbb9259113b63f19956995bfdb8275428a58950a867154e3	b61649fc0a9a197b14c8e867ca1cc0fdb78476d43bb3c6666fe614e188b544b5	11786	Chinese strings translated (docs/translation-table.tsv); descriptive fields that the current scripts no longer write removed: 1
p6	p6/p6_power.json	P6S (power)	151db0959ef3ace1abd24af51b160ea6d6bed286cc0afa1a36ddf49f9d7178a7	2fff61d624ed483255be28e6f9afe1e99c0231ad06a2202489caef77c7b43d1d	1000	Chinese strings translated (docs/translation-table.tsv); text as written by the current scripts, differing from the reference-run output (no numbers changed): note
p6	p6/p6_events.csv	P6S (events)	2de4313df8a450dba57df476f3db6565a85b6fd44fc189d97c5a6492fe3e0646	2de4313df8a450dba57df476f3db6565a85b6fd44fc189d97c5a6492fe3e0646	8348	byte-identical
p7a	p7a/p7a_summary.json	P7AS	8e030de8599390dd65600657c67ac4190346264e62d5f28bd55dbc2698453801	67f3ce93e8b691e663e18929d7e475bf8d628ef65f241cf2dc872f11958ec7a6	10512	Chinese strings translated (docs/translation-table.tsv); descriptive fields that the current scripts no longer write removed: 1; text as written by the current scripts, differing from the reference-run output (no numbers changed): nature
p7a	p7a/p7a_power.json	P7AS (power)	336c7ca829e2037f9107482adfc5f64008c8281d19db1549b1dff9b94c04bd98	8fa61c99e04d9e2ccdd15e30723c189c6ab47f260c20a008c5f6f7fd18ad4c13	1218	Chinese strings translated (docs/translation-table.tsv); text as written by the current scripts, differing from the reference-run output (no numbers changed): note
p7a	p7a/p7a_events_jpl.csv	P7AS (events)	1b529937eb13dbd02e79d7b66e22ed08810471a6f2087e30c3c559903c05f6a8	1b529937eb13dbd02e79d7b66e22ed08810471a6f2087e30c3c559903c05f6a8	20552	byte-identical
p7a	p7a/p7a_pairs.csv	P7AS (pairs)	afa81fda44aebf95a2e48127c061fedda24df261d47295b1968d33d884a9b553	afa81fda44aebf95a2e48127c061fedda24df261d47295b1968d33d884a9b553	10350	byte-identical
p7c	p7c/p7c_summary.json	P7CS	69aeb465e31c848a58efa99342f8d7b4a9f9ea34df532a366911989f0acd9dbb	1c95e3b41bfd6872039837577ae73f09062ee6d6829ca32d5a7ea9943ead3d21	58042	Chinese strings translated (docs/translation-table.tsv); descriptive fields that the current scripts no longer write removed: 1
p7c	p7c/p7c_events.csv	P7CS (events)	247f05856bdeb73ad8261dba8009929298f5f77ea9fc66cf6901739d1b0ab4db	899b120175acc10e88aa52c8151f35d5db08f1a54903d0b00641d5c0364ee7da	190735	646 categorical cells translated (docs/translation-table.tsv)
p7c	p7c/p7c_formula.json	(P7c --formula, unregistered)	78dce317843cac1165c42d7567b9c237b2a8d3c79b2afe2a2b87ae46f8187848	1cd5cd07ee33f6b0997288e0c62dcf32a4c6c025e1388300bdfa1751c224e1e4	25681	Chinese strings translated (docs/translation-table.tsv)
p7d	p7d/p7d_summary.json	P7DS	e55145fad491250e03a11c83cc660a413930397312b6f3c4241c31eeed7de5fb	ac85fd48e6a280f0aa164decfb28940f84451830d24e6a9b3db82a3d0a807a55	22334	Chinese strings translated (docs/translation-table.tsv); removed fields with local paths: inputs.p5_dir; descriptive fields that the current scripts no longer write removed: 1; text as written by the current scripts, differing from the reference-run output (no numbers changed): selftest[11].name, selftest[13].name, selftest[15].name
p7d	p7d/p7d_bins.csv	P7DS (bins)	cadda84c418ca9d11b7d1497490696f8ef7ab12d3473d5f6f6d60a0300025e0e	3f9af296dc89c1f4d5392ca28a39e33ef87d8a98ebbf294b9c0d663c43e78cfe	3274	28 categorical cells translated (docs/translation-table.tsv)
p7e	p7e/p7e_summary.json	P7ES	e7f517b19074eb0a568684374e044e3694da0ed9aa80d102392fac719ffa8966	fb4d5640c82ef9bbfa74a8ed72c9521c625a16aadbbb0bed306fee479b56f698	12330	Chinese strings translated (docs/translation-table.tsv); descriptive fields that the current scripts no longer write removed: 1
p7e	p7e/p7e_power.json	P7ES (power)	8159a50593e60dd4cccfac56b93223111dc7b2e8c2ff2dfcf0f698f8bd2ac5cc	9ab7ee83dc18378cbbb2b2030909c5bf1e95cd6fe2e4a8a9e9488a80eedee9d3	1366	Chinese strings translated (docs/translation-table.tsv); text as written by the current scripts, differing from the reference-run output (no numbers changed): note
p7e	p7e/p7e_piston_events.csv	P7ES (PISTON events)	114bed81ee5af40311b38af1c71abe768fa14df407c42cb6ba3e6d224ed9190f	114bed81ee5af40311b38af1c71abe768fa14df407c42cb6ba3e6d224ed9190f	2667	byte-identical
p7e	p7e/p7e_spurs1_events.csv	P7ES (SPURS-1 events)	7c2e0a5605ddd79b9eee5b6cf7d50f7b1ee5695feeee694eeb130cf957a016d3	7c2e0a5605ddd79b9eee5b6cf7d50f7b1ee5695feeee694eeb130cf957a016d3	2148	byte-identical
p8a	p8a/p8a_summary.json	P8AS	9e51a78008e1dbe1069ac6456c084c135cb742448193d695c64674abfeefd987	caf1d9d2311a7b6a529c5c4afcc8d91d95ef9b98ecf05913069eb20d94cb34c1	46142	Chinese strings translated (docs/translation-table.tsv); removed fields with local paths: inputs.paths.p5_events.csv; inputs.paths.p5_summary.json; inputs.paths.p7a_events_jpl.csv; inputs.paths.p7a_summary.json; inputs.paths.p7c_events.csv; descriptive fields that the current scripts no longer write removed: 1
p8a	p8a/p8a_bins.csv	P8AB	33675fbe5d43f1e414ca2bd1d1c75cb6882fc889e4531fab8dbae3392b5c7a0e	d33102cf57ec60055d097cd99cff11f99b3d8f21720a3880ea8ec43762c3e6cf	6141	50 categorical cells translated (docs/translation-table.tsv)
p8a	p8a/p8a_events_wind.csv	P8AS (events)	b8952fc6cb26be4724163049e5ee89a45b188a67a84ed62d083d53b0c3a8ccc2	b8952fc6cb26be4724163049e5ee89a45b188a67a84ed62d083d53b0c3a8ccc2	14503	byte-identical
p8b	p8b/p8b_summary.json	P8BS	93815d7f4131d2d3a4ff3e73e6b1d432d47baeb02deb60e612377084227065a8	598a57860cf19cfd54f1d8cc50f3f48f5ea08d386d6c7bbcbdd829bba83518ee	11761	Chinese strings translated (docs/translation-table.tsv); descriptive fields that the current scripts no longer write removed: 1
p8b	p8b/p8b_power.json	P8BS (power)	0f8b38385f04a9447a95be61e82ed72414fca89b5ed4737ed029af40348a6895	d006e9e279c60ca47bd959b0c0f03c81646d26631d23dba72b3e08849a066dd5	1227	Chinese strings translated (docs/translation-table.tsv); text as written by the current scripts, differing from the reference-run output (no numbers changed): note
p8b	p8b/p8b_events.csv	P8BS (events)	ddba60b752b2f74cbd048a2869fa5f19fb773e138e7099b8002b8799d7597417	ddba60b752b2f74cbd048a2869fa5f19fb773e138e7099b8002b8799d7597417	3879	byte-identical
piston-track	piston-track/piston_track_hourly.csv	PISTRK	b2b69788f7d496edd0a63b372d471f1fa48fc689d25d76de3190d7e85df03e5e	b2b69788f7d496edd0a63b372d471f1fa48fc689d25d76de3190d7e85df03e5e	90101	byte-identical
piston-track	piston-track/piston_track_extent.json	PISTRK (extent)	3ca84c545b1b9cccab8ed9f9e725a72839eb873f3a9762c13e9be7ab92342ee6	3ca84c545b1b9cccab8ed9f9e725a72839eb873f3a9762c13e9be7ab92342ee6	975	byte-identical
cal-dw13-meta	cal-dw13-meta/dw13_meta.json	D13M	fd5a036b4f51743b2fb29d67eb252c2ae8f4fd91a6e330967abf2c19b92808ed	326b4dc154d0efcf6b591701aced062ee2bd86211c5978f08dec944005d4dd9b	79983	Chinese strings translated (docs/translation-table.tsv)
cal-dw13-meta	cal-dw13-meta/raw_meta_SHA256SUMS.txt	D13M (index of metadata originals)	f30edc92892f80f2bf76dbc8cdbd967fc4c85025b5bf658b1aeb3f9b5061467d	f30edc92892f80f2bf76dbc8cdbd967fc4c85025b5bf658b1aeb3f9b5061467d	28623	byte-identical
cal-surface-diag	cal-surface-diag/cal_c1_c2.json	C12	91bcd59492a00891a9bcf93df3a4cf772347f5cf687dd2d6c6a8445983d2a556	9a292ad097e997b7fcab56bafcf4850c6fb43b84fe2b01c3c6166db26213f4db	8370	Chinese strings translated (docs/translation-table.tsv); text as written by the current scripts, differing from the reference-run output (no numbers changed): inputs.p8a.path, inputs.p7e.path, inputs.p8b.path
dw33	dw33/dw33_bins.json	C3B	2a5909dfbe55fb639b98aad2de394c67fa84127f75307a1ae42d0e6ce5b00b75	73711282e4b779823a6d6607b72ad90f3f9e9b1ddad3d1c0274e7e8b1ff46010	17990	Chinese strings translated (docs/translation-table.tsv)
dw33	dw33/dw33_run.json	C3B (run record)	f7d59f15ed6515fb46f36fd311519f01f4604a37aefd86768abafdbc44ab1305	f7d59f15ed6515fb46f36fd311519f01f4604a37aefd86768abafdbc44ab1305	6627	byte-identical
dw33-post	dw33-post/dw33_post.json	C3P	98b839f4a2ead80cc0efdfde75b5653131d3e2054f001d1d17fa5ece664649e1	1e24601b388aa161bec7ccf02d150b23d54a05e979960b7dc0915cec223f5265	13441	Chinese strings translated (docs/translation-table.tsv); removed fields with local paths: inputs.bins.path; inputs.p4e.path; inputs.p4s.path; inputs.p3b.path; inputs.p3c.path
dw13a	dw13a/dw13a_compare.json	D13A	b688114725467a85519cd62017c113edfb349327b596afda818540ec0ca8d8ba	2fe2da04c2ae42bc612af810ba5ebc2ba51e7f2504cd88c5fe3fe376b927768d	24977	Chinese strings translated (docs/translation-table.tsv); removed fields with local paths: orig; measured; nominal; text as written by the current scripts, differing from the reference-run output (no numbers changed): status
dw13a	dw13a/dw13a_gate.json	D13A (gate)	0444a7b6f96d92b12d4d267f2abc6081dd17d1ffe092a8c0131e0d923febab27	ddebbf4455ba3f4685d65e01d1d4ba4244b9f1f7219fc23332751393c499a542	1883	Chinese strings translated (docs/translation-table.tsv); removed fields with local paths: orig; nominal; text as written by the current scripts, differing from the reference-run output (no numbers changed): rule
dw13a	dw13a/measured/p2_summary.json	D13A (measured)	e9e229c4a2973c8a5acb2cc858584d9f2a7041174b3d9288dcae104e29ac92d3	87c8c1efff7a881b71c071deb79d4e76df1e50590544159cf251cb1ac7372a54	22418	Chinese strings translated (docs/translation-table.tsv); removed fields with local paths: inputs.p1_events_csv; inputs.p1b_dir; inputs.resume_from; descriptive fields that the current scripts no longer write removed: 2; text as written by the current scripts, differing from the reference-run output (no numbers changed): implementation_choices, sensitivity.status, exploratory_k27.status, exploratory_k27.reference_main_path_R_RIM_0.5m_point.note, descriptive_info.note
dw13a	dw13a/measured/p2_d3.json	D13A (measured)	4f63cf220f01bd45143bd3ab604bd4c8646c25b2b5a999f703339e58125071ec	abafb2636f86d1ba211b7fdd8f3be6cfdf85bf3606006431dd088a2fcce628c6	846	Chinese strings translated (docs/translation-table.tsv)
dw13a	dw13a/measured/p2_events.csv	D13A (measured)	7d56cb7a1ce0425d535324d01928ff2bc343e2b6500717799a16e06c0b55d10e	63e72095af3c3dddd63ded68e0a4772145345861f3b0c12efedae4be1be71995	88594	646 categorical cells translated (docs/translation-table.tsv)
dw13a	dw13a/measured/dw13a_heights.json	D13A (measured)	4d38be1a1f13dce22218cf05b157590cf7e4177ef6cc55d97a9f8eb3a1e1626e	4d38be1a1f13dce22218cf05b157590cf7e4177ef6cc55d97a9f8eb3a1e1626e	17630	byte-identical
dw13a	dw13a/measured/dw13a_events_full.csv	D13A (measured)	9364a19baf5c240b04c20a711f29eb2e789399dbda481f9288f57a8e0cb86387	1bc675b33679187265ffbb0f1fd7ed67cd5fb108d92c180b8c400e6b249244d4	108433	646 categorical cells translated (docs/translation-table.tsv)
dw13a	dw13a/nominal/p2_summary.json	D13A (nominal)	26e930179afa7298a1b674986d74a0b76e0ec63e95801635ecebfe2f68ac8d50	baef32cee7cfbec39cb2e7f16a1cea87f3cdd3ba3b28e50533ad8df1fdc8d4e7	22418	Chinese strings translated (docs/translation-table.tsv); removed fields with local paths: inputs.p1_events_csv; inputs.p1b_dir; inputs.resume_from; descriptive fields that the current scripts no longer write removed: 2; text as written by the current scripts, differing from the reference-run output (no numbers changed): implementation_choices, sensitivity.status, exploratory_k27.status, exploratory_k27.reference_main_path_R_RIM_0.5m_point.note, descriptive_info.note
